# {"problem_type":"classification","split_var_ranges":{"Epith.c.size":{"min":1,"max":10},"Cell.size":{"min":1,"max":10},"Cell.shape":{"min":1,"max":10},"Cl.thickness":{"min":1,"max":10},"Bare.nuclei":{"min":1,"max":10},"Bl.cromatin":{"min":1,"max":10},"Marg.adhesion":{"min":1,"max":10},"Normal.nucleoli":{"min":1,"max":10},"Mitoses":{"min":1,"max":10}}}
"left daughter","right daughter","split var","split point","status","prediction","tree_idx","node_idx"
2,3,"Epith.c.size",2.5,1,NA,1,1
4,5,"Cell.size",2.5,1,NA,1,2
6,7,"Cell.shape",2.5,1,NA,1,3
8,9,"Cl.thickness",8.5,1,NA,1,4
10,11,"Bare.nuclei",2.5,1,NA,1,5
12,13,"Bare.nuclei",7.5,1,NA,1,6
14,15,"Bl.cromatin",1.5,1,NA,1,7
16,17,"Bl.cromatin",1.5,1,NA,1,8
0,0,NA,0,-1,"malignant",1,9
0,0,NA,0,-1,"benign",1,10
18,19,"Cl.thickness",4.5,1,NA,1,11
20,21,"Cell.size",3.5,1,NA,1,12
0,0,NA,0,-1,"malignant",1,13
22,23,"Marg.adhesion",2.5,1,NA,1,14
24,25,"Cell.size",4.5,1,NA,1,15
0,0,NA,0,-1,"benign",1,16
26,27,"Bare.nuclei",4,1,NA,1,17
28,29,"Cell.shape",3,1,NA,1,18
0,0,NA,0,-1,"malignant",1,19
0,0,NA,0,-1,"benign",1,20
0,0,NA,0,-1,"malignant",1,21
0,0,NA,0,-1,"benign",1,22
0,0,NA,0,-1,"malignant",1,23
30,31,"Bare.nuclei",2.5,1,NA,1,24
32,33,"Bl.cromatin",4.5,1,NA,1,25
0,0,NA,0,-1,"benign",1,26
0,0,NA,0,-1,"benign",1,27
0,0,NA,0,-1,"benign",1,28
34,35,"Cl.thickness",3,1,NA,1,29
36,37,"Marg.adhesion",3.5,1,NA,1,30
38,39,"Cl.thickness",6.5,1,NA,1,31
40,41,"Cl.thickness",7,1,NA,1,32
0,0,NA,0,-1,"malignant",1,33
0,0,NA,0,-1,"malignant",1,34
0,0,NA,0,-1,"benign",1,35
42,43,"Epith.c.size",4.5,1,NA,1,36
0,0,NA,0,-1,"malignant",1,37
44,45,"Normal.nucleoli",2,1,NA,1,38
0,0,NA,0,-1,"malignant",1,39
46,47,"Cell.size",6.5,1,NA,1,40
0,0,NA,0,-1,"malignant",1,41
0,0,NA,0,-1,"benign",1,42
48,49,"Bl.cromatin",4,1,NA,1,43
0,0,NA,0,-1,"malignant",1,44
50,51,"Cell.shape",4.5,1,NA,1,45
0,0,NA,0,-1,"malignant",1,46
52,53,"Cell.size",9.5,1,NA,1,47
54,55,"Epith.c.size",6.5,1,NA,1,48
0,0,NA,0,-1,"malignant",1,49
56,57,"Normal.nucleoli",8.5,1,NA,1,50
0,0,NA,0,-1,"malignant",1,51
58,59,"Cl.thickness",4,1,NA,1,52
0,0,NA,0,-1,"malignant",1,53
0,0,NA,0,-1,"malignant",1,54
0,0,NA,0,-1,"benign",1,55
0,0,NA,0,-1,"benign",1,56
0,0,NA,0,-1,"malignant",1,57
0,0,NA,0,-1,"malignant",1,58
0,0,NA,0,-1,"benign",1,59
2,3,"Bare.nuclei",2.5,1,NA,2,1
4,5,"Cell.shape",6.5,1,NA,2,2
6,7,"Cell.size",1.5,1,NA,2,3
8,9,"Normal.nucleoli",8.5,1,NA,2,4
0,0,NA,0,-1,"malignant",2,5
10,11,"Bare.nuclei",7.5,1,NA,2,6
12,13,"Bare.nuclei",8.5,1,NA,2,7
14,15,"Cell.size",4.5,1,NA,2,8
0,0,NA,0,-1,"malignant",2,9
0,0,NA,0,-1,"benign",2,10
0,0,NA,0,-1,"malignant",2,11
16,17,"Cl.thickness",6.5,1,NA,2,12
18,19,"Cell.size",3.5,1,NA,2,13
20,21,"Cell.size",3.5,1,NA,2,14
0,0,NA,0,-1,"malignant",2,15
22,23,"Cl.thickness",5.5,1,NA,2,16
0,0,NA,0,-1,"malignant",2,17
24,25,"Mitoses",2.5,1,NA,2,18
0,0,NA,0,-1,"malignant",2,19
0,0,NA,0,-1,"benign",2,20
26,27,"Marg.adhesion",6.5,1,NA,2,21
28,29,"Mitoses",1.5,1,NA,2,22
30,31,"Marg.adhesion",6,1,NA,2,23
0,0,NA,0,-1,"malignant",2,24
32,33,"Cl.thickness",6.5,1,NA,2,25
0,0,NA,0,-1,"benign",2,26
0,0,NA,0,-1,"malignant",2,27
34,35,"Normal.nucleoli",3.5,1,NA,2,28
0,0,NA,0,-1,"malignant",2,29
36,37,"Cell.size",5.5,1,NA,2,30
0,0,NA,0,-1,"malignant",2,31
0,0,NA,0,-1,"benign",2,32
0,0,NA,0,-1,"malignant",2,33
38,39,"Cell.size",3,1,NA,2,34
40,41,"Cell.shape",3.5,1,NA,2,35
0,0,NA,0,-1,"malignant",2,36
0,0,NA,0,-1,"benign",2,37
0,0,NA,0,-1,"benign",2,38
42,43,"Cell.shape",4.5,1,NA,2,39
0,0,NA,0,-1,"malignant",2,40
44,45,"Cell.size",7.5,1,NA,2,41
0,0,NA,0,-1,"benign",2,42
0,0,NA,0,-1,"malignant",2,43
46,47,"Cell.shape",6.5,1,NA,2,44
0,0,NA,0,-1,"malignant",2,45
48,49,"Cell.shape",5.5,1,NA,2,46
0,0,NA,0,-1,"benign",2,47
50,51,"Normal.nucleoli",8.5,1,NA,2,48
0,0,NA,0,-1,"malignant",2,49
52,53,"Marg.adhesion",3.5,1,NA,2,50
0,0,NA,0,-1,"malignant",2,51
0,0,NA,0,-1,"benign",2,52
0,0,NA,0,-1,"malignant",2,53
2,3,"Bl.cromatin",3.5,1,NA,3,1
4,5,"Cell.size",3.5,1,NA,3,2
6,7,"Bare.nuclei",7.5,1,NA,3,3
8,9,"Normal.nucleoli",2.5,1,NA,3,4
10,11,"Normal.nucleoli",7.5,1,NA,3,5
12,13,"Cell.shape",1.5,1,NA,3,6
14,15,"Cl.thickness",6.5,1,NA,3,7
16,17,"Mitoses",6,1,NA,3,8
18,19,"Cell.size",1.5,1,NA,3,9
20,21,"Epith.c.size",5.5,1,NA,3,10
0,0,NA,0,-1,"malignant",3,11
0,0,NA,0,-1,"benign",3,12
22,23,"Marg.adhesion",3.5,1,NA,3,13
24,25,"Cell.size",8.5,1,NA,3,14
0,0,NA,0,-1,"malignant",3,15
26,27,"Marg.adhesion",2.5,1,NA,3,16
28,29,"Cell.size",2,1,NA,3,17
0,0,NA,0,-1,"benign",3,18
30,31,"Marg.adhesion",5,1,NA,3,19
32,33,"Cl.thickness",7,1,NA,3,20
0,0,NA,0,-1,"malignant",3,21
34,35,"Cell.size",4.5,1,NA,3,22
36,37,"Cell.shape",4.5,1,NA,3,23
0,0,NA,0,-1,"malignant",3,24
38,39,"Marg.adhesion",5.5,1,NA,3,25
40,41,"Bare.nuclei",5.5,1,NA,3,26
42,43,"Bl.cromatin",1.5,1,NA,3,27
0,0,NA,0,-1,"benign",3,28
0,0,NA,0,-1,"malignant",3,29
44,45,"Normal.nucleoli",4,1,NA,3,30
46,47,"Bare.nuclei",6.5,1,NA,3,31
48,49,"Cell.size",6.5,1,NA,3,32
0,0,NA,0,-1,"malignant",3,33
50,51,"Cell.shape",2.5,1,NA,3,34
0,0,NA,0,-1,"malignant",3,35
52,53,"Bare.nuclei",6,1,NA,3,36
0,0,NA,0,-1,"malignant",3,37
54,55,"Marg.adhesion",3.5,1,NA,3,38
0,0,NA,0,-1,"malignant",3,39
0,0,NA,0,-1,"benign",3,40
56,57,"Bare.nuclei",8,1,NA,3,41
0,0,NA,0,-1,"benign",3,42
58,59,"Epith.c.size",1.5,1,NA,3,43
60,61,"Mitoses",2,1,NA,3,44
0,0,NA,0,-1,"malignant",3,45
0,0,NA,0,-1,"benign",3,46
0,0,NA,0,-1,"malignant",3,47
62,63,"Bl.cromatin",2.5,1,NA,3,48
0,0,NA,0,-1,"benign",3,49
0,0,NA,0,-1,"malignant",3,50
64,65,"Cl.thickness",6.5,1,NA,3,51
0,0,NA,0,-1,"malignant",3,52
0,0,NA,0,-1,"benign",3,53
0,0,NA,0,-1,"malignant",3,54
0,0,NA,0,-1,"benign",3,55
0,0,NA,0,-1,"malignant",3,56
0,0,NA,0,-1,"benign",3,57
66,67,"Bare.nuclei",3,1,NA,3,58
0,0,NA,0,-1,"benign",3,59
68,69,"Cl.thickness",6,1,NA,3,60
0,0,NA,0,-1,"malignant",3,61
0,0,NA,0,-1,"benign",3,62
0,0,NA,0,-1,"malignant",3,63
70,71,"Cell.shape",3.5,1,NA,3,64
72,73,"Mitoses",1.5,1,NA,3,65
0,0,NA,0,-1,"benign",3,66
0,0,NA,0,-1,"malignant",3,67
0,0,NA,0,-1,"benign",3,68
0,0,NA,0,-1,"malignant",3,69
74,75,"Bare.nuclei",2,1,NA,3,70
0,0,NA,0,-1,"benign",3,71
76,77,"Bare.nuclei",2,1,NA,3,72
0,0,NA,0,-1,"malignant",3,73
0,0,NA,0,-1,"benign",3,74
0,0,NA,0,-1,"malignant",3,75
0,0,NA,0,-1,"benign",3,76
0,0,NA,0,-1,"malignant",3,77
2,3,"Cell.shape",2.5,1,NA,4,1
4,5,"Cl.thickness",8.5,1,NA,4,2
6,7,"Cell.size",2.5,1,NA,4,3
8,9,"Bl.cromatin",7.5,1,NA,4,4
0,0,NA,0,-1,"malignant",4,5
10,11,"Cell.size",1.5,1,NA,4,6
12,13,"Normal.nucleoli",2.5,1,NA,4,7
0,0,NA,0,-1,"benign",4,8
0,0,NA,0,-1,"malignant",4,9
14,15,"Bare.nuclei",3.5,1,NA,4,10
16,17,"Bl.cromatin",2.5,1,NA,4,11
18,19,"Normal.nucleoli",1.5,1,NA,4,12
20,21,"Epith.c.size",4.5,1,NA,4,13
0,0,NA,0,-1,"benign",4,14
0,0,NA,0,-1,"malignant",4,15
0,0,NA,0,-1,"benign",4,16
0,0,NA,0,-1,"malignant",4,17
22,23,"Cell.shape",3.5,1,NA,4,18
24,25,"Cl.thickness",6.5,1,NA,4,19
26,27,"Bare.nuclei",7.5,1,NA,4,20
28,29,"Bl.cromatin",3.5,1,NA,4,21
0,0,NA,0,-1,"benign",4,22
30,31,"Cell.shape",4.5,1,NA,4,23
0,0,NA,0,-1,"benign",4,24
32,33,"Epith.c.size",2.5,1,NA,4,25
34,35,"Normal.nucleoli",6.5,1,NA,4,26
0,0,NA,0,-1,"malignant",4,27
36,37,"Bare.nuclei",1.5,1,NA,4,28
0,0,NA,0,-1,"malignant",4,29
38,39,"Marg.adhesion",2.5,1,NA,4,30
0,0,NA,0,-1,"malignant",4,31
0,0,NA,0,-1,"benign",4,32
0,0,NA,0,-1,"malignant",4,33
0,0,NA,0,-1,"malignant",4,34
40,41,"Cl.thickness",6.5,1,NA,4,35
0,0,NA,0,-1,"benign",4,36
0,0,NA,0,-1,"malignant",4,37
0,0,NA,0,-1,"benign",4,38
0,0,NA,0,-1,"malignant",4,39
42,43,"Marg.adhesion",4,1,NA,4,40
44,45,"Cell.size",5.5,1,NA,4,41
0,0,NA,0,-1,"benign",4,42
0,0,NA,0,-1,"malignant",4,43
0,0,NA,0,-1,"benign",4,44
0,0,NA,0,-1,"malignant",4,45
2,3,"Bl.cromatin",3.5,1,NA,5,1
4,5,"Normal.nucleoli",2.5,1,NA,5,2
6,7,"Marg.adhesion",1.5,1,NA,5,3
8,9,"Cl.thickness",7,1,NA,5,4
10,11,"Cl.thickness",6.5,1,NA,5,5
12,13,"Cell.shape",2.5,1,NA,5,6
14,15,"Cl.thickness",4.5,1,NA,5,7
16,17,"Cl.thickness",4.5,1,NA,5,8
0,0,NA,0,-1,"malignant",5,9
18,19,"Marg.adhesion",7,1,NA,5,10
0,0,NA,0,-1,"malignant",5,11
20,21,"Epith.c.size",2.5,1,NA,5,12
0,0,NA,0,-1,"malignant",5,13
22,23,"Cell.size",4.5,1,NA,5,14
24,25,"Bare.nuclei",7.5,1,NA,5,15
0,0,NA,0,-1,"benign",5,16
26,27,"Bare.nuclei",7,1,NA,5,17
28,29,"Normal.nucleoli",8,1,NA,5,18
0,0,NA,0,-1,"malignant",5,19
30,31,"Bare.nuclei",7.5,1,NA,5,20
0,0,NA,0,-1,"malignant",5,21
32,33,"Bare.nuclei",6.5,1,NA,5,22
0,0,NA,0,-1,"malignant",5,23
34,35,"Cell.shape",4.5,1,NA,5,24
0,0,NA,0,-1,"malignant",5,25
36,37,"Cell.shape",4.5,1,NA,5,26
38,39,"Cell.size",3.5,1,NA,5,27
40,41,"Normal.nucleoli",4.5,1,NA,5,28
0,0,NA,0,-1,"malignant",5,29
0,0,NA,0,-1,"benign",5,30
0,0,NA,0,-1,"malignant",5,31
0,0,NA,0,-1,"benign",5,32
0,0,NA,0,-1,"malignant",5,33
42,43,"Mitoses",1.5,1,NA,5,34
0,0,NA,0,-1,"malignant",5,35
0,0,NA,0,-1,"benign",5,36
44,45,"Cell.size",4.5,1,NA,5,37
0,0,NA,0,-1,"malignant",5,38
0,0,NA,0,-1,"benign",5,39
46,47,"Mitoses",2,1,NA,5,40
0,0,NA,0,-1,"benign",5,41
0,0,NA,0,-1,"benign",5,42
48,49,"Bare.nuclei",6,1,NA,5,43
0,0,NA,0,-1,"benign",5,44
0,0,NA,0,-1,"malignant",5,45
50,51,"Cell.size",2.5,1,NA,5,46
0,0,NA,0,-1,"malignant",5,47
0,0,NA,0,-1,"malignant",5,48
0,0,NA,0,-1,"benign",5,49
0,0,NA,0,-1,"benign",5,50
52,53,"Cell.size",5,1,NA,5,51
54,55,"Cl.thickness",4.5,1,NA,5,52
0,0,NA,0,-1,"benign",5,53
0,0,NA,0,-1,"benign",5,54
0,0,NA,0,-1,"malignant",5,55
2,3,"Bare.nuclei",2.5,1,NA,6,1
4,5,"Cell.size",3.5,1,NA,6,2
6,7,"Cell.size",1.5,1,NA,6,3
8,9,"Cell.shape",3.5,1,NA,6,4
0,0,NA,0,-1,"malignant",6,5
10,11,"Bl.cromatin",1.5,1,NA,6,6
12,13,"Marg.adhesion",6.5,1,NA,6,7
0,0,NA,0,-1,"benign",6,8
14,15,"Mitoses",2.5,1,NA,6,9
0,0,NA,0,-1,"benign",6,10
16,17,"Cl.thickness",2.5,1,NA,6,11
18,19,"Bare.nuclei",8.5,1,NA,6,12
0,0,NA,0,-1,"malignant",6,13
0,0,NA,0,-1,"benign",6,14
0,0,NA,0,-1,"malignant",6,15
0,0,NA,0,-1,"benign",6,16
0,0,NA,0,-1,"malignant",6,17
20,21,"Bl.cromatin",1.5,1,NA,6,18
0,0,NA,0,-1,"malignant",6,19
0,0,NA,0,-1,"benign",6,20
22,23,"Cl.thickness",6.5,1,NA,6,21
24,25,"Normal.nucleoli",2.5,1,NA,6,22
26,27,"Marg.adhesion",4.5,1,NA,6,23
28,29,"Cell.size",6,1,NA,6,24
30,31,"Bare.nuclei",3.5,1,NA,6,25
0,0,NA,0,-1,"malignant",6,26
32,33,"Cell.shape",4.5,1,NA,6,27
0,0,NA,0,-1,"malignant",6,28
0,0,NA,0,-1,"benign",6,29
34,35,"Normal.nucleoli",8,1,NA,6,30
36,37,"Bl.cromatin",3.5,1,NA,6,31
0,0,NA,0,-1,"benign",6,32
0,0,NA,0,-1,"malignant",6,33
38,39,"Marg.adhesion",2,1,NA,6,34
0,0,NA,0,-1,"malignant",6,35
40,41,"Cell.size",5,1,NA,6,36
0,0,NA,0,-1,"malignant",6,37
0,0,NA,0,-1,"malignant",6,38
0,0,NA,0,-1,"benign",6,39
0,0,NA,0,-1,"malignant",6,40
0,0,NA,0,-1,"benign",6,41
2,3,"Cell.size",3.5,1,NA,7,1
4,5,"Normal.nucleoli",2.5,1,NA,7,2
6,7,"Marg.adhesion",1.5,1,NA,7,3
8,9,"Mitoses",1.5,1,NA,7,4
10,11,"Cl.thickness",4.5,1,NA,7,5
12,13,"Cl.thickness",6.5,1,NA,7,6
14,15,"Bl.cromatin",4.5,1,NA,7,7
16,17,"Bl.cromatin",6.5,1,NA,7,8
18,19,"Bare.nuclei",2,1,NA,7,9
20,21,"Normal.nucleoli",4,1,NA,7,10
22,23,"Cell.shape",1.5,1,NA,7,11
24,25,"Normal.nucleoli",8,1,NA,7,12
0,0,NA,0,-1,"malignant",7,13
26,27,"Cl.thickness",8.5,1,NA,7,14
28,29,"Cell.size",4.5,1,NA,7,15
30,31,"Bl.cromatin",1.5,1,NA,7,16
32,33,"Bare.nuclei",6,1,NA,7,17
0,0,NA,0,-1,"benign",7,18
0,0,NA,0,-1,"malignant",7,19
0,0,NA,0,-1,"benign",7,20
34,35,"Cell.shape",3,1,NA,7,21
0,0,NA,0,-1,"benign",7,22
36,37,"Marg.adhesion",3.5,1,NA,7,23
0,0,NA,0,-1,"benign",7,24
0,0,NA,0,-1,"malignant",7,25
38,39,"Cell.size",4.5,1,NA,7,26
0,0,NA,0,-1,"malignant",7,27
40,41,"Normal.nucleoli",7,1,NA,7,28
0,0,NA,0,-1,"malignant",7,29
0,0,NA,0,-1,"benign",7,30
42,43,"Bare.nuclei",4,1,NA,7,31
0,0,NA,0,-1,"benign",7,32
0,0,NA,0,-1,"malignant",7,33
0,0,NA,0,-1,"benign",7,34
0,0,NA,0,-1,"malignant",7,35
44,45,"Cell.shape",2.5,1,NA,7,36
0,0,NA,0,-1,"malignant",7,37
46,47,"Epith.c.size",3.5,1,NA,7,38
0,0,NA,0,-1,"malignant",7,39
0,0,NA,0,-1,"malignant",7,40
48,49,"Normal.nucleoli",9,1,NA,7,41
0,0,NA,0,-1,"benign",7,42
50,51,"Marg.adhesion",2,1,NA,7,43
0,0,NA,0,-1,"benign",7,44
52,53,"Normal.nucleoli",6.5,1,NA,7,45
0,0,NA,0,-1,"benign",7,46
54,55,"Normal.nucleoli",2.5,1,NA,7,47
0,0,NA,0,-1,"benign",7,48
0,0,NA,0,-1,"malignant",7,49
0,0,NA,0,-1,"benign",7,50
0,0,NA,0,-1,"malignant",7,51
0,0,NA,0,-1,"malignant",7,52
56,57,"Normal.nucleoli",8,1,NA,7,53
0,0,NA,0,-1,"benign",7,54
0,0,NA,0,-1,"malignant",7,55
0,0,NA,0,-1,"benign",7,56
0,0,NA,0,-1,"malignant",7,57
2,3,"Cell.size",2.5,1,NA,8,1
4,5,"Bare.nuclei",5.5,1,NA,8,2
6,7,"Marg.adhesion",2.5,1,NA,8,3
8,9,"Normal.nucleoli",3.5,1,NA,8,4
10,11,"Normal.nucleoli",2.5,1,NA,8,5
12,13,"Bare.nuclei",3.5,1,NA,8,6
14,15,"Cell.size",3.5,1,NA,8,7
0,0,NA,0,-1,"benign",8,8
16,17,"Normal.nucleoli",6,1,NA,8,9
18,19,"Cell.shape",1.5,1,NA,8,10
0,0,NA,0,-1,"malignant",8,11
20,21,"Mitoses",2.5,1,NA,8,12
22,23,"Cl.thickness",6.5,1,NA,8,13
24,25,"Normal.nucleoli",6.5,1,NA,8,14
26,27,"Cl.thickness",6.5,1,NA,8,15
0,0,NA,0,-1,"malignant",8,16
0,0,NA,0,-1,"benign",8,17
0,0,NA,0,-1,"benign",8,18
0,0,NA,0,-1,"malignant",8,19
28,29,"Normal.nucleoli",8.5,1,NA,8,20
0,0,NA,0,-1,"malignant",8,21
30,31,"Bare.nuclei",9,1,NA,8,22
0,0,NA,0,-1,"malignant",8,23
32,33,"Cell.shape",3.5,1,NA,8,24
34,35,"Normal.nucleoli",8,1,NA,8,25
36,37,"Bare.nuclei",8.5,1,NA,8,26
0,0,NA,0,-1,"malignant",8,27
0,0,NA,0,-1,"benign",8,28
0,0,NA,0,-1,"malignant",8,29
38,39,"Normal.nucleoli",2.5,1,NA,8,30
0,0,NA,0,-1,"malignant",8,31
40,41,"Normal.nucleoli",4.5,1,NA,8,32
0,0,NA,0,-1,"malignant",8,33
0,0,NA,0,-1,"benign",8,34
0,0,NA,0,-1,"malignant",8,35
42,43,"Bl.cromatin",4.5,1,NA,8,36
0,0,NA,0,-1,"malignant",8,37
0,0,NA,0,-1,"malignant",8,38
0,0,NA,0,-1,"benign",8,39
0,0,NA,0,-1,"malignant",8,40
0,0,NA,0,-1,"benign",8,41
44,45,"Bl.cromatin",3.5,1,NA,8,42
46,47,"Marg.adhesion",4.5,1,NA,8,43
0,0,NA,0,-1,"malignant",8,44
48,49,"Cell.shape",8.5,1,NA,8,45
50,51,"Cell.size",4.5,1,NA,8,46
0,0,NA,0,-1,"malignant",8,47
0,0,NA,0,-1,"benign",8,48
0,0,NA,0,-1,"malignant",8,49
0,0,NA,0,-1,"benign",8,50
0,0,NA,0,-1,"malignant",8,51
2,3,"Cell.shape",2.5,1,NA,9,1
4,5,"Cl.thickness",8,1,NA,9,2
6,7,"Cell.size",2.5,1,NA,9,3
8,9,"Cell.size",6.5,1,NA,9,4
0,0,NA,0,-1,"malignant",9,5
10,11,"Cl.thickness",6.5,1,NA,9,6
12,13,"Cell.shape",5.5,1,NA,9,7
14,15,"Cell.size",2.5,1,NA,9,8
0,0,NA,0,-1,"malignant",9,9
16,17,"Bare.nuclei",5,1,NA,9,10
0,0,NA,0,-1,"malignant",9,11
18,19,"Cl.thickness",5.5,1,NA,9,12
20,21,"Bl.cromatin",1.5,1,NA,9,13
22,23,"Bl.cromatin",1.5,1,NA,9,14
24,25,"Cl.thickness",4.5,1,NA,9,15
0,0,NA,0,-1,"benign",9,16
0,0,NA,0,-1,"malignant",9,17
26,27,"Bare.nuclei",6,1,NA,9,18
28,29,"Cell.shape",3.5,1,NA,9,19
0,0,NA,0,-1,"benign",9,20
0,0,NA,0,-1,"malignant",9,21
0,0,NA,0,-1,"benign",9,22
30,31,"Epith.c.size",1.5,1,NA,9,23
0,0,NA,0,-1,"benign",9,24
32,33,"Bare.nuclei",2.5,1,NA,9,25
34,35,"Bl.cromatin",3.5,1,NA,9,26
36,37,"Cl.thickness",4.5,1,NA,9,27
38,39,"Bare.nuclei",2.5,1,NA,9,28
0,0,NA,0,-1,"malignant",9,29
40,41,"Marg.adhesion",2.5,1,NA,9,30
0,0,NA,0,-1,"benign",9,31
0,0,NA,0,-1,"benign",9,32
0,0,NA,0,-1,"malignant",9,33
42,43,"Bare.nuclei",2,1,NA,9,34
44,45,"Cl.thickness",4.5,1,NA,9,35
0,0,NA,0,-1,"malignant",9,36
46,47,"Epith.c.size",6,1,NA,9,37
0,0,NA,0,-1,"benign",9,38
0,0,NA,0,-1,"malignant",9,39
0,0,NA,0,-1,"benign",9,40
0,0,NA,0,-1,"malignant",9,41
48,49,"Cell.shape",3.5,1,NA,9,42
0,0,NA,0,-1,"malignant",9,43
0,0,NA,0,-1,"benign",9,44
50,51,"Cell.shape",4.5,1,NA,9,45
0,0,NA,0,-1,"malignant",9,46
0,0,NA,0,-1,"benign",9,47
0,0,NA,0,-1,"benign",9,48
52,53,"Marg.adhesion",3.5,1,NA,9,49
0,0,NA,0,-1,"benign",9,50
0,0,NA,0,-1,"malignant",9,51
0,0,NA,0,-1,"benign",9,52
0,0,NA,0,-1,"malignant",9,53
2,3,"Epith.c.size",2.5,1,NA,10,1
4,5,"Cell.size",2.5,1,NA,10,2
6,7,"Cell.size",1.5,1,NA,10,3
8,9,"Normal.nucleoli",4.5,1,NA,10,4
10,11,"Cl.thickness",6,1,NA,10,5
12,13,"Bl.cromatin",4,1,NA,10,6
14,15,"Cl.thickness",6.5,1,NA,10,7
16,17,"Cl.thickness",8.5,1,NA,10,8
18,19,"Cell.shape",2,1,NA,10,9
20,21,"Bl.cromatin",2.5,1,NA,10,10
22,23,"Cl.thickness",8.5,1,NA,10,11
0,0,NA,0,-1,"benign",10,12
24,25,"Epith.c.size",6,1,NA,10,13
26,27,"Bare.nuclei",5.5,1,NA,10,14
28,29,"Cell.shape",1.5,1,NA,10,15
30,31,"Bare.nuclei",4.5,1,NA,10,16
0,0,NA,0,-1,"malignant",10,17
0,0,NA,0,-1,"benign",10,18
0,0,NA,0,-1,"malignant",10,19
0,0,NA,0,-1,"benign",10,20
32,33,"Marg.adhesion",2,1,NA,10,21
34,35,"Cell.shape",4,1,NA,10,22
0,0,NA,0,-1,"malignant",10,23
0,0,NA,0,-1,"malignant",10,24
0,0,NA,0,-1,"benign",10,25
36,37,"Cell.size",5,1,NA,10,26
38,39,"Normal.nucleoli",5.5,1,NA,10,27
0,0,NA,0,-1,"benign",10,28
40,41,"Cell.shape",4.5,1,NA,10,29
0,0,NA,0,-1,"benign",10,30
42,43,"Marg.adhesion",2,1,NA,10,31
0,0,NA,0,-1,"benign",10,32
0,0,NA,0,-1,"malignant",10,33
0,0,NA,0,-1,"benign",10,34
0,0,NA,0,-1,"malignant",10,35
44,45,"Mitoses",2,1,NA,10,36
46,47,"Epith.c.size",3.5,1,NA,10,37
48,49,"Cl.thickness",5.5,1,NA,10,38
0,0,NA,0,-1,"malignant",10,39
50,51,"Marg.adhesion",4.5,1,NA,10,40
0,0,NA,0,-1,"malignant",10,41
0,0,NA,0,-1,"benign",10,42
0,0,NA,0,-1,"malignant",10,43
52,53,"Bare.nuclei",2.5,1,NA,10,44
0,0,NA,0,-1,"malignant",10,45
54,55,"Normal.nucleoli",6.5,1,NA,10,46
0,0,NA,0,-1,"malignant",10,47
56,57,"Marg.adhesion",5.5,1,NA,10,48
58,59,"Marg.adhesion",3.5,1,NA,10,49
0,0,NA,0,-1,"malignant",10,50
60,61,"Bl.cromatin",6,1,NA,10,51
62,63,"Bl.cromatin",7,1,NA,10,52
0,0,NA,0,-1,"benign",10,53
0,0,NA,0,-1,"malignant",10,54
0,0,NA,0,-1,"benign",10,55
64,65,"Marg.adhesion",4.5,1,NA,10,56
0,0,NA,0,-1,"malignant",10,57
0,0,NA,0,-1,"malignant",10,58
0,0,NA,0,-1,"benign",10,59
0,0,NA,0,-1,"malignant",10,60
66,67,"Cell.size",4.5,1,NA,10,61
68,69,"Epith.c.size",4.5,1,NA,10,62
0,0,NA,0,-1,"malignant",10,63
70,71,"Cell.shape",6.5,1,NA,10,64
0,0,NA,0,-1,"benign",10,65
72,73,"Marg.adhesion",7.5,1,NA,10,66
0,0,NA,0,-1,"malignant",10,67
0,0,NA,0,-1,"benign",10,68
74,75,"Cell.shape",4.5,1,NA,10,69
0,0,NA,0,-1,"malignant",10,70
76,77,"Normal.nucleoli",2.5,1,NA,10,71
0,0,NA,0,-1,"benign",10,72
0,0,NA,0,-1,"malignant",10,73
0,0,NA,0,-1,"malignant",10,74
0,0,NA,0,-1,"benign",10,75
0,0,NA,0,-1,"malignant",10,76
0,0,NA,0,-1,"benign",10,77
2,3,"Cell.size",2.5,1,NA,11,1
4,5,"Cl.thickness",7.5,1,NA,11,2
6,7,"Cell.shape",2.5,1,NA,11,3
8,9,"Bl.cromatin",6,1,NA,11,4
10,11,"Bare.nuclei",2,1,NA,11,5
12,13,"Cl.thickness",5.5,1,NA,11,6
14,15,"Marg.adhesion",2.5,1,NA,11,7
0,0,NA,0,-1,"benign",11,8
16,17,"Cell.shape",2.5,1,NA,11,9
18,19,"Cell.shape",2.5,1,NA,11,10
0,0,NA,0,-1,"malignant",11,11
0,0,NA,0,-1,"benign",11,12
0,0,NA,0,-1,"malignant",11,13
20,21,"Bare.nuclei",3.5,1,NA,11,14
22,23,"Marg.adhesion",5.5,1,NA,11,15
0,0,NA,0,-1,"benign",11,16
0,0,NA,0,-1,"malignant",11,17
0,0,NA,0,-1,"benign",11,18
0,0,NA,0,-1,"malignant",11,19
24,25,"Epith.c.size",2.5,1,NA,11,20
26,27,"Bl.cromatin",3.5,1,NA,11,21
28,29,"Normal.nucleoli",8.5,1,NA,11,22
0,0,NA,0,-1,"malignant",11,23
0,0,NA,0,-1,"benign",11,24
30,31,"Cell.size",7,1,NA,11,25
32,33,"Mitoses",1.5,1,NA,11,26
0,0,NA,0,-1,"malignant",11,27
34,35,"Marg.adhesion",4.5,1,NA,11,28
0,0,NA,0,-1,"malignant",11,29
36,37,"Bare.nuclei",1.5,1,NA,11,30
0,0,NA,0,-1,"malignant",11,31
38,39,"Cl.thickness",7,1,NA,11,32
0,0,NA,0,-1,"malignant",11,33
40,41,"Bare.nuclei",3.5,1,NA,11,34
42,43,"Bare.nuclei",6.5,1,NA,11,35
0,0,NA,0,-1,"benign",11,36
0,0,NA,0,-1,"malignant",11,37
0,0,NA,0,-1,"benign",11,38
0,0,NA,0,-1,"malignant",11,39
44,45,"Normal.nucleoli",5,1,NA,11,40
0,0,NA,0,-1,"malignant",11,41
0,0,NA,0,-1,"malignant",11,42
46,47,"Bare.nuclei",9,1,NA,11,43
48,49,"Epith.c.size",4.5,1,NA,11,44
50,51,"Normal.nucleoli",6.5,1,NA,11,45
0,0,NA,0,-1,"benign",11,46
0,0,NA,0,-1,"malignant",11,47
52,53,"Cell.size",3.5,1,NA,11,48
0,0,NA,0,-1,"malignant",11,49
0,0,NA,0,-1,"benign",11,50
0,0,NA,0,-1,"malignant",11,51
0,0,NA,0,-1,"malignant",11,52
0,0,NA,0,-1,"benign",11,53
2,3,"Cell.shape",3.5,1,NA,12,1
4,5,"Normal.nucleoli",3.5,1,NA,12,2
6,7,"Marg.adhesion",1.5,1,NA,12,3
8,9,"Cl.thickness",9,1,NA,12,4
10,11,"Cl.thickness",6.5,1,NA,12,5
12,13,"Cl.thickness",6.5,1,NA,12,6
14,15,"Bare.nuclei",8.5,1,NA,12,7
16,17,"Bare.nuclei",7.5,1,NA,12,8
0,0,NA,0,-1,"malignant",12,9
18,19,"Bare.nuclei",9,1,NA,12,10
0,0,NA,0,-1,"malignant",12,11
20,21,"Mitoses",5.5,1,NA,12,12
0,0,NA,0,-1,"malignant",12,13
22,23,"Cell.size",4.5,1,NA,12,14
24,25,"Cl.thickness",5.5,1,NA,12,15
26,27,"Bare.nuclei",3.5,1,NA,12,16
0,0,NA,0,-1,"malignant",12,17
28,29,"Cl.thickness",4.5,1,NA,12,18
0,0,NA,0,-1,"benign",12,19
30,31,"Epith.c.size",4,1,NA,12,20
0,0,NA,0,-1,"malignant",12,21
32,33,"Cl.thickness",9,1,NA,12,22
34,35,"Normal.nucleoli",2.5,1,NA,12,23
36,37,"Epith.c.size",6.5,1,NA,12,24
0,0,NA,0,-1,"malignant",12,25
38,39,"Mitoses",2.5,1,NA,12,26
40,41,"Bl.cromatin",1.5,1,NA,12,27
42,43,"Bl.cromatin",5.5,1,NA,12,28
0,0,NA,0,-1,"malignant",12,29
0,0,NA,0,-1,"benign",12,30
44,45,"Cell.size",3.5,1,NA,12,31
46,47,"Cl.thickness",7.5,1,NA,12,32
0,0,NA,0,-1,"malignant",12,33
48,49,"Normal.nucleoli",1.5,1,NA,12,34
0,0,NA,0,-1,"malignant",12,35
0,0,NA,0,-1,"malignant",12,36
50,51,"Epith.c.size",7.5,1,NA,12,37
0,0,NA,0,-1,"benign",12,38
52,53,"Bare.nuclei",2,1,NA,12,39
0,0,NA,0,-1,"benign",12,40
54,55,"Bare.nuclei",4.5,1,NA,12,41
0,0,NA,0,-1,"benign",12,42
0,0,NA,0,-1,"malignant",12,43
0,0,NA,0,-1,"malignant",12,44
0,0,NA,0,-1,"benign",12,45
56,57,"Cell.size",2.5,1,NA,12,46
0,0,NA,0,-1,"benign",12,47
0,0,NA,0,-1,"malignant",12,48
0,0,NA,0,-1,"benign",12,49
0,0,NA,0,-1,"benign",12,50
0,0,NA,0,-1,"malignant",12,51
0,0,NA,0,-1,"benign",12,52
0,0,NA,0,-1,"malignant",12,53
0,0,NA,0,-1,"malignant",12,54
58,59,"Bl.cromatin",3.5,1,NA,12,55
0,0,NA,0,-1,"benign",12,56
60,61,"Marg.adhesion",3.5,1,NA,12,57
62,63,"Cell.shape",1.5,1,NA,12,58
0,0,NA,0,-1,"benign",12,59
64,65,"Epith.c.size",6.5,1,NA,12,60
0,0,NA,0,-1,"malignant",12,61
0,0,NA,0,-1,"malignant",12,62
0,0,NA,0,-1,"benign",12,63
0,0,NA,0,-1,"malignant",12,64
0,0,NA,0,-1,"benign",12,65
2,3,"Cell.size",2.5,1,NA,13,1
4,5,"Normal.nucleoli",3.5,1,NA,13,2
6,7,"Bl.cromatin",2.5,1,NA,13,3
8,9,"Bare.nuclei",3.5,1,NA,13,4
10,11,"Bare.nuclei",3,1,NA,13,5
12,13,"Bare.nuclei",7.5,1,NA,13,6
14,15,"Cell.size",3.5,1,NA,13,7
16,17,"Cell.shape",2.5,1,NA,13,8
18,19,"Bl.cromatin",1.5,1,NA,13,9
20,21,"Mitoses",2.5,1,NA,13,10
0,0,NA,0,-1,"malignant",13,11
0,0,NA,0,-1,"benign",13,12
0,0,NA,0,-1,"malignant",13,13
22,23,"Bl.cromatin",3.5,1,NA,13,14
24,25,"Cell.size",4.5,1,NA,13,15
0,0,NA,0,-1,"benign",13,16
26,27,"Epith.c.size",4,1,NA,13,17
0,0,NA,0,-1,"benign",13,18
28,29,"Normal.nucleoli",2,1,NA,13,19
0,0,NA,0,-1,"benign",13,20
0,0,NA,0,-1,"malignant",13,21
30,31,"Epith.c.size",4.5,1,NA,13,22
32,33,"Cl.thickness",2,1,NA,13,23
34,35,"Epith.c.size",6.5,1,NA,13,24
36,37,"Bare.nuclei",8.5,1,NA,13,25
0,0,NA,0,-1,"benign",13,26
0,0,NA,0,-1,"malignant",13,27
38,39,"Cl.thickness",3.5,1,NA,13,28
0,0,NA,0,-1,"malignant",13,29
40,41,"Normal.nucleoli",2,1,NA,13,30
0,0,NA,0,-1,"malignant",13,31
0,0,NA,0,-1,"benign",13,32
42,43,"Bare.nuclei",2.5,1,NA,13,33
44,45,"Mitoses",1.5,1,NA,13,34
46,47,"Normal.nucleoli",8,1,NA,13,35
48,49,"Bl.cromatin",4.5,1,NA,13,36
0,0,NA,0,-1,"malignant",13,37
0,0,NA,0,-1,"benign",13,38
50,51,"Cell.shape",1.5,1,NA,13,39
0,0,NA,0,-1,"benign",13,40
52,53,"Cl.thickness",7,1,NA,13,41
0,0,NA,0,-1,"benign",13,42
54,55,"Bare.nuclei",6.5,1,NA,13,43
0,0,NA,0,-1,"malignant",13,44
56,57,"Epith.c.size",3.5,1,NA,13,45
0,0,NA,0,-1,"benign",13,46
0,0,NA,0,-1,"malignant",13,47
58,59,"Bare.nuclei",6.5,1,NA,13,48
0,0,NA,0,-1,"malignant",13,49
0,0,NA,0,-1,"malignant",13,50
0,0,NA,0,-1,"benign",13,51
0,0,NA,0,-1,"benign",13,52
0,0,NA,0,-1,"malignant",13,53
60,61,"Bare.nuclei",4.5,1,NA,13,54
0,0,NA,0,-1,"malignant",13,55
0,0,NA,0,-1,"malignant",13,56
0,0,NA,0,-1,"benign",13,57
62,63,"Normal.nucleoli",6,1,NA,13,58
64,65,"Cl.thickness",6.5,1,NA,13,59
0,0,NA,0,-1,"malignant",13,60
66,67,"Normal.nucleoli",8.5,1,NA,13,61
0,0,NA,0,-1,"malignant",13,62
68,69,"Epith.c.size",4.5,1,NA,13,63
0,0,NA,0,-1,"benign",13,64
0,0,NA,0,-1,"malignant",13,65
0,0,NA,0,-1,"benign",13,66
0,0,NA,0,-1,"malignant",13,67
0,0,NA,0,-1,"benign",13,68
0,0,NA,0,-1,"malignant",13,69
2,3,"Cell.size",3.5,1,NA,14,1
4,5,"Cell.shape",3.5,1,NA,14,2
6,7,"Marg.adhesion",1.5,1,NA,14,3
8,9,"Epith.c.size",4.5,1,NA,14,4
10,11,"Normal.nucleoli",2.5,1,NA,14,5
12,13,"Normal.nucleoli",7.5,1,NA,14,6
14,15,"Cell.shape",4.5,1,NA,14,7
16,17,"Cl.thickness",9,1,NA,14,8
18,19,"Bl.cromatin",2,1,NA,14,9
20,21,"Cell.size",2.5,1,NA,14,10
0,0,NA,0,-1,"malignant",14,11
22,23,"Cl.thickness",7.5,1,NA,14,12
0,0,NA,0,-1,"malignant",14,13
24,25,"Bl.cromatin",6,1,NA,14,14
26,27,"Cell.size",4.5,1,NA,14,15
28,29,"Normal.nucleoli",3.5,1,NA,14,16
0,0,NA,0,-1,"malignant",14,17
0,0,NA,0,-1,"benign",14,18
30,31,"Cell.size",1.5,1,NA,14,19
0,0,NA,0,-1,"benign",14,20
0,0,NA,0,-1,"malignant",14,21
0,0,NA,0,-1,"benign",14,22
0,0,NA,0,-1,"malignant",14,23
0,0,NA,0,-1,"malignant",14,24
32,33,"Cell.size",4.5,1,NA,14,25
34,35,"Epith.c.size",3.5,1,NA,14,26
0,0,NA,0,-1,"malignant",14,27
36,37,"Epith.c.size",2.5,1,NA,14,28
38,39,"Normal.nucleoli",4.5,1,NA,14,29
0,0,NA,0,-1,"benign",14,30
0,0,NA,0,-1,"malignant",14,31
40,41,"Cell.shape",3.5,1,NA,14,32
0,0,NA,0,-1,"malignant",14,33
42,43,"Marg.adhesion",3.5,1,NA,14,34
0,0,NA,0,-1,"malignant",14,35
44,45,"Bare.nuclei",4.5,1,NA,14,36
46,47,"Cell.size",2.5,1,NA,14,37
0,0,NA,0,-1,"malignant",14,38
48,49,"Cell.size",2.5,1,NA,14,39
0,0,NA,0,-1,"malignant",14,40
0,0,NA,0,-1,"benign",14,41
0,0,NA,0,-1,"benign",14,42
0,0,NA,0,-1,"malignant",14,43
0,0,NA,0,-1,"benign",14,44
50,51,"Marg.adhesion",2,1,NA,14,45
0,0,NA,0,-1,"benign",14,46
52,53,"Bare.nuclei",3,1,NA,14,47
54,55,"Cell.size",1.5,1,NA,14,48
0,0,NA,0,-1,"benign",14,49
0,0,NA,0,-1,"benign",14,50
0,0,NA,0,-1,"malignant",14,51
0,0,NA,0,-1,"benign",14,52
0,0,NA,0,-1,"malignant",14,53
0,0,NA,0,-1,"benign",14,54
0,0,NA,0,-1,"malignant",14,55
2,3,"Bare.nuclei",2.5,1,NA,15,1
4,5,"Cell.size",3.5,1,NA,15,2
6,7,"Cell.size",1.5,1,NA,15,3
8,9,"Cell.size",1.5,1,NA,15,4
10,11,"Epith.c.size",3.5,1,NA,15,5
12,13,"Cl.thickness",6.5,1,NA,15,6
14,15,"Cell.shape",4.5,1,NA,15,7
0,0,NA,0,-1,"benign",15,8
16,17,"Mitoses",3,1,NA,15,9
18,19,"Bare.nuclei",1.5,1,NA,15,10
0,0,NA,0,-1,"malignant",15,11
0,0,NA,0,-1,"benign",15,12
0,0,NA,0,-1,"malignant",15,13
20,21,"Bl.cromatin",3.5,1,NA,15,14
22,23,"Bare.nuclei",3.5,1,NA,15,15
0,0,NA,0,-1,"benign",15,16
0,0,NA,0,-1,"malignant",15,17
0,0,NA,0,-1,"benign",15,18
0,0,NA,0,-1,"malignant",15,19
24,25,"Cl.thickness",7,1,NA,15,20
26,27,"Bare.nuclei",6.5,1,NA,15,21
28,29,"Cell.shape",6,1,NA,15,22
30,31,"Marg.adhesion",1.5,1,NA,15,23
32,33,"Cell.size",3.5,1,NA,15,24
0,0,NA,0,-1,"malignant",15,25
34,35,"Cell.shape",3.5,1,NA,15,26
0,0,NA,0,-1,"malignant",15,27
36,37,"Normal.nucleoli",8,1,NA,15,28
0,0,NA,0,-1,"malignant",15,29
38,39,"Cell.size",7.5,1,NA,15,30
40,41,"Bare.nuclei",8.5,1,NA,15,31
42,43,"Normal.nucleoli",2,1,NA,15,32
0,0,NA,0,-1,"benign",15,33
0,0,NA,0,-1,"malignant",15,34
44,45,"Bl.cromatin",6,1,NA,15,35
0,0,NA,0,-1,"benign",15,36
0,0,NA,0,-1,"malignant",15,37
46,47,"Cell.size",5.5,1,NA,15,38
0,0,NA,0,-1,"malignant",15,39
48,49,"Bl.cromatin",4.5,1,NA,15,40
0,0,NA,0,-1,"malignant",15,41
0,0,NA,0,-1,"benign",15,42
50,51,"Bare.nuclei",8.5,1,NA,15,43
52,53,"Cell.size",5,1,NA,15,44
0,0,NA,0,-1,"benign",15,45
0,0,NA,0,-1,"malignant",15,46
0,0,NA,0,-1,"benign",15,47
54,55,"Normal.nucleoli",2.5,1,NA,15,48
0,0,NA,0,-1,"malignant",15,49
0,0,NA,0,-1,"malignant",15,50
0,0,NA,0,-1,"benign",15,51
0,0,NA,0,-1,"benign",15,52
0,0,NA,0,-1,"malignant",15,53
56,57,"Marg.adhesion",3.5,1,NA,15,54
0,0,NA,0,-1,"malignant",15,55
0,0,NA,0,-1,"malignant",15,56
0,0,NA,0,-1,"benign",15,57
2,3,"Bare.nuclei",3.5,1,NA,16,1
4,5,"Cell.size",3.5,1,NA,16,2
6,7,"Cell.shape",1.5,1,NA,16,3
8,9,"Cell.size",1.5,1,NA,16,4
10,11,"Bl.cromatin",4.5,1,NA,16,5
0,0,NA,0,-1,"benign",16,6
12,13,"Bare.nuclei",4.5,1,NA,16,7
0,0,NA,0,-1,"benign",16,8
14,15,"Epith.c.size",5.5,1,NA,16,9
16,17,"Cell.size",5,1,NA,16,10
0,0,NA,0,-1,"malignant",16,11
18,19,"Bl.cromatin",2,1,NA,16,12
20,21,"Epith.c.size",6.5,1,NA,16,13
22,23,"Bare.nuclei",2.5,1,NA,16,14
0,0,NA,0,-1,"malignant",16,15
24,25,"Cell.shape",4.5,1,NA,16,16
0,0,NA,0,-1,"malignant",16,17
0,0,NA,0,-1,"benign",16,18
26,27,"Cell.shape",7.5,1,NA,16,19
0,0,NA,0,-1,"malignant",16,20
28,29,"Cell.size",4.5,1,NA,16,21
0,0,NA,0,-1,"benign",16,22
30,31,"Cell.shape",2.5,1,NA,16,23
32,33,"Cl.thickness",3.5,1,NA,16,24
0,0,NA,0,-1,"benign",16,25
0,0,NA,0,-1,"malignant",16,26
34,35,"Normal.nucleoli",8.5,1,NA,16,27
36,37,"Epith.c.size",7.5,1,NA,16,28
0,0,NA,0,-1,"malignant",16,29
0,0,NA,0,-1,"benign",16,30
0,0,NA,0,-1,"malignant",16,31
0,0,NA,0,-1,"malignant",16,32
0,0,NA,0,-1,"benign",16,33
0,0,NA,0,-1,"benign",16,34
0,0,NA,0,-1,"malignant",16,35
0,0,NA,0,-1,"benign",16,36
0,0,NA,0,-1,"malignant",16,37
2,3,"Cell.size",3.5,1,NA,17,1
4,5,"Bare.nuclei",2.5,1,NA,17,2
6,7,"Bl.cromatin",4.5,1,NA,17,3
8,9,"Cl.thickness",7.5,1,NA,17,4
10,11,"Bl.cromatin",3.5,1,NA,17,5
12,13,"Cl.thickness",6.5,1,NA,17,6
14,15,"Epith.c.size",4.5,1,NA,17,7
16,17,"Epith.c.size",4.5,1,NA,17,8
18,19,"Bl.cromatin",4,1,NA,17,9
20,21,"Cl.thickness",3.5,1,NA,17,10
22,23,"Cell.shape",3.5,1,NA,17,11
24,25,"Marg.adhesion",5.5,1,NA,17,12
26,27,"Mitoses",1.5,1,NA,17,13
28,29,"Cell.shape",4.5,1,NA,17,14
0,0,NA,0,-1,"malignant",17,15
0,0,NA,0,-1,"benign",17,16
30,31,"Normal.nucleoli",5,1,NA,17,17
0,0,NA,0,-1,"benign",17,18
0,0,NA,0,-1,"malignant",17,19
0,0,NA,0,-1,"benign",17,20
32,33,"Marg.adhesion",4.5,1,NA,17,21
0,0,NA,0,-1,"malignant",17,22
34,35,"Normal.nucleoli",8,1,NA,17,23
36,37,"Cell.size",9.5,1,NA,17,24
0,0,NA,0,-1,"malignant",17,25
38,39,"Cell.size",4.5,1,NA,17,26
0,0,NA,0,-1,"malignant",17,27
40,41,"Bare.nuclei",8,1,NA,17,28
0,0,NA,0,-1,"malignant",17,29
0,0,NA,0,-1,"benign",17,30
0,0,NA,0,-1,"malignant",17,31
42,43,"Cl.thickness",4.5,1,NA,17,32
44,45,"Marg.adhesion",7,1,NA,17,33
0,0,NA,0,-1,"benign",17,34
0,0,NA,0,-1,"malignant",17,35
46,47,"Cell.shape",6.5,1,NA,17,36
0,0,NA,0,-1,"malignant",17,37
48,49,"Bare.nuclei",5,1,NA,17,38
0,0,NA,0,-1,"malignant",17,39
50,51,"Marg.adhesion",3,1,NA,17,40
0,0,NA,0,-1,"malignant",17,41
52,53,"Bl.cromatin",1.5,1,NA,17,42
0,0,NA,0,-1,"malignant",17,43
0,0,NA,0,-1,"benign",17,44
0,0,NA,0,-1,"malignant",17,45
54,55,"Bare.nuclei",6.5,1,NA,17,46
0,0,NA,0,-1,"benign",17,47
0,0,NA,0,-1,"benign",17,48
0,0,NA,0,-1,"malignant",17,49
0,0,NA,0,-1,"malignant",17,50
0,0,NA,0,-1,"benign",17,51
0,0,NA,0,-1,"benign",17,52
0,0,NA,0,-1,"malignant",17,53
0,0,NA,0,-1,"benign",17,54
0,0,NA,0,-1,"malignant",17,55
2,3,"Bare.nuclei",3.5,1,NA,18,1
4,5,"Cell.size",3.5,1,NA,18,2
6,7,"Bl.cromatin",1.5,1,NA,18,3
8,9,"Mitoses",2.5,1,NA,18,4
10,11,"Cl.thickness",3.5,1,NA,18,5
12,13,"Cell.shape",1.5,1,NA,18,6
14,15,"Cell.size",4.5,1,NA,18,7
16,17,"Bl.cromatin",3.5,1,NA,18,8
18,19,"Normal.nucleoli",2,1,NA,18,9
20,21,"Bare.nuclei",2,1,NA,18,10
22,23,"Epith.c.size",3.5,1,NA,18,11
0,0,NA,0,-1,"benign",18,12
24,25,"Mitoses",1.5,1,NA,18,13
26,27,"Cell.shape",4.5,1,NA,18,14
28,29,"Normal.nucleoli",2.5,1,NA,18,15
30,31,"Normal.nucleoli",7.5,1,NA,18,16
32,33,"Cell.shape",2.5,1,NA,18,17
0,0,NA,0,-1,"benign",18,18
0,0,NA,0,-1,"malignant",18,19
0,0,NA,0,-1,"malignant",18,20
0,0,NA,0,-1,"benign",18,21
34,35,"Cl.thickness",8.5,1,NA,18,22
0,0,NA,0,-1,"malignant",18,23
0,0,NA,0,-1,"benign",18,24
0,0,NA,0,-1,"malignant",18,25
36,37,"Epith.c.size",3.5,1,NA,18,26
0,0,NA,0,-1,"malignant",18,27
38,39,"Bl.cromatin",4.5,1,NA,18,28
0,0,NA,0,-1,"malignant",18,29
0,0,NA,0,-1,"benign",18,30
0,0,NA,0,-1,"malignant",18,31
0,0,NA,0,-1,"benign",18,32
0,0,NA,0,-1,"malignant",18,33
0,0,NA,0,-1,"benign",18,34
0,0,NA,0,-1,"malignant",18,35
40,41,"Cl.thickness",1.5,1,NA,18,36
42,43,"Cell.shape",3.5,1,NA,18,37
44,45,"Normal.nucleoli",1.5,1,NA,18,38
0,0,NA,0,-1,"malignant",18,39
0,0,NA,0,-1,"benign",18,40
0,0,NA,0,-1,"malignant",18,41
46,47,"Bl.cromatin",2.5,1,NA,18,42
48,49,"Bare.nuclei",8.5,1,NA,18,43
0,0,NA,0,-1,"malignant",18,44
50,51,"Cell.size",7.5,1,NA,18,45
0,0,NA,0,-1,"benign",18,46
0,0,NA,0,-1,"malignant",18,47
0,0,NA,0,-1,"benign",18,48
52,53,"Cell.size",3.5,1,NA,18,49
0,0,NA,0,-1,"malignant",18,50
0,0,NA,0,-1,"benign",18,51
0,0,NA,0,-1,"malignant",18,52
54,55,"Bl.cromatin",4,1,NA,18,53
0,0,NA,0,-1,"benign",18,54
0,0,NA,0,-1,"malignant",18,55
2,3,"Bl.cromatin",3.5,1,NA,19,1
4,5,"Cell.shape",3.5,1,NA,19,2
6,7,"Epith.c.size",2.5,1,NA,19,3
8,9,"Bare.nuclei",5.5,1,NA,19,4
10,11,"Bare.nuclei",4.5,1,NA,19,5
12,13,"Cl.thickness",4,1,NA,19,6
14,15,"Bare.nuclei",8.5,1,NA,19,7
16,17,"Epith.c.size",1.5,1,NA,19,8
0,0,NA,0,-1,"malignant",19,9
18,19,"Cl.thickness",6.5,1,NA,19,10
0,0,NA,0,-1,"malignant",19,11
0,0,NA,0,-1,"benign",19,12
20,21,"Cell.shape",2,1,NA,19,13
22,23,"Cl.thickness",6.5,1,NA,19,14
0,0,NA,0,-1,"malignant",19,15
24,25,"Cell.shape",1.5,1,NA,19,16
26,27,"Cell.size",2.5,1,NA,19,17
28,29,"Normal.nucleoli",8,1,NA,19,18
0,0,NA,0,-1,"malignant",19,19
0,0,NA,0,-1,"benign",19,20
0,0,NA,0,-1,"malignant",19,21
30,31,"Bl.cromatin",5.5,1,NA,19,22
0,0,NA,0,-1,"malignant",19,23
32,33,"Cell.size",1.5,1,NA,19,24
0,0,NA,0,-1,"benign",19,25
0,0,NA,0,-1,"benign",19,26
34,35,"Cell.shape",2.5,1,NA,19,27
36,37,"Marg.adhesion",4.5,1,NA,19,28
0,0,NA,0,-1,"malignant",19,29
38,39,"Bare.nuclei",4.5,1,NA,19,30
0,0,NA,0,-1,"malignant",19,31
40,41,"Cl.thickness",3.5,1,NA,19,32
0,0,NA,0,-1,"benign",19,33
0,0,NA,0,-1,"benign",19,34
42,43,"Bare.nuclei",3,1,NA,19,35
0,0,NA,0,-1,"benign",19,36
0,0,NA,0,-1,"malignant",19,37
0,0,NA,0,-1,"malignant",19,38
44,45,"Epith.c.size",5.5,1,NA,19,39
0,0,NA,0,-1,"benign",19,40
46,47,"Cl.thickness",4.5,1,NA,19,41
0,0,NA,0,-1,"benign",19,42
0,0,NA,0,-1,"malignant",19,43
0,0,NA,0,-1,"benign",19,44
0,0,NA,0,-1,"malignant",19,45
0,0,NA,0,-1,"malignant",19,46
0,0,NA,0,-1,"benign",19,47
2,3,"Epith.c.size",2.5,1,NA,20,1
4,5,"Marg.adhesion",3.5,1,NA,20,2
6,7,"Cell.shape",1.5,1,NA,20,3
8,9,"Bare.nuclei",4.5,1,NA,20,4
10,11,"Cell.shape",2.5,1,NA,20,5
0,0,NA,0,-1,"benign",20,6
12,13,"Bare.nuclei",8.5,1,NA,20,7
14,15,"Cell.shape",7,1,NA,20,8
16,17,"Cl.thickness",2.5,1,NA,20,9
0,0,NA,0,-1,"benign",20,10
0,0,NA,0,-1,"malignant",20,11
18,19,"Cell.shape",2.5,1,NA,20,12
20,21,"Bl.cromatin",3.5,1,NA,20,13
22,23,"Normal.nucleoli",3.5,1,NA,20,14
0,0,NA,0,-1,"malignant",20,15
0,0,NA,0,-1,"benign",20,16
0,0,NA,0,-1,"malignant",20,17
0,0,NA,0,-1,"benign",20,18
24,25,"Normal.nucleoli",8.5,1,NA,20,19
26,27,"Epith.c.size",6.5,1,NA,20,20
0,0,NA,0,-1,"malignant",20,21
0,0,NA,0,-1,"benign",20,22
28,29,"Bl.cromatin",3.5,1,NA,20,23
30,31,"Cell.size",4.5,1,NA,20,24
0,0,NA,0,-1,"malignant",20,25
0,0,NA,0,-1,"malignant",20,26
32,33,"Cell.shape",6,1,NA,20,27
0,0,NA,0,-1,"benign",20,28
0,0,NA,0,-1,"malignant",20,29
34,35,"Normal.nucleoli",6.5,1,NA,20,30
36,37,"Cl.thickness",6.5,1,NA,20,31
0,0,NA,0,-1,"benign",20,32
0,0,NA,0,-1,"malignant",20,33
38,39,"Bl.cromatin",2,1,NA,20,34
0,0,NA,0,-1,"benign",20,35
40,41,"Marg.adhesion",2,1,NA,20,36
0,0,NA,0,-1,"malignant",20,37
0,0,NA,0,-1,"benign",20,38
42,43,"Epith.c.size",6.5,1,NA,20,39
0,0,NA,0,-1,"benign",20,40
44,45,"Normal.nucleoli",3,1,NA,20,41
46,47,"Normal.nucleoli",1.5,1,NA,20,42
0,0,NA,0,-1,"benign",20,43
48,49,"Cl.thickness",5.5,1,NA,20,44
0,0,NA,0,-1,"malignant",20,45
50,51,"Cl.thickness",7,1,NA,20,46
52,53,"Normal.nucleoli",3.5,1,NA,20,47
0,0,NA,0,-1,"malignant",20,48
0,0,NA,0,-1,"benign",20,49
0,0,NA,0,-1,"benign",20,50
0,0,NA,0,-1,"malignant",20,51
54,55,"Cl.thickness",5.5,1,NA,20,52
0,0,NA,0,-1,"malignant",20,53
0,0,NA,0,-1,"benign",20,54
0,0,NA,0,-1,"malignant",20,55
2,3,"Cell.size",3.5,1,NA,21,1
4,5,"Marg.adhesion",3.5,1,NA,21,2
6,7,"Cell.size",4.5,1,NA,21,3
8,9,"Cl.thickness",6.5,1,NA,21,4
10,11,"Normal.nucleoli",2.5,1,NA,21,5
12,13,"Cl.thickness",4.5,1,NA,21,6
14,15,"Marg.adhesion",1.5,1,NA,21,7
16,17,"Cell.shape",4.5,1,NA,21,8
18,19,"Mitoses",1.5,1,NA,21,9
20,21,"Bl.cromatin",3.5,1,NA,21,10
22,23,"Cl.thickness",6.5,1,NA,21,11
24,25,"Epith.c.size",6.5,1,NA,21,12
26,27,"Bare.nuclei",1.5,1,NA,21,13
28,29,"Mitoses",2,1,NA,21,14
30,31,"Marg.adhesion",5.5,1,NA,21,15
32,33,"Epith.c.size",5.5,1,NA,21,16
34,35,"Cell.shape",5.5,1,NA,21,17
36,37,"Bare.nuclei",2.5,1,NA,21,18
0,0,NA,0,-1,"malignant",21,19
0,0,NA,0,-1,"benign",21,20
0,0,NA,0,-1,"malignant",21,21
38,39,"Bare.nuclei",8.5,1,NA,21,22
0,0,NA,0,-1,"malignant",21,23
40,41,"Cl.thickness",3.5,1,NA,21,24
0,0,NA,0,-1,"benign",21,25
42,43,"Marg.adhesion",2.5,1,NA,21,26
0,0,NA,0,-1,"malignant",21,27
44,45,"Normal.nucleoli",7.5,1,NA,21,28
0,0,NA,0,-1,"malignant",21,29
46,47,"Normal.nucleoli",2.5,1,NA,21,30
0,0,NA,0,-1,"malignant",21,31
48,49,"Marg.adhesion",2.5,1,NA,21,32
50,51,"Cell.size",2,1,NA,21,33
0,0,NA,0,-1,"malignant",21,34
0,0,NA,0,-1,"benign",21,35
0,0,NA,0,-1,"benign",21,36
0,0,NA,0,-1,"malignant",21,37
0,0,NA,0,-1,"malignant",21,38
0,0,NA,0,-1,"benign",21,39
0,0,NA,0,-1,"malignant",21,40
0,0,NA,0,-1,"benign",21,41
0,0,NA,0,-1,"benign",21,42
0,0,NA,0,-1,"malignant",21,43
52,53,"Normal.nucleoli",2.5,1,NA,21,44
0,0,NA,0,-1,"malignant",21,45
54,55,"Cl.thickness",6.5,1,NA,21,46
0,0,NA,0,-1,"malignant",21,47
0,0,NA,0,-1,"benign",21,48
56,57,"Epith.c.size",1.5,1,NA,21,49
0,0,NA,0,-1,"benign",21,50
0,0,NA,0,-1,"malignant",21,51
0,0,NA,0,-1,"malignant",21,52
0,0,NA,0,-1,"benign",21,53
58,59,"Cl.thickness",5.5,1,NA,21,54
0,0,NA,0,-1,"malignant",21,55
60,61,"Bare.nuclei",4,1,NA,21,56
0,0,NA,0,-1,"benign",21,57
0,0,NA,0,-1,"malignant",21,58
0,0,NA,0,-1,"benign",21,59
0,0,NA,0,-1,"benign",21,60
0,0,NA,0,-1,"malignant",21,61
2,3,"Cell.size",2.5,1,NA,22,1
4,5,"Cl.thickness",6.5,1,NA,22,2
6,7,"Cell.size",3.5,1,NA,22,3
8,9,"Normal.nucleoli",4.5,1,NA,22,4
10,11,"Cell.size",1.5,1,NA,22,5
12,13,"Cell.shape",4.5,1,NA,22,6
14,15,"Cl.thickness",6.5,1,NA,22,7
16,17,"Bare.nuclei",4.5,1,NA,22,8
0,0,NA,0,-1,"malignant",22,9
0,0,NA,0,-1,"benign",22,10
18,19,"Cell.shape",2.5,1,NA,22,11
20,21,"Bare.nuclei",1.5,1,NA,22,12
0,0,NA,0,-1,"malignant",22,13
22,23,"Bare.nuclei",3.5,1,NA,22,14
24,25,"Cell.size",4.5,1,NA,22,15
0,0,NA,0,-1,"benign",22,16
26,27,"Cl.thickness",3,1,NA,22,17
0,0,NA,0,-1,"benign",22,18
0,0,NA,0,-1,"malignant",22,19
0,0,NA,0,-1,"benign",22,20
28,29,"Cl.thickness",5.5,1,NA,22,21
30,31,"Cell.shape",5.5,1,NA,22,22
32,33,"Cell.shape",7.5,1,NA,22,23
34,35,"Epith.c.size",3.5,1,NA,22,24
0,0,NA,0,-1,"malignant",22,25
0,0,NA,0,-1,"benign",22,26
0,0,NA,0,-1,"malignant",22,27
36,37,"Mitoses",1.5,1,NA,22,28
38,39,"Bl.cromatin",3.5,1,NA,22,29
40,41,"Bl.cromatin",5.5,1,NA,22,30
0,0,NA,0,-1,"malignant",22,31
42,43,"Epith.c.size",4.5,1,NA,22,32
0,0,NA,0,-1,"malignant",22,33
0,0,NA,0,-1,"malignant",22,34
44,45,"Epith.c.size",5,1,NA,22,35
46,47,"Marg.adhesion",3.5,1,NA,22,36
0,0,NA,0,-1,"malignant",22,37
48,49,"Bare.nuclei",2.5,1,NA,22,38
0,0,NA,0,-1,"malignant",22,39
0,0,NA,0,-1,"benign",22,40
0,0,NA,0,-1,"malignant",22,41
0,0,NA,0,-1,"malignant",22,42
50,51,"Cell.shape",6.5,1,NA,22,43
0,0,NA,0,-1,"benign",22,44
0,0,NA,0,-1,"malignant",22,45
0,0,NA,0,-1,"benign",22,46
52,53,"Cell.shape",3,1,NA,22,47
54,55,"Normal.nucleoli",5.5,1,NA,22,48
0,0,NA,0,-1,"malignant",22,49
56,57,"Epith.c.size",6.5,1,NA,22,50
58,59,"Normal.nucleoli",5.5,1,NA,22,51
0,0,NA,0,-1,"benign",22,52
0,0,NA,0,-1,"malignant",22,53
0,0,NA,0,-1,"benign",22,54
0,0,NA,0,-1,"malignant",22,55
0,0,NA,0,-1,"malignant",22,56
60,61,"Normal.nucleoli",4.5,1,NA,22,57
62,63,"Marg.adhesion",6.5,1,NA,22,58
0,0,NA,0,-1,"malignant",22,59
0,0,NA,0,-1,"benign",22,60
0,0,NA,0,-1,"malignant",22,61
0,0,NA,0,-1,"benign",22,62
0,0,NA,0,-1,"malignant",22,63
2,3,"Cell.shape",3.5,1,NA,23,1
4,5,"Epith.c.size",3.5,1,NA,23,2
6,7,"Cell.size",1.5,1,NA,23,3
8,9,"Cl.thickness",9,1,NA,23,4
10,11,"Cell.shape",2.5,1,NA,23,5
0,0,NA,0,-1,"benign",23,6
12,13,"Cell.size",4.5,1,NA,23,7
14,15,"Bare.nuclei",3.5,1,NA,23,8
0,0,NA,0,-1,"malignant",23,9
16,17,"Normal.nucleoli",3,1,NA,23,10
0,0,NA,0,-1,"malignant",23,11
18,19,"Mitoses",1.5,1,NA,23,12
20,21,"Bare.nuclei",4.5,1,NA,23,13
22,23,"Cell.size",2.5,1,NA,23,14
24,25,"Bl.cromatin",2.5,1,NA,23,15
0,0,NA,0,-1,"benign",23,16
0,0,NA,0,-1,"malignant",23,17
26,27,"Bare.nuclei",3.5,1,NA,23,18
28,29,"Cell.size",3.5,1,NA,23,19
30,31,"Marg.adhesion",1.5,1,NA,23,20
0,0,NA,0,-1,"malignant",23,21
0,0,NA,0,-1,"benign",23,22
32,33,"Mitoses",2.5,1,NA,23,23
0,0,NA,0,-1,"benign",23,24
34,35,"Bare.nuclei",4.5,1,NA,23,25
36,37,"Normal.nucleoli",7.5,1,NA,23,26
38,39,"Bl.cromatin",3.5,1,NA,23,27
0,0,NA,0,-1,"malignant",23,28
40,41,"Marg.adhesion",3,1,NA,23,29
42,43,"Cl.thickness",7.5,1,NA,23,30
0,0,NA,0,-1,"malignant",23,31
0,0,NA,0,-1,"benign",23,32
44,45,"Marg.adhesion",1.5,1,NA,23,33
0,0,NA,0,-1,"malignant",23,34
46,47,"Cell.size",1.5,1,NA,23,35
48,49,"Marg.adhesion",3.5,1,NA,23,36
0,0,NA,0,-1,"malignant",23,37
50,51,"Bare.nuclei",7,1,NA,23,38
52,53,"Epith.c.size",5.5,1,NA,23,39
0,0,NA,0,-1,"malignant",23,40
54,55,"Bl.cromatin",6,1,NA,23,41
56,57,"Cell.shape",7,1,NA,23,42
0,0,NA,0,-1,"malignant",23,43
0,0,NA,0,-1,"malignant",23,44
0,0,NA,0,-1,"benign",23,45
0,0,NA,0,-1,"benign",23,46
58,59,"Normal.nucleoli",5.5,1,NA,23,47
0,0,NA,0,-1,"benign",23,48
0,0,NA,0,-1,"malignant",23,49
0,0,NA,0,-1,"malignant",23,50
0,0,NA,0,-1,"benign",23,51
0,0,NA,0,-1,"malignant",23,52
60,61,"Normal.nucleoli",4,1,NA,23,53
0,0,NA,0,-1,"malignant",23,54
0,0,NA,0,-1,"benign",23,55
0,0,NA,0,-1,"malignant",23,56
0,0,NA,0,-1,"benign",23,57
0,0,NA,0,-1,"benign",23,58
0,0,NA,0,-1,"malignant",23,59
62,63,"Bl.cromatin",6,1,NA,23,60
0,0,NA,0,-1,"malignant",23,61
0,0,NA,0,-1,"malignant",23,62
0,0,NA,0,-1,"benign",23,63
2,3,"Bare.nuclei",3.5,1,NA,24,1
4,5,"Cell.shape",4.5,1,NA,24,2
6,7,"Bl.cromatin",1.5,1,NA,24,3
8,9,"Cell.size",3.5,1,NA,24,4
10,11,"Cl.thickness",8.5,1,NA,24,5
12,13,"Bare.nuclei",5.5,1,NA,24,6
14,15,"Cell.shape",1.5,1,NA,24,7
16,17,"Mitoses",2.5,1,NA,24,8
18,19,"Normal.nucleoli",2,1,NA,24,9
20,21,"Marg.adhesion",1.5,1,NA,24,10
0,0,NA,0,-1,"malignant",24,11
0,0,NA,0,-1,"benign",24,12
0,0,NA,0,-1,"malignant",24,13
0,0,NA,0,-1,"benign",24,14
22,23,"Cl.thickness",8.5,1,NA,24,15
0,0,NA,0,-1,"benign",24,16
24,25,"Cell.shape",2.5,1,NA,24,17
0,0,NA,0,-1,"benign",24,18
0,0,NA,0,-1,"malignant",24,19
0,0,NA,0,-1,"benign",24,20
26,27,"Cell.size",5,1,NA,24,21
28,29,"Marg.adhesion",5.5,1,NA,24,22
0,0,NA,0,-1,"malignant",24,23
0,0,NA,0,-1,"benign",24,24
0,0,NA,0,-1,"malignant",24,25
30,31,"Cl.thickness",7.5,1,NA,24,26
0,0,NA,0,-1,"malignant",24,27
32,33,"Cell.shape",4.5,1,NA,24,28
0,0,NA,0,-1,"malignant",24,29
34,35,"Bare.nuclei",2,1,NA,24,30
0,0,NA,0,-1,"benign",24,31
36,37,"Epith.c.size",3.5,1,NA,24,32
38,39,"Marg.adhesion",1.5,1,NA,24,33
0,0,NA,0,-1,"malignant",24,34
0,0,NA,0,-1,"benign",24,35
0,0,NA,0,-1,"malignant",24,36
40,41,"Marg.adhesion",4.5,1,NA,24,37
42,43,"Cell.size",6,1,NA,24,38
0,0,NA,0,-1,"malignant",24,39
44,45,"Epith.c.size",4.5,1,NA,24,40
0,0,NA,0,-1,"benign",24,41
0,0,NA,0,-1,"malignant",24,42
46,47,"Normal.nucleoli",8,1,NA,24,43
48,49,"Cell.shape",3.5,1,NA,24,44
0,0,NA,0,-1,"malignant",24,45
0,0,NA,0,-1,"benign",24,46
0,0,NA,0,-1,"malignant",24,47
0,0,NA,0,-1,"malignant",24,48
0,0,NA,0,-1,"benign",24,49
2,3,"Cell.size",2.5,1,NA,25,1
4,5,"Bare.nuclei",3.5,1,NA,25,2
6,7,"Bare.nuclei",2.5,1,NA,25,3
0,0,NA,0,-1,"benign",25,4
8,9,"Marg.adhesion",2.5,1,NA,25,5
10,11,"Normal.nucleoli",6.5,1,NA,25,6
12,13,"Bare.nuclei",7.5,1,NA,25,7
14,15,"Normal.nucleoli",2,1,NA,25,8
16,17,"Bare.nuclei",4.5,1,NA,25,9
18,19,"Cell.size",3.5,1,NA,25,10
20,21,"Normal.nucleoli",8.5,1,NA,25,11
22,23,"Bl.cromatin",3.5,1,NA,25,12
24,25,"Marg.adhesion",5.5,1,NA,25,13
26,27,"Mitoses",1.5,1,NA,25,14
0,0,NA,0,-1,"malignant",25,15
0,0,NA,0,-1,"benign",25,16
0,0,NA,0,-1,"malignant",25,17
0,0,NA,0,-1,"benign",25,18
28,29,"Cell.shape",5.5,1,NA,25,19
30,31,"Cell.size",6,1,NA,25,20
0,0,NA,0,-1,"malignant",25,21
32,33,"Marg.adhesion",5,1,NA,25,22
34,35,"Cell.shape",4.5,1,NA,25,23
36,37,"Bl.cromatin",4.5,1,NA,25,24
0,0,NA,0,-1,"malignant",25,25
0,0,NA,0,-1,"benign",25,26
0,0,NA,0,-1,"malignant",25,27
0,0,NA,0,-1,"malignant",25,28
38,39,"Epith.c.size",4.5,1,NA,25,29
0,0,NA,0,-1,"benign",25,30
0,0,NA,0,-1,"malignant",25,31
40,41,"Marg.adhesion",1.5,1,NA,25,32
0,0,NA,0,-1,"benign",25,33
42,43,"Bare.nuclei",4.5,1,NA,25,34
0,0,NA,0,-1,"malignant",25,35
44,45,"Cl.thickness",6.5,1,NA,25,36
0,0,NA,0,-1,"malignant",25,37
0,0,NA,0,-1,"benign",25,38
0,0,NA,0,-1,"malignant",25,39
46,47,"Cell.size",7,1,NA,25,40
0,0,NA,0,-1,"malignant",25,41
0,0,NA,0,-1,"malignant",25,42
48,49,"Cl.thickness",3,1,NA,25,43
50,51,"Normal.nucleoli",1.5,1,NA,25,44
0,0,NA,0,-1,"malignant",25,45
52,53,"Bare.nuclei",4.5,1,NA,25,46
0,0,NA,0,-1,"benign",25,47
0,0,NA,0,-1,"malignant",25,48
54,55,"Bl.cromatin",5.5,1,NA,25,49
0,0,NA,0,-1,"malignant",25,50
56,57,"Marg.adhesion",4.5,1,NA,25,51
0,0,NA,0,-1,"malignant",25,52
0,0,NA,0,-1,"benign",25,53
0,0,NA,0,-1,"benign",25,54
58,59,"Cell.shape",3.5,1,NA,25,55
60,61,"Cell.shape",6,1,NA,25,56
0,0,NA,0,-1,"benign",25,57
0,0,NA,0,-1,"malignant",25,58
0,0,NA,0,-1,"benign",25,59
0,0,NA,0,-1,"malignant",25,60
62,63,"Epith.c.size",4.5,1,NA,25,61
0,0,NA,0,-1,"malignant",25,62
0,0,NA,0,-1,"benign",25,63
2,3,"Cell.size",2.5,1,NA,26,1
4,5,"Cl.thickness",6.5,1,NA,26,2
6,7,"Bl.cromatin",3.5,1,NA,26,3
8,9,"Epith.c.size",2.5,1,NA,26,4
10,11,"Cell.size",1.5,1,NA,26,5
12,13,"Normal.nucleoli",2.5,1,NA,26,6
14,15,"Cell.shape",1.5,1,NA,26,7
0,0,NA,0,-1,"benign",26,8
16,17,"Cell.size",1.5,1,NA,26,9
18,19,"Cl.thickness",8,1,NA,26,10
0,0,NA,0,-1,"malignant",26,11
20,21,"Marg.adhesion",4,1,NA,26,12
22,23,"Cell.shape",2.5,1,NA,26,13
0,0,NA,0,-1,"benign",26,14
24,25,"Cell.shape",7.5,1,NA,26,15
0,0,NA,0,-1,"benign",26,16
26,27,"Cl.thickness",3.5,1,NA,26,17
0,0,NA,0,-1,"benign",26,18
0,0,NA,0,-1,"malignant",26,19
28,29,"Cell.size",4.5,1,NA,26,20
0,0,NA,0,-1,"malignant",26,21
0,0,NA,0,-1,"benign",26,22
30,31,"Cl.thickness",6.5,1,NA,26,23
32,33,"Bare.nuclei",8.5,1,NA,26,24
0,0,NA,0,-1,"malignant",26,25
0,0,NA,0,-1,"benign",26,26
0,0,NA,0,-1,"malignant",26,27
0,0,NA,0,-1,"benign",26,28
0,0,NA,0,-1,"malignant",26,29
34,35,"Normal.nucleoli",8,1,NA,26,30
0,0,NA,0,-1,"malignant",26,31
36,37,"Marg.adhesion",5.5,1,NA,26,32
0,0,NA,0,-1,"malignant",26,33
38,39,"Bare.nuclei",2,1,NA,26,34
0,0,NA,0,-1,"malignant",26,35
40,41,"Cell.shape",4.5,1,NA,26,36
0,0,NA,0,-1,"malignant",26,37
0,0,NA,0,-1,"benign",26,38
42,43,"Epith.c.size",6.5,1,NA,26,39
44,45,"Bl.cromatin",5.5,1,NA,26,40
46,47,"Bare.nuclei",3.5,1,NA,26,41
48,49,"Cl.thickness",5.5,1,NA,26,42
0,0,NA,0,-1,"malignant",26,43
0,0,NA,0,-1,"malignant",26,44
50,51,"Normal.nucleoli",4,1,NA,26,45
52,53,"Normal.nucleoli",6.5,1,NA,26,46
54,55,"Bare.nuclei",7.5,1,NA,26,47
56,57,"Cell.size",6.5,1,NA,26,48
0,0,NA,0,-1,"benign",26,49
0,0,NA,0,-1,"benign",26,50
58,59,"Marg.adhesion",3,1,NA,26,51
0,0,NA,0,-1,"benign",26,52
0,0,NA,0,-1,"malignant",26,53
0,0,NA,0,-1,"malignant",26,54
60,61,"Cell.size",8.5,1,NA,26,55
0,0,NA,0,-1,"malignant",26,56
0,0,NA,0,-1,"benign",26,57
0,0,NA,0,-1,"malignant",26,58
0,0,NA,0,-1,"benign",26,59
0,0,NA,0,-1,"malignant",26,60
0,0,NA,0,-1,"benign",26,61
2,3,"Cell.size",2.5,1,NA,27,1
4,5,"Bare.nuclei",4.5,1,NA,27,2
6,7,"Cell.shape",2.5,1,NA,27,3
0,0,NA,0,-1,"benign",27,4
8,9,"Epith.c.size",1.5,1,NA,27,5
10,11,"Bl.cromatin",3.5,1,NA,27,6
12,13,"Marg.adhesion",1.5,1,NA,27,7
0,0,NA,0,-1,"malignant",27,8
14,15,"Cell.size",1.5,1,NA,27,9
0,0,NA,0,-1,"benign",27,10
16,17,"Bare.nuclei",1.5,1,NA,27,11
18,19,"Normal.nucleoli",4.5,1,NA,27,12
20,21,"Cl.thickness",1.5,1,NA,27,13
0,0,NA,0,-1,"benign",27,14
0,0,NA,0,-1,"malignant",27,15
0,0,NA,0,-1,"benign",27,16
0,0,NA,0,-1,"malignant",27,17
22,23,"Epith.c.size",2.5,1,NA,27,18
24,25,"Cl.thickness",7,1,NA,27,19
26,27,"Marg.adhesion",4,1,NA,27,20
28,29,"Cl.thickness",3.5,1,NA,27,21
30,31,"Cell.size",3.5,1,NA,27,22
32,33,"Normal.nucleoli",3.5,1,NA,27,23
34,35,"Bl.cromatin",3.5,1,NA,27,24
0,0,NA,0,-1,"malignant",27,25
0,0,NA,0,-1,"benign",27,26
0,0,NA,0,-1,"malignant",27,27
36,37,"Bare.nuclei",4,1,NA,27,28
38,39,"Cell.shape",6.5,1,NA,27,29
0,0,NA,0,-1,"benign",27,30
0,0,NA,0,-1,"malignant",27,31
0,0,NA,0,-1,"malignant",27,32
0,0,NA,0,-1,"benign",27,33
40,41,"Cell.shape",4.5,1,NA,27,34
0,0,NA,0,-1,"malignant",27,35
42,43,"Normal.nucleoli",5,1,NA,27,36
0,0,NA,0,-1,"malignant",27,37
44,45,"Cell.size",4.5,1,NA,27,38
0,0,NA,0,-1,"malignant",27,39
0,0,NA,0,-1,"malignant",27,40
0,0,NA,0,-1,"benign",27,41
0,0,NA,0,-1,"malignant",27,42
0,0,NA,0,-1,"benign",27,43
46,47,"Cell.size",3.5,1,NA,27,44
0,0,NA,0,-1,"malignant",27,45
0,0,NA,0,-1,"malignant",27,46
48,49,"Bare.nuclei",8.5,1,NA,27,47
50,51,"Cl.thickness",6.5,1,NA,27,48
0,0,NA,0,-1,"malignant",27,49
0,0,NA,0,-1,"malignant",27,50
52,53,"Normal.nucleoli",5.5,1,NA,27,51
54,55,"Cl.thickness",9,1,NA,27,52
0,0,NA,0,-1,"benign",27,53
0,0,NA,0,-1,"benign",27,54
0,0,NA,0,-1,"malignant",27,55
2,3,"Bare.nuclei",2.5,1,NA,28,1
4,5,"Epith.c.size",3.5,1,NA,28,2
6,7,"Cell.size",1.5,1,NA,28,3
8,9,"Mitoses",7.5,1,NA,28,4
10,11,"Bl.cromatin",1.5,1,NA,28,5
12,13,"Bl.cromatin",4,1,NA,28,6
14,15,"Bl.cromatin",4.5,1,NA,28,7
16,17,"Cell.shape",4.5,1,NA,28,8
0,0,NA,0,-1,"malignant",28,9
0,0,NA,0,-1,"benign",28,10
18,19,"Cell.shape",1.5,1,NA,28,11
20,21,"Epith.c.size",1.5,1,NA,28,12
0,0,NA,0,-1,"malignant",28,13
22,23,"Marg.adhesion",5.5,1,NA,28,14
24,25,"Cell.size",4.5,1,NA,28,15
0,0,NA,0,-1,"benign",28,16
26,27,"Cell.size",4.5,1,NA,28,17
0,0,NA,0,-1,"benign",28,18
28,29,"Cell.shape",5.5,1,NA,28,19
0,0,NA,0,-1,"malignant",28,20
0,0,NA,0,-1,"benign",28,21
30,31,"Cl.thickness",6.5,1,NA,28,22
0,0,NA,0,-1,"malignant",28,23
32,33,"Bl.cromatin",6.5,1,NA,28,24
0,0,NA,0,-1,"malignant",28,25
0,0,NA,0,-1,"benign",28,26
0,0,NA,0,-1,"malignant",28,27
34,35,"Mitoses",2,1,NA,28,28
0,0,NA,0,-1,"malignant",28,29
36,37,"Bl.cromatin",2.5,1,NA,28,30
0,0,NA,0,-1,"malignant",28,31
0,0,NA,0,-1,"malignant",28,32
38,39,"Bl.cromatin",7.5,1,NA,28,33
40,41,"Cell.size",5,1,NA,28,34
0,0,NA,0,-1,"malignant",28,35
0,0,NA,0,-1,"benign",28,36
42,43,"Epith.c.size",6.5,1,NA,28,37
44,45,"Normal.nucleoli",7,1,NA,28,38
0,0,NA,0,-1,"malignant",28,39
46,47,"Epith.c.size",6.5,1,NA,28,40
0,0,NA,0,-1,"malignant",28,41
48,49,"Cell.size",7.5,1,NA,28,42
0,0,NA,0,-1,"benign",28,43
50,51,"Bare.nuclei",6,1,NA,28,44
0,0,NA,0,-1,"benign",28,45
0,0,NA,0,-1,"malignant",28,46
0,0,NA,0,-1,"benign",28,47
52,53,"Normal.nucleoli",3.5,1,NA,28,48
54,55,"Cell.size",9.5,1,NA,28,49
0,0,NA,0,-1,"benign",28,50
0,0,NA,0,-1,"malignant",28,51
56,57,"Epith.c.size",2.5,1,NA,28,52
58,59,"Cell.size",4.5,1,NA,28,53
0,0,NA,0,-1,"benign",28,54
0,0,NA,0,-1,"malignant",28,55
0,0,NA,0,-1,"benign",28,56
0,0,NA,0,-1,"malignant",28,57
60,61,"Bare.nuclei",6,1,NA,28,58
62,63,"Bare.nuclei",8.5,1,NA,28,59
0,0,NA,0,-1,"benign",28,60
64,65,"Cl.thickness",5.5,1,NA,28,61
0,0,NA,0,-1,"benign",28,62
0,0,NA,0,-1,"malignant",28,63
0,0,NA,0,-1,"malignant",28,64
0,0,NA,0,-1,"benign",28,65
2,3,"Cell.size",2.5,1,NA,29,1
4,5,"Bare.nuclei",5.5,1,NA,29,2
6,7,"Cell.size",4.5,1,NA,29,3
8,9,"Bare.nuclei",4.5,1,NA,29,4
10,11,"Cell.shape",1.5,1,NA,29,5
12,13,"Cell.shape",2.5,1,NA,29,6
14,15,"Bl.cromatin",3.5,1,NA,29,7
0,0,NA,0,-1,"benign",29,8
16,17,"Epith.c.size",1.5,1,NA,29,9
0,0,NA,0,-1,"benign",29,10
0,0,NA,0,-1,"malignant",29,11
18,19,"Bl.cromatin",6.5,1,NA,29,12
20,21,"Marg.adhesion",5.5,1,NA,29,13
22,23,"Epith.c.size",4.5,1,NA,29,14
24,25,"Cl.thickness",6.5,1,NA,29,15
0,0,NA,0,-1,"malignant",29,16
26,27,"Epith.c.size",3,1,NA,29,17
28,29,"Bare.nuclei",3.5,1,NA,29,18
0,0,NA,0,-1,"malignant",29,19
30,31,"Bare.nuclei",1.5,1,NA,29,20
0,0,NA,0,-1,"malignant",29,21
0,0,NA,0,-1,"malignant",29,22
32,33,"Cell.size",7.5,1,NA,29,23
34,35,"Bl.cromatin",4.5,1,NA,29,24
0,0,NA,0,-1,"malignant",29,25
0,0,NA,0,-1,"benign",29,26
36,37,"Marg.adhesion",5.5,1,NA,29,27
0,0,NA,0,-1,"benign",29,28
38,39,"Mitoses",1.5,1,NA,29,29
40,41,"Cell.shape",5.5,1,NA,29,30
42,43,"Normal.nucleoli",8.5,1,NA,29,31
44,45,"Epith.c.size",7.5,1,NA,29,32
0,0,NA,0,-1,"malignant",29,33
46,47,"Normal.nucleoli",2.5,1,NA,29,34
0,0,NA,0,-1,"malignant",29,35
0,0,NA,0,-1,"malignant",29,36
0,0,NA,0,-1,"benign",29,37
0,0,NA,0,-1,"malignant",29,38
0,0,NA,0,-1,"benign",29,39
0,0,NA,0,-1,"benign",29,40
48,49,"Cl.thickness",7.5,1,NA,29,41
50,51,"Bare.nuclei",7.5,1,NA,29,42
0,0,NA,0,-1,"malignant",29,43
0,0,NA,0,-1,"benign",29,44
0,0,NA,0,-1,"malignant",29,45
0,0,NA,0,-1,"benign",29,46
0,0,NA,0,-1,"malignant",29,47
52,53,"Cell.size",3.5,1,NA,29,48
0,0,NA,0,-1,"benign",29,49
54,55,"Normal.nucleoli",1.5,1,NA,29,50
56,57,"Epith.c.size",6.5,1,NA,29,51
0,0,NA,0,-1,"benign",29,52
0,0,NA,0,-1,"malignant",29,53
0,0,NA,0,-1,"benign",29,54
58,59,"Normal.nucleoli",6,1,NA,29,55
0,0,NA,0,-1,"malignant",29,56
60,61,"Cell.shape",4.5,1,NA,29,57
62,63,"Cl.thickness",4.5,1,NA,29,58
0,0,NA,0,-1,"benign",29,59
0,0,NA,0,-1,"benign",29,60
0,0,NA,0,-1,"malignant",29,61
64,65,"Bl.cromatin",4.5,1,NA,29,62
0,0,NA,0,-1,"malignant",29,63
0,0,NA,0,-1,"malignant",29,64
0,0,NA,0,-1,"benign",29,65
2,3,"Bare.nuclei",3.5,1,NA,30,1
4,5,"Bl.cromatin",3.5,1,NA,30,2
6,7,"Cell.shape",1.5,1,NA,30,3
8,9,"Mitoses",2.5,1,NA,30,4
10,11,"Cl.thickness",3.5,1,NA,30,5
12,13,"Cl.thickness",3.5,1,NA,30,6
14,15,"Marg.adhesion",1.5,1,NA,30,7
16,17,"Normal.nucleoli",7,1,NA,30,8
18,19,"Cell.shape",2.5,1,NA,30,9
0,0,NA,0,-1,"benign",30,10
20,21,"Cell.shape",1.5,1,NA,30,11
0,0,NA,0,-1,"benign",30,12
0,0,NA,0,-1,"malignant",30,13
22,23,"Bare.nuclei",8.5,1,NA,30,14
24,25,"Bl.cromatin",4.5,1,NA,30,15
26,27,"Epith.c.size",9,1,NA,30,16
0,0,NA,0,-1,"malignant",30,17
0,0,NA,0,-1,"benign",30,18
0,0,NA,0,-1,"malignant",30,19
0,0,NA,0,-1,"benign",30,20
28,29,"Cell.size",4.5,1,NA,30,21
30,31,"Normal.nucleoli",3.5,1,NA,30,22
0,0,NA,0,-1,"malignant",30,23
32,33,"Normal.nucleoli",2.5,1,NA,30,24
34,35,"Cell.size",4.5,1,NA,30,25
0,0,NA,0,-1,"benign",30,26
36,37,"Cl.thickness",3,1,NA,30,27
38,39,"Mitoses",1.5,1,NA,30,28
0,0,NA,0,-1,"malignant",30,29
40,41,"Bl.cromatin",2,1,NA,30,30
42,43,"Cell.size",9,1,NA,30,31
44,45,"Epith.c.size",6.5,1,NA,30,32
46,47,"Cell.size",3.5,1,NA,30,33
48,49,"Marg.adhesion",5.5,1,NA,30,34
0,0,NA,0,-1,"malignant",30,35
0,0,NA,0,-1,"benign",30,36
0,0,NA,0,-1,"malignant",30,37
50,51,"Cl.thickness",7.5,1,NA,30,38
0,0,NA,0,-1,"malignant",30,39
52,53,"Mitoses",1.5,1,NA,30,40
0,0,NA,0,-1,"malignant",30,41
0,0,NA,0,-1,"benign",30,42
0,0,NA,0,-1,"malignant",30,43
54,55,"Normal.nucleoli",1.5,1,NA,30,44
0,0,NA,0,-1,"benign",30,45
56,57,"Epith.c.size",2.5,1,NA,30,46
0,0,NA,0,-1,"malignant",30,47
58,59,"Mitoses",1.5,1,NA,30,48
0,0,NA,0,-1,"malignant",30,49
0,0,NA,0,-1,"malignant",30,50
60,61,"Cell.shape",4.5,1,NA,30,51
0,0,NA,0,-1,"benign",30,52
0,0,NA,0,-1,"malignant",30,53
0,0,NA,0,-1,"malignant",30,54
0,0,NA,0,-1,"benign",30,55
0,0,NA,0,-1,"malignant",30,56
62,63,"Cell.shape",4.5,1,NA,30,57
64,65,"Cell.shape",4.5,1,NA,30,58
66,67,"Cell.size",3.5,1,NA,30,59
0,0,NA,0,-1,"malignant",30,60
0,0,NA,0,-1,"benign",30,61
0,0,NA,0,-1,"benign",30,62
0,0,NA,0,-1,"malignant",30,63
68,69,"Marg.adhesion",3.5,1,NA,30,64
0,0,NA,0,-1,"malignant",30,65
0,0,NA,0,-1,"malignant",30,66
0,0,NA,0,-1,"benign",30,67
0,0,NA,0,-1,"malignant",30,68
0,0,NA,0,-1,"benign",30,69
2,3,"Epith.c.size",2.5,1,NA,31,1
4,5,"Cl.thickness",6.5,1,NA,31,2
6,7,"Cell.size",1.5,1,NA,31,3
8,9,"Cell.size",2.5,1,NA,31,4
10,11,"Cl.thickness",8.5,1,NA,31,5
12,13,"Bl.cromatin",5,1,NA,31,6
14,15,"Bl.cromatin",4.5,1,NA,31,7
0,0,NA,0,-1,"benign",31,8
16,17,"Bare.nuclei",2,1,NA,31,9
18,19,"Cell.shape",3.5,1,NA,31,10
0,0,NA,0,-1,"malignant",31,11
0,0,NA,0,-1,"benign",31,12
0,0,NA,0,-1,"malignant",31,13
20,21,"Normal.nucleoli",7.5,1,NA,31,14
22,23,"Cell.size",4.5,1,NA,31,15
0,0,NA,0,-1,"benign",31,16
24,25,"Marg.adhesion",2.5,1,NA,31,17
0,0,NA,0,-1,"benign",31,18
0,0,NA,0,-1,"malignant",31,19
26,27,"Cell.size",3.5,1,NA,31,20
0,0,NA,0,-1,"malignant",31,21
28,29,"Bare.nuclei",7.5,1,NA,31,22
0,0,NA,0,-1,"malignant",31,23
0,0,NA,0,-1,"benign",31,24
0,0,NA,0,-1,"malignant",31,25
30,31,"Cl.thickness",6.5,1,NA,31,26
32,33,"Normal.nucleoli",3.5,1,NA,31,27
34,35,"Mitoses",1.5,1,NA,31,28
0,0,NA,0,-1,"malignant",31,29
36,37,"Cell.shape",3.5,1,NA,31,30
38,39,"Cell.size",2.5,1,NA,31,31
40,41,"Epith.c.size",6.5,1,NA,31,32
42,43,"Mitoses",1.5,1,NA,31,33
44,45,"Cell.shape",5,1,NA,31,34
0,0,NA,0,-1,"benign",31,35
46,47,"Cl.thickness",4,1,NA,31,36
0,0,NA,0,-1,"benign",31,37
0,0,NA,0,-1,"benign",31,38
0,0,NA,0,-1,"malignant",31,39
0,0,NA,0,-1,"malignant",31,40
48,49,"Bare.nuclei",9,1,NA,31,41
50,51,"Epith.c.size",4.5,1,NA,31,42
0,0,NA,0,-1,"malignant",31,43
52,53,"Cell.size",3,1,NA,31,44
0,0,NA,0,-1,"malignant",31,45
0,0,NA,0,-1,"benign",31,46
54,55,"Normal.nucleoli",3,1,NA,31,47
0,0,NA,0,-1,"malignant",31,48
0,0,NA,0,-1,"benign",31,49
56,57,"Epith.c.size",3.5,1,NA,31,50
0,0,NA,0,-1,"benign",31,51
0,0,NA,0,-1,"malignant",31,52
0,0,NA,0,-1,"benign",31,53
0,0,NA,0,-1,"malignant",31,54
0,0,NA,0,-1,"benign",31,55
0,0,NA,0,-1,"benign",31,56
0,0,NA,0,-1,"malignant",31,57
2,3,"Bare.nuclei",3.5,1,NA,32,1
4,5,"Normal.nucleoli",3.5,1,NA,32,2
6,7,"Bl.cromatin",1.5,1,NA,32,3
8,9,"Cell.shape",7,1,NA,32,4
10,11,"Cell.shape",2.5,1,NA,32,5
12,13,"Cell.shape",1.5,1,NA,32,6
14,15,"Cell.shape",1.5,1,NA,32,7
16,17,"Marg.adhesion",8,1,NA,32,8
0,0,NA,0,-1,"malignant",32,9
0,0,NA,0,-1,"benign",32,10
18,19,"Epith.c.size",6.5,1,NA,32,11
0,0,NA,0,-1,"benign",32,12
0,0,NA,0,-1,"malignant",32,13
0,0,NA,0,-1,"benign",32,14
20,21,"Cell.size",4.5,1,NA,32,15
22,23,"Epith.c.size",5.5,1,NA,32,16
0,0,NA,0,-1,"malignant",32,17
0,0,NA,0,-1,"malignant",32,18
24,25,"Bl.cromatin",4.5,1,NA,32,19
26,27,"Cl.thickness",5.5,1,NA,32,20
28,29,"Cl.thickness",6.5,1,NA,32,21
30,31,"Cl.thickness",6.5,1,NA,32,22
0,0,NA,0,-1,"malignant",32,23
32,33,"Cell.shape",4.5,1,NA,32,24
0,0,NA,0,-1,"malignant",32,25
34,35,"Bl.cromatin",2.5,1,NA,32,26
36,37,"Epith.c.size",3.5,1,NA,32,27
38,39,"Normal.nucleoli",4.5,1,NA,32,28
0,0,NA,0,-1,"malignant",32,29
40,41,"Epith.c.size",2.5,1,NA,32,30
42,43,"Mitoses",4,1,NA,32,31
0,0,NA,0,-1,"malignant",32,32
0,0,NA,0,-1,"benign",32,33
0,0,NA,0,-1,"benign",32,34
44,45,"Bare.nuclei",6,1,NA,32,35
0,0,NA,0,-1,"malignant",32,36
46,47,"Bare.nuclei",8,1,NA,32,37
48,49,"Bl.cromatin",5.5,1,NA,32,38
0,0,NA,0,-1,"malignant",32,39
0,0,NA,0,-1,"benign",32,40
50,51,"Bare.nuclei",2.5,1,NA,32,41
0,0,NA,0,-1,"benign",32,42
0,0,NA,0,-1,"malignant",32,43
52,53,"Bare.nuclei",4.5,1,NA,32,44
54,55,"Normal.nucleoli",2.5,1,NA,32,45
56,57,"Bare.nuclei",6,1,NA,32,46
0,0,NA,0,-1,"malignant",32,47
58,59,"Cell.shape",6,1,NA,32,48
0,0,NA,0,-1,"malignant",32,49
0,0,NA,0,-1,"benign",32,50
60,61,"Mitoses",2,1,NA,32,51
0,0,NA,0,-1,"malignant",32,52
0,0,NA,0,-1,"benign",32,53
62,63,"Epith.c.size",6.5,1,NA,32,54
0,0,NA,0,-1,"malignant",32,55
0,0,NA,0,-1,"malignant",32,56
0,0,NA,0,-1,"benign",32,57
0,0,NA,0,-1,"malignant",32,58
64,65,"Bare.nuclei",6.5,1,NA,32,59
0,0,NA,0,-1,"benign",32,60
0,0,NA,0,-1,"malignant",32,61
0,0,NA,0,-1,"malignant",32,62
0,0,NA,0,-1,"benign",32,63
0,0,NA,0,-1,"malignant",32,64
0,0,NA,0,-1,"benign",32,65
2,3,"Bl.cromatin",3.5,1,NA,33,1
4,5,"Cl.thickness",6.5,1,NA,33,2
6,7,"Bare.nuclei",5.5,1,NA,33,3
8,9,"Bare.nuclei",2.5,1,NA,33,4
10,11,"Cell.size",3.5,1,NA,33,5
12,13,"Epith.c.size",3.5,1,NA,33,6
14,15,"Epith.c.size",5.5,1,NA,33,7
0,0,NA,0,-1,"benign",33,8
16,17,"Cl.thickness",1.5,1,NA,33,9
18,19,"Normal.nucleoli",2.5,1,NA,33,10
0,0,NA,0,-1,"malignant",33,11
20,21,"Cell.size",4.5,1,NA,33,12
22,23,"Epith.c.size",5.5,1,NA,33,13
24,25,"Cell.size",8.5,1,NA,33,14
0,0,NA,0,-1,"malignant",33,15
0,0,NA,0,-1,"benign",33,16
26,27,"Cl.thickness",2.5,1,NA,33,17
0,0,NA,0,-1,"benign",33,18
0,0,NA,0,-1,"malignant",33,19
28,29,"Cl.thickness",9,1,NA,33,20
0,0,NA,0,-1,"malignant",33,21
0,0,NA,0,-1,"malignant",33,22
30,31,"Normal.nucleoli",8.5,1,NA,33,23
32,33,"Normal.nucleoli",7,1,NA,33,24
34,35,"Bare.nuclei",9,1,NA,33,25
0,0,NA,0,-1,"malignant",33,26
36,37,"Normal.nucleoli",2.5,1,NA,33,27
38,39,"Bare.nuclei",3,1,NA,33,28
0,0,NA,0,-1,"malignant",33,29
40,41,"Mitoses",2,1,NA,33,30
0,0,NA,0,-1,"malignant",33,31
0,0,NA,0,-1,"malignant",33,32
42,43,"Cell.size",4.5,1,NA,33,33
44,45,"Epith.c.size",4.5,1,NA,33,34
0,0,NA,0,-1,"malignant",33,35
46,47,"Cell.size",4.5,1,NA,33,36
48,49,"Cell.shape",2.5,1,NA,33,37
0,0,NA,0,-1,"benign",33,38
50,51,"Cell.shape",1.5,1,NA,33,39
52,53,"Cl.thickness",5.5,1,NA,33,40
0,0,NA,0,-1,"malignant",33,41
54,55,"Bare.nuclei",8.5,1,NA,33,42
0,0,NA,0,-1,"malignant",33,43
0,0,NA,0,-1,"malignant",33,44
0,0,NA,0,-1,"benign",33,45
56,57,"Bare.nuclei",4.5,1,NA,33,46
0,0,NA,0,-1,"malignant",33,47
0,0,NA,0,-1,"benign",33,48
58,59,"Cell.size",6.5,1,NA,33,49
0,0,NA,0,-1,"benign",33,50
0,0,NA,0,-1,"malignant",33,51
0,0,NA,0,-1,"benign",33,52
0,0,NA,0,-1,"malignant",33,53
0,0,NA,0,-1,"benign",33,54
0,0,NA,0,-1,"malignant",33,55
0,0,NA,0,-1,"benign",33,56
60,61,"Cell.shape",1.5,1,NA,33,57
62,63,"Cl.thickness",5.5,1,NA,33,58
0,0,NA,0,-1,"benign",33,59
64,65,"Epith.c.size",1.5,1,NA,33,60
0,0,NA,0,-1,"benign",33,61
0,0,NA,0,-1,"malignant",33,62
66,67,"Marg.adhesion",6.5,1,NA,33,63
0,0,NA,0,-1,"malignant",33,64
0,0,NA,0,-1,"benign",33,65
0,0,NA,0,-1,"benign",33,66
0,0,NA,0,-1,"malignant",33,67
2,3,"Cell.size",3.5,1,NA,34,1
4,5,"Bare.nuclei",5.5,1,NA,34,2
6,7,"Marg.adhesion",5.5,1,NA,34,3
8,9,"Cell.shape",3.5,1,NA,34,4
10,11,"Cell.size",1.5,1,NA,34,5
12,13,"Cl.thickness",6.5,1,NA,34,6
0,0,NA,0,-1,"malignant",34,7
14,15,"Normal.nucleoli",2.5,1,NA,34,8
16,17,"Normal.nucleoli",1.5,1,NA,34,9
18,19,"Bl.cromatin",4,1,NA,34,10
0,0,NA,0,-1,"malignant",34,11
20,21,"Mitoses",1.5,1,NA,34,12
0,0,NA,0,-1,"malignant",34,13
22,23,"Cell.size",2.5,1,NA,34,14
24,25,"Bare.nuclei",2.5,1,NA,34,15
0,0,NA,0,-1,"benign",34,16
26,27,"Cell.size",1.5,1,NA,34,17
0,0,NA,0,-1,"benign",34,18
0,0,NA,0,-1,"malignant",34,19
28,29,"Bare.nuclei",9,1,NA,34,20
0,0,NA,0,-1,"malignant",34,21
30,31,"Cl.thickness",3.5,1,NA,34,22
32,33,"Cell.shape",1.5,1,NA,34,23
0,0,NA,0,-1,"benign",34,24
34,35,"Cl.thickness",4,1,NA,34,25
0,0,NA,0,-1,"benign",34,26
36,37,"Cl.thickness",6,1,NA,34,27
38,39,"Cl.thickness",5.5,1,NA,34,28
0,0,NA,0,-1,"malignant",34,29
0,0,NA,0,-1,"benign",34,30
40,41,"Cl.thickness",4.5,1,NA,34,31
0,0,NA,0,-1,"benign",34,32
42,43,"Bare.nuclei",3.5,1,NA,34,33
0,0,NA,0,-1,"benign",34,34
0,0,NA,0,-1,"malignant",34,35
44,45,"Marg.adhesion",4,1,NA,34,36
0,0,NA,0,-1,"malignant",34,37
46,47,"Cell.shape",4.5,1,NA,34,38
0,0,NA,0,-1,"benign",34,39
48,49,"Bare.nuclei",4,1,NA,34,40
0,0,NA,0,-1,"benign",34,41
0,0,NA,0,-1,"benign",34,42
0,0,NA,0,-1,"malignant",34,43
0,0,NA,0,-1,"benign",34,44
0,0,NA,0,-1,"malignant",34,45
0,0,NA,0,-1,"benign",34,46
0,0,NA,0,-1,"malignant",34,47
0,0,NA,0,-1,"benign",34,48
0,0,NA,0,-1,"malignant",34,49
2,3,"Bare.nuclei",2.5,1,NA,35,1
4,5,"Epith.c.size",3.5,1,NA,35,2
6,7,"Cell.shape",1.5,1,NA,35,3
8,9,"Cell.size",4.5,1,NA,35,4
10,11,"Cell.shape",2.5,1,NA,35,5
12,13,"Epith.c.size",1.5,1,NA,35,6
14,15,"Cl.thickness",6.5,1,NA,35,7
0,0,NA,0,-1,"benign",35,8
0,0,NA,0,-1,"malignant",35,9
0,0,NA,0,-1,"benign",35,10
16,17,"Cell.size",5,1,NA,35,11
18,19,"Cl.thickness",2.5,1,NA,35,12
20,21,"Cl.thickness",7,1,NA,35,13
22,23,"Bl.cromatin",2.5,1,NA,35,14
24,25,"Cell.shape",4.5,1,NA,35,15
26,27,"Cl.thickness",6,1,NA,35,16
0,0,NA,0,-1,"malignant",35,17
0,0,NA,0,-1,"benign",35,18
0,0,NA,0,-1,"malignant",35,19
0,0,NA,0,-1,"benign",35,20
0,0,NA,0,-1,"malignant",35,21
28,29,"Bare.nuclei",4.5,1,NA,35,22
30,31,"Cell.size",4.5,1,NA,35,23
32,33,"Bl.cromatin",6.5,1,NA,35,24
0,0,NA,0,-1,"malignant",35,25
0,0,NA,0,-1,"benign",35,26
0,0,NA,0,-1,"malignant",35,27
0,0,NA,0,-1,"benign",35,28
34,35,"Cell.shape",3,1,NA,35,29
36,37,"Cell.size",3.5,1,NA,35,30
38,39,"Marg.adhesion",1.5,1,NA,35,31
0,0,NA,0,-1,"malignant",35,32
40,41,"Normal.nucleoli",7.5,1,NA,35,33
0,0,NA,0,-1,"benign",35,34
0,0,NA,0,-1,"malignant",35,35
42,43,"Cl.thickness",5.5,1,NA,35,36
44,45,"Bare.nuclei",6,1,NA,35,37
0,0,NA,0,-1,"benign",35,38
46,47,"Normal.nucleoli",2.5,1,NA,35,39
0,0,NA,0,-1,"malignant",35,40
0,0,NA,0,-1,"benign",35,41
0,0,NA,0,-1,"malignant",35,42
48,49,"Cell.size",2,1,NA,35,43
0,0,NA,0,-1,"benign",35,44
50,51,"Bare.nuclei",8.5,1,NA,35,45
52,53,"Bare.nuclei",9,1,NA,35,46
0,0,NA,0,-1,"malignant",35,47
0,0,NA,0,-1,"malignant",35,48
0,0,NA,0,-1,"benign",35,49
0,0,NA,0,-1,"malignant",35,50
54,55,"Epith.c.size",5.5,1,NA,35,51
0,0,NA,0,-1,"benign",35,52
0,0,NA,0,-1,"malignant",35,53
0,0,NA,0,-1,"malignant",35,54
0,0,NA,0,-1,"benign",35,55
2,3,"Epith.c.size",2.5,1,NA,36,1
4,5,"Cl.thickness",7.5,1,NA,36,2
6,7,"Marg.adhesion",2.5,1,NA,36,3
8,9,"Cl.thickness",6.5,1,NA,36,4
10,11,"Cell.shape",3.5,1,NA,36,5
12,13,"Cell.size",2.5,1,NA,36,6
14,15,"Cell.size",4.5,1,NA,36,7
16,17,"Cell.size",2.5,1,NA,36,8
18,19,"Marg.adhesion",6.5,1,NA,36,9
20,21,"Bl.cromatin",4,1,NA,36,10
0,0,NA,0,-1,"malignant",36,11
22,23,"Epith.c.size",5.5,1,NA,36,12
24,25,"Bare.nuclei",1.5,1,NA,36,13
26,27,"Marg.adhesion",7,1,NA,36,14
28,29,"Bl.cromatin",4.5,1,NA,36,15
30,31,"Normal.nucleoli",4.5,1,NA,36,16
32,33,"Cell.shape",2.5,1,NA,36,17
34,35,"Bare.nuclei",5.5,1,NA,36,18
0,0,NA,0,-1,"malignant",36,19
36,37,"Bare.nuclei",4,1,NA,36,20
0,0,NA,0,-1,"malignant",36,21
38,39,"Bare.nuclei",4.5,1,NA,36,22
40,41,"Bare.nuclei",2,1,NA,36,23
42,43,"Cell.size",5.5,1,NA,36,24
44,45,"Cell.size",6.5,1,NA,36,25
46,47,"Cell.shape",5.5,1,NA,36,26
0,0,NA,0,-1,"malignant",36,27
48,49,"Mitoses",1.5,1,NA,36,28
0,0,NA,0,-1,"malignant",36,29
0,0,NA,0,-1,"benign",36,30
50,51,"Cl.thickness",4.5,1,NA,36,31
0,0,NA,0,-1,"benign",36,32
52,53,"Bare.nuclei",2,1,NA,36,33
0,0,NA,0,-1,"benign",36,34
0,0,NA,0,-1,"malignant",36,35
0,0,NA,0,-1,"benign",36,36
0,0,NA,0,-1,"malignant",36,37
0,0,NA,0,-1,"benign",36,38
0,0,NA,0,-1,"malignant",36,39
0,0,NA,0,-1,"benign",36,40
0,0,NA,0,-1,"malignant",36,41
0,0,NA,0,-1,"benign",36,42
0,0,NA,0,-1,"malignant",36,43
0,0,NA,0,-1,"malignant",36,44
54,55,"Marg.adhesion",1.5,1,NA,36,45
56,57,"Cell.size",3.5,1,NA,36,46
58,59,"Epith.c.size",3.5,1,NA,36,47
60,61,"Marg.adhesion",5.5,1,NA,36,48
0,0,NA,0,-1,"malignant",36,49
0,0,NA,0,-1,"benign",36,50
0,0,NA,0,-1,"malignant",36,51
0,0,NA,0,-1,"benign",36,52
62,63,"Bl.cromatin",2.5,1,NA,36,53
64,65,"Cell.size",9,1,NA,36,54
0,0,NA,0,-1,"malignant",36,55
66,67,"Epith.c.size",3.5,1,NA,36,56
0,0,NA,0,-1,"benign",36,57
68,69,"Bl.cromatin",5.5,1,NA,36,58
0,0,NA,0,-1,"malignant",36,59
70,71,"Bare.nuclei",8.5,1,NA,36,60
0,0,NA,0,-1,"malignant",36,61
72,73,"Bare.nuclei",4,1,NA,36,62
0,0,NA,0,-1,"malignant",36,63
0,0,NA,0,-1,"benign",36,64
0,0,NA,0,-1,"malignant",36,65
0,0,NA,0,-1,"benign",36,66
74,75,"Cell.size",2,1,NA,36,67
0,0,NA,0,-1,"benign",36,68
0,0,NA,0,-1,"malignant",36,69
76,77,"Cell.shape",8.5,1,NA,36,70
0,0,NA,0,-1,"malignant",36,71
0,0,NA,0,-1,"benign",36,72
0,0,NA,0,-1,"malignant",36,73
78,79,"Marg.adhesion",4.5,1,NA,36,74
0,0,NA,0,-1,"malignant",36,75
0,0,NA,0,-1,"benign",36,76
0,0,NA,0,-1,"malignant",36,77
0,0,NA,0,-1,"benign",36,78
0,0,NA,0,-1,"malignant",36,79
2,3,"Bare.nuclei",3.5,1,NA,37,1
4,5,"Cell.shape",3.5,1,NA,37,2
6,7,"Bl.cromatin",1.5,1,NA,37,3
8,9,"Cell.size",1.5,1,NA,37,4
10,11,"Marg.adhesion",3.5,1,NA,37,5
12,13,"Cell.size",1.5,1,NA,37,6
14,15,"Cell.size",4.5,1,NA,37,7
0,0,NA,0,-1,"benign",37,8
16,17,"Cl.thickness",7,1,NA,37,9
18,19,"Cl.thickness",5.5,1,NA,37,10
0,0,NA,0,-1,"malignant",37,11
0,0,NA,0,-1,"benign",37,12
0,0,NA,0,-1,"malignant",37,13
20,21,"Cell.shape",1.5,1,NA,37,14
22,23,"Marg.adhesion",1.5,1,NA,37,15
0,0,NA,0,-1,"benign",37,16
24,25,"Bl.cromatin",5,1,NA,37,17
0,0,NA,0,-1,"benign",37,18
0,0,NA,0,-1,"malignant",37,19
0,0,NA,0,-1,"benign",37,20
26,27,"Bare.nuclei",7.5,1,NA,37,21
28,29,"Epith.c.size",4,1,NA,37,22
30,31,"Bl.cromatin",4.5,1,NA,37,23
0,0,NA,0,-1,"benign",37,24
0,0,NA,0,-1,"malignant",37,25
32,33,"Normal.nucleoli",2,1,NA,37,26
34,35,"Bl.cromatin",3.5,1,NA,37,27
36,37,"Bare.nuclei",5,1,NA,37,28
0,0,NA,0,-1,"benign",37,29
38,39,"Normal.nucleoli",2.5,1,NA,37,30
0,0,NA,0,-1,"malignant",37,31
40,41,"Bl.cromatin",3,1,NA,37,32
42,43,"Bl.cromatin",3.5,1,NA,37,33
44,45,"Cell.shape",3.5,1,NA,37,34
0,0,NA,0,-1,"malignant",37,35
46,47,"Cell.shape",6,1,NA,37,36
0,0,NA,0,-1,"malignant",37,37
48,49,"Normal.nucleoli",1.5,1,NA,37,38
0,0,NA,0,-1,"malignant",37,39
0,0,NA,0,-1,"benign",37,40
0,0,NA,0,-1,"malignant",37,41
0,0,NA,0,-1,"malignant",37,42
50,51,"Cell.shape",4.5,1,NA,37,43
52,53,"Marg.adhesion",4,1,NA,37,44
0,0,NA,0,-1,"malignant",37,45
0,0,NA,0,-1,"malignant",37,46
0,0,NA,0,-1,"benign",37,47
0,0,NA,0,-1,"malignant",37,48
0,0,NA,0,-1,"benign",37,49
0,0,NA,0,-1,"benign",37,50
0,0,NA,0,-1,"malignant",37,51
0,0,NA,0,-1,"malignant",37,52
0,0,NA,0,-1,"benign",37,53
2,3,"Cell.size",3.5,1,NA,38,1
4,5,"Normal.nucleoli",2.5,1,NA,38,2
6,7,"Cell.shape",2.5,1,NA,38,3
8,9,"Bare.nuclei",7.5,1,NA,38,4
10,11,"Cell.shape",3.5,1,NA,38,5
0,0,NA,0,-1,"benign",38,6
12,13,"Epith.c.size",5.5,1,NA,38,7
14,15,"Mitoses",5,1,NA,38,8
16,17,"Cell.size",1.5,1,NA,38,9
18,19,"Bl.cromatin",3.5,1,NA,38,10
0,0,NA,0,-1,"malignant",38,11
20,21,"Cl.thickness",8.5,1,NA,38,12
0,0,NA,0,-1,"malignant",38,13
22,23,"Cl.thickness",7,1,NA,38,14
24,25,"Mitoses",7.5,1,NA,38,15
0,0,NA,0,-1,"benign",38,16
0,0,NA,0,-1,"malignant",38,17
26,27,"Mitoses",2,1,NA,38,18
28,29,"Bare.nuclei",2,1,NA,38,19
30,31,"Cell.shape",7.5,1,NA,38,20
0,0,NA,0,-1,"malignant",38,21
32,33,"Bare.nuclei",3.5,1,NA,38,22
34,35,"Normal.nucleoli",1.5,1,NA,38,23
0,0,NA,0,-1,"malignant",38,24
0,0,NA,0,-1,"benign",38,25
0,0,NA,0,-1,"benign",38,26
36,37,"Normal.nucleoli",4,1,NA,38,27
0,0,NA,0,-1,"benign",38,28
0,0,NA,0,-1,"malignant",38,29
38,39,"Normal.nucleoli",2.5,1,NA,38,30
0,0,NA,0,-1,"malignant",38,31
0,0,NA,0,-1,"benign",38,32
40,41,"Cl.thickness",5.5,1,NA,38,33
0,0,NA,0,-1,"malignant",38,34
0,0,NA,0,-1,"benign",38,35
0,0,NA,0,-1,"malignant",38,36
0,0,NA,0,-1,"benign",38,37
42,43,"Normal.nucleoli",1.5,1,NA,38,38
44,45,"Mitoses",1.5,1,NA,38,39
0,0,NA,0,-1,"benign",38,40
0,0,NA,0,-1,"malignant",38,41
0,0,NA,0,-1,"malignant",38,42
0,0,NA,0,-1,"benign",38,43
0,0,NA,0,-1,"malignant",38,44
46,47,"Bare.nuclei",7.5,1,NA,38,45
48,49,"Cell.size",6,1,NA,38,46
0,0,NA,0,-1,"malignant",38,47
0,0,NA,0,-1,"benign",38,48
0,0,NA,0,-1,"malignant",38,49
2,3,"Cell.size",3.5,1,NA,39,1
4,5,"Cl.thickness",6.5,1,NA,39,2
6,7,"Cell.shape",2.5,1,NA,39,3
8,9,"Bare.nuclei",6,1,NA,39,4
10,11,"Mitoses",1.5,1,NA,39,5
12,13,"Cell.size",7,1,NA,39,6
14,15,"Bare.nuclei",7.5,1,NA,39,7
16,17,"Cell.shape",2.5,1,NA,39,8
18,19,"Cell.shape",1.5,1,NA,39,9
20,21,"Bare.nuclei",2.5,1,NA,39,10
0,0,NA,0,-1,"malignant",39,11
0,0,NA,0,-1,"benign",39,12
0,0,NA,0,-1,"malignant",39,13
22,23,"Epith.c.size",2.5,1,NA,39,14
24,25,"Bare.nuclei",8.5,1,NA,39,15
0,0,NA,0,-1,"benign",39,16
26,27,"Marg.adhesion",3.5,1,NA,39,17
0,0,NA,0,-1,"benign",39,18
28,29,"Cl.thickness",5.5,1,NA,39,19
0,0,NA,0,-1,"benign",39,20
0,0,NA,0,-1,"malignant",39,21
0,0,NA,0,-1,"benign",39,22
30,31,"Bare.nuclei",6.5,1,NA,39,23
32,33,"Bl.cromatin",5,1,NA,39,24
34,35,"Cell.shape",4.5,1,NA,39,25
36,37,"Normal.nucleoli",3.5,1,NA,39,26
0,0,NA,0,-1,"malignant",39,27
0,0,NA,0,-1,"malignant",39,28
0,0,NA,0,-1,"benign",39,29
38,39,"Cell.size",5,1,NA,39,30
40,41,"Epith.c.size",3.5,1,NA,39,31
42,43,"Cell.size",8.5,1,NA,39,32
0,0,NA,0,-1,"malignant",39,33
44,45,"Cl.thickness",6,1,NA,39,34
0,0,NA,0,-1,"malignant",39,35
0,0,NA,0,-1,"benign",39,36
0,0,NA,0,-1,"malignant",39,37
46,47,"Epith.c.size",6.5,1,NA,39,38
48,49,"Epith.c.size",3.5,1,NA,39,39
0,0,NA,0,-1,"malignant",39,40
0,0,NA,0,-1,"benign",39,41
0,0,NA,0,-1,"malignant",39,42
50,51,"Cell.size",9.5,1,NA,39,43
52,53,"Normal.nucleoli",4,1,NA,39,44
0,0,NA,0,-1,"malignant",39,45
54,55,"Cl.thickness",9,1,NA,39,46
0,0,NA,0,-1,"benign",39,47
56,57,"Cl.thickness",7,1,NA,39,48
0,0,NA,0,-1,"malignant",39,49
0,0,NA,0,-1,"benign",39,50
0,0,NA,0,-1,"malignant",39,51
58,59,"Cl.thickness",4,1,NA,39,52
0,0,NA,0,-1,"malignant",39,53
60,61,"Marg.adhesion",3.5,1,NA,39,54
0,0,NA,0,-1,"malignant",39,55
62,63,"Cell.shape",7,1,NA,39,56
0,0,NA,0,-1,"malignant",39,57
0,0,NA,0,-1,"malignant",39,58
0,0,NA,0,-1,"benign",39,59
0,0,NA,0,-1,"benign",39,60
64,65,"Bare.nuclei",3,1,NA,39,61
0,0,NA,0,-1,"malignant",39,62
0,0,NA,0,-1,"benign",39,63
0,0,NA,0,-1,"malignant",39,64
0,0,NA,0,-1,"benign",39,65
2,3,"Epith.c.size",2.5,1,NA,40,1
4,5,"Bare.nuclei",4.5,1,NA,40,2
6,7,"Bl.cromatin",2.5,1,NA,40,3
8,9,"Cell.size",4,1,NA,40,4
10,11,"Cell.size",1.5,1,NA,40,5
12,13,"Cell.size",3.5,1,NA,40,6
14,15,"Cell.shape",1.5,1,NA,40,7
0,0,NA,0,-1,"benign",40,8
0,0,NA,0,-1,"malignant",40,9
0,0,NA,0,-1,"benign",40,10
0,0,NA,0,-1,"malignant",40,11
0,0,NA,0,-1,"benign",40,12
0,0,NA,0,-1,"malignant",40,13
0,0,NA,0,-1,"benign",40,14
16,17,"Bl.cromatin",4.5,1,NA,40,15
18,19,"Normal.nucleoli",7.5,1,NA,40,16
20,21,"Cell.size",4.5,1,NA,40,17
22,23,"Cell.size",3.5,1,NA,40,18
0,0,NA,0,-1,"malignant",40,19
24,25,"Bl.cromatin",5.5,1,NA,40,20
0,0,NA,0,-1,"malignant",40,21
26,27,"Bare.nuclei",6,1,NA,40,22
28,29,"Mitoses",1.5,1,NA,40,23
0,0,NA,0,-1,"malignant",40,24
30,31,"Bl.cromatin",7.5,1,NA,40,25
32,33,"Mitoses",2,1,NA,40,26
0,0,NA,0,-1,"malignant",40,27
34,35,"Bl.cromatin",3.5,1,NA,40,28
0,0,NA,0,-1,"malignant",40,29
36,37,"Bare.nuclei",2.5,1,NA,40,30
0,0,NA,0,-1,"malignant",40,31
0,0,NA,0,-1,"benign",40,32
0,0,NA,0,-1,"malignant",40,33
38,39,"Cl.thickness",6.5,1,NA,40,34
40,41,"Bare.nuclei",9,1,NA,40,35
0,0,NA,0,-1,"benign",40,36
42,43,"Cl.thickness",8.5,1,NA,40,37
44,45,"Marg.adhesion",7.5,1,NA,40,38
0,0,NA,0,-1,"malignant",40,39
0,0,NA,0,-1,"benign",40,40
0,0,NA,0,-1,"malignant",40,41
46,47,"Cell.shape",4.5,1,NA,40,42
0,0,NA,0,-1,"malignant",40,43
48,49,"Epith.c.size",4.5,1,NA,40,44
0,0,NA,0,-1,"malignant",40,45
50,51,"Bare.nuclei",7.5,1,NA,40,46
0,0,NA,0,-1,"malignant",40,47
0,0,NA,0,-1,"malignant",40,48
0,0,NA,0,-1,"benign",40,49
0,0,NA,0,-1,"benign",40,50
0,0,NA,0,-1,"malignant",40,51
2,3,"Bl.cromatin",3.5,1,NA,41,1
4,5,"Cl.thickness",6.5,1,NA,41,2
6,7,"Epith.c.size",2.5,1,NA,41,3
8,9,"Normal.nucleoli",3.5,1,NA,41,4
10,11,"Cell.size",3.5,1,NA,41,5
12,13,"Cell.shape",3.5,1,NA,41,6
14,15,"Cell.size",1.5,1,NA,41,7
16,17,"Cell.size",4.5,1,NA,41,8
18,19,"Epith.c.size",6.5,1,NA,41,9
20,21,"Mitoses",1.5,1,NA,41,10
0,0,NA,0,-1,"malignant",41,11
22,23,"Normal.nucleoli",3,1,NA,41,12
0,0,NA,0,-1,"malignant",41,13
24,25,"Cl.thickness",4.5,1,NA,41,14
26,27,"Cell.shape",4.5,1,NA,41,15
28,29,"Mitoses",2.5,1,NA,41,16
0,0,NA,0,-1,"malignant",41,17
30,31,"Marg.adhesion",1.5,1,NA,41,18
0,0,NA,0,-1,"benign",41,19
32,33,"Normal.nucleoli",2.5,1,NA,41,20
0,0,NA,0,-1,"malignant",41,21
0,0,NA,0,-1,"benign",41,22
34,35,"Normal.nucleoli",6,1,NA,41,23
0,0,NA,0,-1,"benign",41,24
0,0,NA,0,-1,"malignant",41,25
36,37,"Bare.nuclei",8.5,1,NA,41,26
38,39,"Cell.size",8.5,1,NA,41,27
40,41,"Marg.adhesion",8,1,NA,41,28
42,43,"Bare.nuclei",2,1,NA,41,29
44,45,"Bare.nuclei",3,1,NA,41,30
46,47,"Normal.nucleoli",4.5,1,NA,41,31
0,0,NA,0,-1,"benign",41,32
0,0,NA,0,-1,"malignant",41,33
0,0,NA,0,-1,"malignant",41,34
0,0,NA,0,-1,"benign",41,35
48,49,"Marg.adhesion",2,1,NA,41,36
0,0,NA,0,-1,"malignant",41,37
0,0,NA,0,-1,"malignant",41,38
50,51,"Normal.nucleoli",2.5,1,NA,41,39
52,53,"Bare.nuclei",4.5,1,NA,41,40
0,0,NA,0,-1,"malignant",41,41
0,0,NA,0,-1,"benign",41,42
0,0,NA,0,-1,"malignant",41,43
54,55,"Epith.c.size",4,1,NA,41,44
0,0,NA,0,-1,"benign",41,45
0,0,NA,0,-1,"malignant",41,46
56,57,"Cl.thickness",5.5,1,NA,41,47
0,0,NA,0,-1,"malignant",41,48
58,59,"Cl.thickness",3.5,1,NA,41,49
60,61,"Epith.c.size",5.5,1,NA,41,50
0,0,NA,0,-1,"malignant",41,51
0,0,NA,0,-1,"benign",41,52
62,63,"Marg.adhesion",2,1,NA,41,53
0,0,NA,0,-1,"benign",41,54
0,0,NA,0,-1,"malignant",41,55
0,0,NA,0,-1,"malignant",41,56
0,0,NA,0,-1,"benign",41,57
0,0,NA,0,-1,"malignant",41,58
64,65,"Cell.size",5.5,1,NA,41,59
66,67,"Bare.nuclei",4.5,1,NA,41,60
0,0,NA,0,-1,"malignant",41,61
0,0,NA,0,-1,"benign",41,62
68,69,"Bl.cromatin",2.5,1,NA,41,63
0,0,NA,0,-1,"benign",41,64
0,0,NA,0,-1,"malignant",41,65
0,0,NA,0,-1,"malignant",41,66
0,0,NA,0,-1,"benign",41,67
0,0,NA,0,-1,"malignant",41,68
0,0,NA,0,-1,"benign",41,69
2,3,"Bare.nuclei",2.5,1,NA,42,1
4,5,"Cell.shape",3.5,1,NA,42,2
6,7,"Cell.shape",2.5,1,NA,42,3
8,9,"Marg.adhesion",7,1,NA,42,4
10,11,"Cell.size",4.5,1,NA,42,5
12,13,"Bare.nuclei",5.5,1,NA,42,6
14,15,"Cell.shape",4.5,1,NA,42,7
16,17,"Mitoses",9,1,NA,42,8
0,0,NA,0,-1,"malignant",42,9
18,19,"Cl.thickness",5.5,1,NA,42,10
0,0,NA,0,-1,"malignant",42,11
20,21,"Cl.thickness",3.5,1,NA,42,12
0,0,NA,0,-1,"malignant",42,13
22,23,"Cl.thickness",6.5,1,NA,42,14
24,25,"Cell.shape",7.5,1,NA,42,15
0,0,NA,0,-1,"benign",42,16
0,0,NA,0,-1,"malignant",42,17
26,27,"Cl.thickness",3.5,1,NA,42,18
28,29,"Marg.adhesion",2,1,NA,42,19
0,0,NA,0,-1,"benign",42,20
30,31,"Marg.adhesion",2,1,NA,42,21
32,33,"Cell.size",4.5,1,NA,42,22
34,35,"Normal.nucleoli",7,1,NA,42,23
36,37,"Bare.nuclei",3.5,1,NA,42,24
0,0,NA,0,-1,"malignant",42,25
0,0,NA,0,-1,"malignant",42,26
0,0,NA,0,-1,"benign",42,27
0,0,NA,0,-1,"malignant",42,28
0,0,NA,0,-1,"benign",42,29
0,0,NA,0,-1,"benign",42,30
38,39,"Cell.shape",1.5,1,NA,42,31
40,41,"Cell.size",2.5,1,NA,42,32
0,0,NA,0,-1,"malignant",42,33
0,0,NA,0,-1,"malignant",42,34
42,43,"Cell.size",6,1,NA,42,35
0,0,NA,0,-1,"benign",42,36
44,45,"Cell.shape",6.5,1,NA,42,37
0,0,NA,0,-1,"malignant",42,38
0,0,NA,0,-1,"benign",42,39
0,0,NA,0,-1,"malignant",42,40
46,47,"Epith.c.size",2.5,1,NA,42,41
0,0,NA,0,-1,"benign",42,42
0,0,NA,0,-1,"malignant",42,43
0,0,NA,0,-1,"malignant",42,44
48,49,"Marg.adhesion",1.5,1,NA,42,45
50,51,"Bl.cromatin",2.5,1,NA,42,46
52,53,"Normal.nucleoli",4,1,NA,42,47
0,0,NA,0,-1,"benign",42,48
0,0,NA,0,-1,"malignant",42,49
0,0,NA,0,-1,"benign",42,50
0,0,NA,0,-1,"malignant",42,51
54,55,"Marg.adhesion",2.5,1,NA,42,52
0,0,NA,0,-1,"benign",42,53
0,0,NA,0,-1,"malignant",42,54
0,0,NA,0,-1,"benign",42,55
2,3,"Bare.nuclei",2.5,1,NA,43,1
4,5,"Cell.size",3.5,1,NA,43,2
6,7,"Bl.cromatin",2.5,1,NA,43,3
8,9,"Cell.shape",3.5,1,NA,43,4
10,11,"Bl.cromatin",3.5,1,NA,43,5
12,13,"Cl.thickness",6,1,NA,43,6
14,15,"Bl.cromatin",3.5,1,NA,43,7
0,0,NA,0,-1,"benign",43,8
16,17,"Bare.nuclei",1.5,1,NA,43,9
18,19,"Cl.thickness",6.5,1,NA,43,10
0,0,NA,0,-1,"malignant",43,11
0,0,NA,0,-1,"benign",43,12
0,0,NA,0,-1,"malignant",43,13
20,21,"Cell.shape",2.5,1,NA,43,14
22,23,"Bare.nuclei",7.5,1,NA,43,15
0,0,NA,0,-1,"benign",43,16
0,0,NA,0,-1,"malignant",43,17
24,25,"Cell.size",5,1,NA,43,18
0,0,NA,0,-1,"malignant",43,19
0,0,NA,0,-1,"benign",43,20
26,27,"Epith.c.size",6.5,1,NA,43,21
28,29,"Cl.thickness",3.5,1,NA,43,22
0,0,NA,0,-1,"malignant",43,23
30,31,"Normal.nucleoli",4.5,1,NA,43,24
0,0,NA,0,-1,"malignant",43,25
32,33,"Marg.adhesion",4,1,NA,43,26
34,35,"Epith.c.size",7.5,1,NA,43,27
36,37,"Cell.size",4.5,1,NA,43,28
38,39,"Bare.nuclei",6.5,1,NA,43,29
0,0,NA,0,-1,"malignant",43,30
0,0,NA,0,-1,"benign",43,31
0,0,NA,0,-1,"malignant",43,32
40,41,"Marg.adhesion",5.5,1,NA,43,33
0,0,NA,0,-1,"benign",43,34
0,0,NA,0,-1,"malignant",43,35
0,0,NA,0,-1,"benign",43,36
0,0,NA,0,-1,"malignant",43,37
42,43,"Marg.adhesion",3.5,1,NA,43,38
44,45,"Normal.nucleoli",9,1,NA,43,39
0,0,NA,0,-1,"benign",43,40
0,0,NA,0,-1,"malignant",43,41
46,47,"Mitoses",1.5,1,NA,43,42
0,0,NA,0,-1,"malignant",43,43
48,49,"Marg.adhesion",4.5,1,NA,43,44
0,0,NA,0,-1,"malignant",43,45
50,51,"Cell.shape",3.5,1,NA,43,46
0,0,NA,0,-1,"malignant",43,47
0,0,NA,0,-1,"malignant",43,48
0,0,NA,0,-1,"benign",43,49
0,0,NA,0,-1,"malignant",43,50
0,0,NA,0,-1,"benign",43,51
2,3,"Cell.size",3.5,1,NA,44,1
4,5,"Normal.nucleoli",3.5,1,NA,44,2
6,7,"Marg.adhesion",1.5,1,NA,44,3
8,9,"Cl.thickness",6.5,1,NA,44,4
10,11,"Normal.nucleoli",5.5,1,NA,44,5
12,13,"Cl.thickness",7,1,NA,44,6
14,15,"Cell.size",4.5,1,NA,44,7
16,17,"Cell.shape",4.5,1,NA,44,8
18,19,"Bare.nuclei",2.5,1,NA,44,9
0,0,NA,0,-1,"malignant",44,10
20,21,"Cell.shape",2.5,1,NA,44,11
22,23,"Normal.nucleoli",8.5,1,NA,44,12
0,0,NA,0,-1,"malignant",44,13
24,25,"Cl.thickness",7.5,1,NA,44,14
0,0,NA,0,-1,"malignant",44,15
26,27,"Bare.nuclei",7.5,1,NA,44,16
28,29,"Bare.nuclei",5.5,1,NA,44,17
0,0,NA,0,-1,"benign",44,18
0,0,NA,0,-1,"malignant",44,19
0,0,NA,0,-1,"benign",44,20
30,31,"Epith.c.size",4.5,1,NA,44,21
0,0,NA,0,-1,"benign",44,22
0,0,NA,0,-1,"malignant",44,23
0,0,NA,0,-1,"malignant",44,24
32,33,"Bl.cromatin",4.5,1,NA,44,25
34,35,"Bare.nuclei",2.5,1,NA,44,26
0,0,NA,0,-1,"malignant",44,27
0,0,NA,0,-1,"benign",44,28
0,0,NA,0,-1,"malignant",44,29
36,37,"Cell.size",2.5,1,NA,44,30
0,0,NA,0,-1,"malignant",44,31
0,0,NA,0,-1,"benign",44,32
0,0,NA,0,-1,"malignant",44,33
0,0,NA,0,-1,"benign",44,34
38,39,"Cell.shape",2.5,1,NA,44,35
0,0,NA,0,-1,"malignant",44,36
0,0,NA,0,-1,"benign",44,37
0,0,NA,0,-1,"benign",44,38
40,41,"Bare.nuclei",3.5,1,NA,44,39
0,0,NA,0,-1,"malignant",44,40
0,0,NA,0,-1,"benign",44,41
2,3,"Cell.size",2.5,1,NA,45,1
4,5,"Cl.thickness",8.5,1,NA,45,2
6,7,"Bl.cromatin",2.5,1,NA,45,3
8,9,"Bare.nuclei",6,1,NA,45,4
0,0,NA,0,-1,"malignant",45,5
10,11,"Cl.thickness",7,1,NA,45,6
12,13,"Cell.size",3.5,1,NA,45,7
14,15,"Epith.c.size",3.5,1,NA,45,8
16,17,"Cell.shape",2,1,NA,45,9
18,19,"Bare.nuclei",3,1,NA,45,10
0,0,NA,0,-1,"malignant",45,11
20,21,"Marg.adhesion",2.5,1,NA,45,12
22,23,"Bl.cromatin",4.5,1,NA,45,13
0,0,NA,0,-1,"benign",45,14
24,25,"Bare.nuclei",4,1,NA,45,15
0,0,NA,0,-1,"benign",45,16
0,0,NA,0,-1,"malignant",45,17
0,0,NA,0,-1,"benign",45,18
0,0,NA,0,-1,"malignant",45,19
26,27,"Bare.nuclei",2.5,1,NA,45,20
28,29,"Mitoses",2.5,1,NA,45,21
30,31,"Bare.nuclei",8.5,1,NA,45,22
32,33,"Bare.nuclei",5.5,1,NA,45,23
0,0,NA,0,-1,"benign",45,24
34,35,"Bl.cromatin",3.5,1,NA,45,25
0,0,NA,0,-1,"benign",45,26
36,37,"Cl.thickness",4,1,NA,45,27
0,0,NA,0,-1,"malignant",45,28
38,39,"Cell.shape",4,1,NA,45,29
40,41,"Normal.nucleoli",7.5,1,NA,45,30
0,0,NA,0,-1,"malignant",45,31
42,43,"Normal.nucleoli",3.5,1,NA,45,32
0,0,NA,0,-1,"malignant",45,33
0,0,NA,0,-1,"benign",45,34
0,0,NA,0,-1,"malignant",45,35
44,45,"Bl.cromatin",5,1,NA,45,36
0,0,NA,0,-1,"malignant",45,37
46,47,"Normal.nucleoli",4.5,1,NA,45,38
0,0,NA,0,-1,"malignant",45,39
48,49,"Mitoses",2,1,NA,45,40
0,0,NA,0,-1,"malignant",45,41
50,51,"Cell.size",4.5,1,NA,45,42
0,0,NA,0,-1,"malignant",45,43
0,0,NA,0,-1,"benign",45,44
0,0,NA,0,-1,"malignant",45,45
0,0,NA,0,-1,"malignant",45,46
0,0,NA,0,-1,"benign",45,47
52,53,"Cl.thickness",6.5,1,NA,45,48
0,0,NA,0,-1,"malignant",45,49
0,0,NA,0,-1,"benign",45,50
0,0,NA,0,-1,"malignant",45,51
54,55,"Marg.adhesion",4,1,NA,45,52
56,57,"Epith.c.size",3.5,1,NA,45,53
0,0,NA,0,-1,"benign",45,54
58,59,"Bare.nuclei",6.5,1,NA,45,55
0,0,NA,0,-1,"benign",45,56
0,0,NA,0,-1,"malignant",45,57
0,0,NA,0,-1,"malignant",45,58
0,0,NA,0,-1,"benign",45,59
2,3,"Cell.size",2.5,1,NA,46,1
4,5,"Bl.cromatin",6,1,NA,46,2
6,7,"Bare.nuclei",1.5,1,NA,46,3
8,9,"Cl.thickness",9,1,NA,46,4
10,11,"Cl.thickness",7,1,NA,46,5
12,13,"Cell.shape",3.5,1,NA,46,6
14,15,"Cell.size",4.5,1,NA,46,7
16,17,"Bare.nuclei",3.5,1,NA,46,8
0,0,NA,0,-1,"malignant",46,9
0,0,NA,0,-1,"benign",46,10
0,0,NA,0,-1,"malignant",46,11
0,0,NA,0,-1,"benign",46,12
18,19,"Cell.shape",4.5,1,NA,46,13
20,21,"Epith.c.size",6,1,NA,46,14
22,23,"Marg.adhesion",1.5,1,NA,46,15
0,0,NA,0,-1,"benign",46,16
24,25,"Bl.cromatin",1.5,1,NA,46,17
26,27,"Epith.c.size",4.5,1,NA,46,18
0,0,NA,0,-1,"malignant",46,19
28,29,"Bl.cromatin",3.5,1,NA,46,20
30,31,"Cell.size",3.5,1,NA,46,21
32,33,"Cell.shape",6.5,1,NA,46,22
34,35,"Bare.nuclei",8.5,1,NA,46,23
0,0,NA,0,-1,"benign",46,24
36,37,"Cell.size",1.5,1,NA,46,25
0,0,NA,0,-1,"benign",46,26
0,0,NA,0,-1,"malignant",46,27
38,39,"Normal.nucleoli",2.5,1,NA,46,28
40,41,"Bare.nuclei",6.5,1,NA,46,29
0,0,NA,0,-1,"malignant",46,30
0,0,NA,0,-1,"benign",46,31
0,0,NA,0,-1,"malignant",46,32
42,43,"Cell.size",9,1,NA,46,33
44,45,"Cl.thickness",6.5,1,NA,46,34
0,0,NA,0,-1,"malignant",46,35
46,47,"Bare.nuclei",7.5,1,NA,46,36
0,0,NA,0,-1,"malignant",46,37
0,0,NA,0,-1,"benign",46,38
0,0,NA,0,-1,"malignant",46,39
48,49,"Cell.size",3.5,1,NA,46,40
0,0,NA,0,-1,"malignant",46,41
0,0,NA,0,-1,"benign",46,42
0,0,NA,0,-1,"malignant",46,43
50,51,"Epith.c.size",5.5,1,NA,46,44
0,0,NA,0,-1,"malignant",46,45
52,53,"Epith.c.size",1.5,1,NA,46,46
0,0,NA,0,-1,"benign",46,47
54,55,"Bare.nuclei",4.5,1,NA,46,48
0,0,NA,0,-1,"malignant",46,49
56,57,"Normal.nucleoli",3,1,NA,46,50
0,0,NA,0,-1,"malignant",46,51
0,0,NA,0,-1,"malignant",46,52
0,0,NA,0,-1,"benign",46,53
0,0,NA,0,-1,"malignant",46,54
58,59,"Mitoses",1.5,1,NA,46,55
0,0,NA,0,-1,"benign",46,56
0,0,NA,0,-1,"malignant",46,57
0,0,NA,0,-1,"benign",46,58
0,0,NA,0,-1,"malignant",46,59
2,3,"Bare.nuclei",2.5,1,NA,47,1
4,5,"Epith.c.size",3.5,1,NA,47,2
6,7,"Cell.size",1.5,1,NA,47,3
8,9,"Cell.shape",4.5,1,NA,47,4
10,11,"Bl.cromatin",3.5,1,NA,47,5
12,13,"Cell.shape",2.5,1,NA,47,6
14,15,"Cell.shape",2.5,1,NA,47,7
0,0,NA,0,-1,"benign",47,8
0,0,NA,0,-1,"malignant",47,9
16,17,"Cell.shape",2.5,1,NA,47,10
0,0,NA,0,-1,"malignant",47,11
18,19,"Normal.nucleoli",2.5,1,NA,47,12
20,21,"Bl.cromatin",3,1,NA,47,13
22,23,"Cl.thickness",5,1,NA,47,14
24,25,"Cl.thickness",6.5,1,NA,47,15
0,0,NA,0,-1,"benign",47,16
26,27,"Cell.shape",4.5,1,NA,47,17
28,29,"Bare.nuclei",4.5,1,NA,47,18
0,0,NA,0,-1,"malignant",47,19
0,0,NA,0,-1,"benign",47,20
0,0,NA,0,-1,"malignant",47,21
0,0,NA,0,-1,"benign",47,22
0,0,NA,0,-1,"malignant",47,23
30,31,"Marg.adhesion",5.5,1,NA,47,24
0,0,NA,0,-1,"malignant",47,25
0,0,NA,0,-1,"malignant",47,26
32,33,"Cell.size",5,1,NA,47,27
0,0,NA,0,-1,"benign",47,28
34,35,"Marg.adhesion",2,1,NA,47,29
36,37,"Bl.cromatin",3.5,1,NA,47,30
0,0,NA,0,-1,"malignant",47,31
0,0,NA,0,-1,"benign",47,32
0,0,NA,0,-1,"malignant",47,33
0,0,NA,0,-1,"benign",47,34
38,39,"Cl.thickness",4.5,1,NA,47,35
40,41,"Epith.c.size",2.5,1,NA,47,36
42,43,"Bare.nuclei",5.5,1,NA,47,37
0,0,NA,0,-1,"malignant",47,38
0,0,NA,0,-1,"benign",47,39
0,0,NA,0,-1,"malignant",47,40
44,45,"Cell.size",3.5,1,NA,47,41
46,47,"Bare.nuclei",4.5,1,NA,47,42
0,0,NA,0,-1,"malignant",47,43
48,49,"Normal.nucleoli",4,1,NA,47,44
0,0,NA,0,-1,"benign",47,45
0,0,NA,0,-1,"malignant",47,46
0,0,NA,0,-1,"benign",47,47
0,0,NA,0,-1,"malignant",47,48
0,0,NA,0,-1,"benign",47,49
2,3,"Normal.nucleoli",2.5,1,NA,48,1
4,5,"Cl.thickness",6.5,1,NA,48,2
6,7,"Cell.shape",1.5,1,NA,48,3
8,9,"Cell.size",5,1,NA,48,4
10,11,"Cell.shape",1.5,1,NA,48,5
12,13,"Cl.thickness",7.5,1,NA,48,6
14,15,"Bl.cromatin",3.5,1,NA,48,7
16,17,"Bare.nuclei",7.5,1,NA,48,8
18,19,"Normal.nucleoli",1.5,1,NA,48,9
0,0,NA,0,-1,"benign",48,10
20,21,"Cell.size",1.5,1,NA,48,11
0,0,NA,0,-1,"benign",48,12
0,0,NA,0,-1,"malignant",48,13
22,23,"Cell.shape",2.5,1,NA,48,14
24,25,"Cell.shape",4.5,1,NA,48,15
26,27,"Bare.nuclei",3.5,1,NA,48,16
28,29,"Cl.thickness",2,1,NA,48,17
0,0,NA,0,-1,"malignant",48,18
0,0,NA,0,-1,"benign",48,19
0,0,NA,0,-1,"benign",48,20
0,0,NA,0,-1,"malignant",48,21
0,0,NA,0,-1,"benign",48,22
30,31,"Epith.c.size",5.5,1,NA,48,23
32,33,"Cl.thickness",5.5,1,NA,48,24
0,0,NA,0,-1,"malignant",48,25
0,0,NA,0,-1,"benign",48,26
34,35,"Bl.cromatin",1.5,1,NA,48,27
0,0,NA,0,-1,"benign",48,28
0,0,NA,0,-1,"malignant",48,29
36,37,"Cell.shape",7.5,1,NA,48,30
0,0,NA,0,-1,"malignant",48,31
38,39,"Bare.nuclei",6,1,NA,48,32
0,0,NA,0,-1,"malignant",48,33
0,0,NA,0,-1,"benign",48,34
40,41,"Bl.cromatin",4.5,1,NA,48,35
42,43,"Cell.shape",3.5,1,NA,48,36
44,45,"Bare.nuclei",5,1,NA,48,37
46,47,"Normal.nucleoli",8.5,1,NA,48,38
0,0,NA,0,-1,"malignant",48,39
48,49,"Cell.size",3.5,1,NA,48,40
0,0,NA,0,-1,"benign",48,41
50,51,"Cl.thickness",5.5,1,NA,48,42
52,53,"Cl.thickness",5.5,1,NA,48,43
0,0,NA,0,-1,"benign",48,44
0,0,NA,0,-1,"malignant",48,45
0,0,NA,0,-1,"benign",48,46
0,0,NA,0,-1,"malignant",48,47
54,55,"Marg.adhesion",6.5,1,NA,48,48
0,0,NA,0,-1,"benign",48,49
0,0,NA,0,-1,"malignant",48,50
0,0,NA,0,-1,"benign",48,51
56,57,"Cl.thickness",4,1,NA,48,52
0,0,NA,0,-1,"malignant",48,53
0,0,NA,0,-1,"malignant",48,54
0,0,NA,0,-1,"benign",48,55
0,0,NA,0,-1,"malignant",48,56
0,0,NA,0,-1,"benign",48,57
2,3,"Cell.shape",3.5,1,NA,49,1
4,5,"Normal.nucleoli",3.5,1,NA,49,2
6,7,"Marg.adhesion",3.5,1,NA,49,3
8,9,"Cl.thickness",9,1,NA,49,4
10,11,"Cl.thickness",4,1,NA,49,5
12,13,"Bare.nuclei",1.5,1,NA,49,6
0,0,NA,0,-1,"malignant",49,7
14,15,"Bl.cromatin",7.5,1,NA,49,8
0,0,NA,0,-1,"malignant",49,9
16,17,"Bare.nuclei",5,1,NA,49,10
18,19,"Mitoses",2.5,1,NA,49,11
0,0,NA,0,-1,"benign",49,12
20,21,"Cl.thickness",5.5,1,NA,49,13
22,23,"Marg.adhesion",2.5,1,NA,49,14
0,0,NA,0,-1,"malignant",49,15
0,0,NA,0,-1,"benign",49,16
0,0,NA,0,-1,"malignant",49,17
0,0,NA,0,-1,"malignant",49,18
24,25,"Normal.nucleoli",4.5,1,NA,49,19
26,27,"Cell.size",4.5,1,NA,49,20
0,0,NA,0,-1,"malignant",49,21
28,29,"Bare.nuclei",3.5,1,NA,49,22
30,31,"Bare.nuclei",4,1,NA,49,23
0,0,NA,0,-1,"malignant",49,24
32,33,"Epith.c.size",3.5,1,NA,49,25
34,35,"Epith.c.size",5,1,NA,49,26
0,0,NA,0,-1,"malignant",49,27
0,0,NA,0,-1,"benign",49,28
36,37,"Cell.shape",1.5,1,NA,49,29
0,0,NA,0,-1,"benign",49,30
38,39,"Bare.nuclei",7.5,1,NA,49,31
0,0,NA,0,-1,"benign",49,32
0,0,NA,0,-1,"malignant",49,33
0,0,NA,0,-1,"benign",49,34
0,0,NA,0,-1,"malignant",49,35
0,0,NA,0,-1,"benign",49,36
40,41,"Cl.thickness",5,1,NA,49,37
42,43,"Epith.c.size",2.5,1,NA,49,38
0,0,NA,0,-1,"malignant",49,39
0,0,NA,0,-1,"benign",49,40
0,0,NA,0,-1,"malignant",49,41
0,0,NA,0,-1,"malignant",49,42
0,0,NA,0,-1,"benign",49,43
2,3,"Normal.nucleoli",2.5,1,NA,50,1
4,5,"Cell.size",3.5,1,NA,50,2
6,7,"Cl.thickness",4.5,1,NA,50,3
8,9,"Bare.nuclei",5.5,1,NA,50,4
10,11,"Epith.c.size",6.5,1,NA,50,5
12,13,"Cell.size",4.5,1,NA,50,6
14,15,"Cell.size",4.5,1,NA,50,7
16,17,"Epith.c.size",5.5,1,NA,50,8
0,0,NA,0,-1,"malignant",50,9
0,0,NA,0,-1,"malignant",50,10
18,19,"Epith.c.size",7.5,1,NA,50,11
20,21,"Cl.thickness",2.5,1,NA,50,12
0,0,NA,0,-1,"malignant",50,13
22,23,"Epith.c.size",7,1,NA,50,14
0,0,NA,0,-1,"malignant",50,15
24,25,"Mitoses",6,1,NA,50,16
26,27,"Epith.c.size",8,1,NA,50,17
0,0,NA,0,-1,"benign",50,18
0,0,NA,0,-1,"malignant",50,19
28,29,"Bare.nuclei",3.5,1,NA,50,20
0,0,NA,0,-1,"benign",50,21
30,31,"Normal.nucleoli",6.5,1,NA,50,22
0,0,NA,0,-1,"benign",50,23
32,33,"Bare.nuclei",3.5,1,NA,50,24
34,35,"Normal.nucleoli",1.5,1,NA,50,25
0,0,NA,0,-1,"malignant",50,26
0,0,NA,0,-1,"benign",50,27
0,0,NA,0,-1,"benign",50,28
0,0,NA,0,-1,"malignant",50,29
36,37,"Bare.nuclei",1.5,1,NA,50,30
38,39,"Normal.nucleoli",8.5,1,NA,50,31
0,0,NA,0,-1,"benign",50,32
40,41,"Cl.thickness",5.5,1,NA,50,33
0,0,NA,0,-1,"benign",50,34
0,0,NA,0,-1,"malignant",50,35
42,43,"Cl.thickness",6.5,1,NA,50,36
0,0,NA,0,-1,"malignant",50,37
44,45,"Cell.size",2,1,NA,50,38
0,0,NA,0,-1,"malignant",50,39
46,47,"Cl.thickness",3.5,1,NA,50,40
0,0,NA,0,-1,"malignant",50,41
0,0,NA,0,-1,"benign",50,42
0,0,NA,0,-1,"malignant",50,43
0,0,NA,0,-1,"malignant",50,44
48,49,"Bare.nuclei",8.5,1,NA,50,45
0,0,NA,0,-1,"benign",50,46
50,51,"Epith.c.size",1.5,1,NA,50,47
0,0,NA,0,-1,"benign",50,48
0,0,NA,0,-1,"malignant",50,49
0,0,NA,0,-1,"malignant",50,50
0,0,NA,0,-1,"benign",50,51
2,3,"Cell.size",2.5,1,NA,51,1
4,5,"Bl.cromatin",4,1,NA,51,2
6,7,"Cell.size",3.5,1,NA,51,3
8,9,"Cl.thickness",6.5,1,NA,51,4
10,11,"Normal.nucleoli",3.5,1,NA,51,5
12,13,"Cell.shape",2.5,1,NA,51,6
14,15,"Bl.cromatin",4.5,1,NA,51,7
16,17,"Marg.adhesion",3.5,1,NA,51,8
18,19,"Epith.c.size",4,1,NA,51,9
20,21,"Cl.thickness",4,1,NA,51,10
0,0,NA,0,-1,"malignant",51,11
22,23,"Cl.thickness",5.5,1,NA,51,12
24,25,"Normal.nucleoli",2.5,1,NA,51,13
26,27,"Cell.shape",7.5,1,NA,51,14
28,29,"Marg.adhesion",5.5,1,NA,51,15
0,0,NA,0,-1,"benign",51,16
30,31,"Cell.shape",2.5,1,NA,51,17
0,0,NA,0,-1,"malignant",51,18
0,0,NA,0,-1,"benign",51,19
0,0,NA,0,-1,"benign",51,20
32,33,"Bl.cromatin",6,1,NA,51,21
34,35,"Mitoses",1.5,1,NA,51,22
0,0,NA,0,-1,"malignant",51,23
36,37,"Epith.c.size",2.5,1,NA,51,24
38,39,"Cl.thickness",4.5,1,NA,51,25
40,41,"Cl.thickness",6.5,1,NA,51,26
0,0,NA,0,-1,"malignant",51,27
42,43,"Cell.size",4.5,1,NA,51,28
0,0,NA,0,-1,"malignant",51,29
0,0,NA,0,-1,"benign",51,30
0,0,NA,0,-1,"malignant",51,31
0,0,NA,0,-1,"malignant",51,32
0,0,NA,0,-1,"benign",51,33
0,0,NA,0,-1,"benign",51,34
0,0,NA,0,-1,"malignant",51,35
0,0,NA,0,-1,"benign",51,36
44,45,"Bare.nuclei",2,1,NA,51,37
46,47,"Bl.cromatin",2.5,1,NA,51,38
0,0,NA,0,-1,"malignant",51,39
48,49,"Marg.adhesion",5.5,1,NA,51,40
50,51,"Epith.c.size",3.5,1,NA,51,41
52,53,"Mitoses",1.5,1,NA,51,42
0,0,NA,0,-1,"malignant",51,43
0,0,NA,0,-1,"benign",51,44
0,0,NA,0,-1,"malignant",51,45
0,0,NA,0,-1,"malignant",51,46
0,0,NA,0,-1,"benign",51,47
54,55,"Epith.c.size",8.5,1,NA,51,48
0,0,NA,0,-1,"malignant",51,49
56,57,"Bare.nuclei",1.5,1,NA,51,50
0,0,NA,0,-1,"malignant",51,51
0,0,NA,0,-1,"malignant",51,52
58,59,"Cl.thickness",9,1,NA,51,53
60,61,"Normal.nucleoli",5,1,NA,51,54
0,0,NA,0,-1,"malignant",51,55
0,0,NA,0,-1,"benign",51,56
0,0,NA,0,-1,"malignant",51,57
0,0,NA,0,-1,"benign",51,58
0,0,NA,0,-1,"malignant",51,59
0,0,NA,0,-1,"benign",51,60
62,63,"Cl.thickness",4,1,NA,51,61
0,0,NA,0,-1,"benign",51,62
0,0,NA,0,-1,"malignant",51,63
2,3,"Cell.size",2.5,1,NA,52,1
4,5,"Bare.nuclei",5.5,1,NA,52,2
6,7,"Cl.thickness",4.5,1,NA,52,3
8,9,"Cl.thickness",7,1,NA,52,4
10,11,"Cell.shape",1.5,1,NA,52,5
12,13,"Bl.cromatin",6,1,NA,52,6
14,15,"Marg.adhesion",1.5,1,NA,52,7
16,17,"Normal.nucleoli",8,1,NA,52,8
18,19,"Bl.cromatin",3,1,NA,52,9
0,0,NA,0,-1,"benign",52,10
0,0,NA,0,-1,"malignant",52,11
20,21,"Bare.nuclei",6.5,1,NA,52,12
0,0,NA,0,-1,"malignant",52,13
22,23,"Mitoses",1.5,1,NA,52,14
24,25,"Bl.cromatin",4.5,1,NA,52,15
0,0,NA,0,-1,"benign",52,16
0,0,NA,0,-1,"malignant",52,17
0,0,NA,0,-1,"benign",52,18
0,0,NA,0,-1,"malignant",52,19
0,0,NA,0,-1,"benign",52,20
0,0,NA,0,-1,"malignant",52,21
26,27,"Bare.nuclei",5,1,NA,52,22
0,0,NA,0,-1,"malignant",52,23
28,29,"Cl.thickness",8.5,1,NA,52,24
30,31,"Cell.size",4.5,1,NA,52,25
32,33,"Normal.nucleoli",7.5,1,NA,52,26
34,35,"Cell.size",7.5,1,NA,52,27
36,37,"Normal.nucleoli",1.5,1,NA,52,28
0,0,NA,0,-1,"malignant",52,29
38,39,"Bare.nuclei",7.5,1,NA,52,30
0,0,NA,0,-1,"malignant",52,31
0,0,NA,0,-1,"benign",52,32
0,0,NA,0,-1,"malignant",52,33
40,41,"Cell.size",5.5,1,NA,52,34
0,0,NA,0,-1,"malignant",52,35
0,0,NA,0,-1,"malignant",52,36
42,43,"Normal.nucleoli",2.5,1,NA,52,37
44,45,"Cell.shape",5,1,NA,52,38
0,0,NA,0,-1,"malignant",52,39
0,0,NA,0,-1,"malignant",52,40
0,0,NA,0,-1,"benign",52,41
46,47,"Cl.thickness",6.5,1,NA,52,42
48,49,"Epith.c.size",3.5,1,NA,52,43
0,0,NA,0,-1,"benign",52,44
0,0,NA,0,-1,"malignant",52,45
0,0,NA,0,-1,"benign",52,46
0,0,NA,0,-1,"malignant",52,47
50,51,"Cl.thickness",5.5,1,NA,52,48
0,0,NA,0,-1,"malignant",52,49
0,0,NA,0,-1,"malignant",52,50
52,53,"Epith.c.size",2.5,1,NA,52,51
0,0,NA,0,-1,"malignant",52,52
54,55,"Normal.nucleoli",3.5,1,NA,52,53
0,0,NA,0,-1,"benign",52,54
56,57,"Cell.shape",5,1,NA,52,55
0,0,NA,0,-1,"benign",52,56
0,0,NA,0,-1,"malignant",52,57
2,3,"Bl.cromatin",3.5,1,NA,53,1
4,5,"Cell.size",3.5,1,NA,53,2
6,7,"Cell.shape",1.5,1,NA,53,3
8,9,"Bare.nuclei",3.5,1,NA,53,4
10,11,"Epith.c.size",2.5,1,NA,53,5
12,13,"Marg.adhesion",1.5,1,NA,53,6
14,15,"Cl.thickness",1.5,1,NA,53,7
16,17,"Cell.size",2.5,1,NA,53,8
18,19,"Cl.thickness",3.5,1,NA,53,9
20,21,"Bare.nuclei",7,1,NA,53,10
22,23,"Epith.c.size",5.5,1,NA,53,11
0,0,NA,0,-1,"benign",53,12
0,0,NA,0,-1,"benign",53,13
24,25,"Marg.adhesion",4,1,NA,53,14
26,27,"Bl.cromatin",4.5,1,NA,53,15
0,0,NA,0,-1,"benign",53,16
28,29,"Mitoses",2,1,NA,53,17
30,31,"Marg.adhesion",2.5,1,NA,53,18
32,33,"Normal.nucleoli",2,1,NA,53,19
34,35,"Cell.shape",6,1,NA,53,20
0,0,NA,0,-1,"malignant",53,21
36,37,"Bare.nuclei",7,1,NA,53,22
0,0,NA,0,-1,"malignant",53,23
0,0,NA,0,-1,"benign",53,24
0,0,NA,0,-1,"malignant",53,25
38,39,"Bare.nuclei",2,1,NA,53,26
40,41,"Cl.thickness",4.5,1,NA,53,27
0,0,NA,0,-1,"benign",53,28
0,0,NA,0,-1,"malignant",53,29
0,0,NA,0,-1,"benign",53,30
0,0,NA,0,-1,"malignant",53,31
42,43,"Marg.adhesion",3.5,1,NA,53,32
0,0,NA,0,-1,"malignant",53,33
0,0,NA,0,-1,"benign",53,34
0,0,NA,0,-1,"malignant",53,35
0,0,NA,0,-1,"malignant",53,36
44,45,"Epith.c.size",4.5,1,NA,53,37
0,0,NA,0,-1,"benign",53,38
46,47,"Epith.c.size",5.5,1,NA,53,39
48,49,"Bare.nuclei",6,1,NA,53,40
0,0,NA,0,-1,"malignant",53,41
0,0,NA,0,-1,"malignant",53,42
0,0,NA,0,-1,"benign",53,43
0,0,NA,0,-1,"malignant",53,44
0,0,NA,0,-1,"benign",53,45
50,51,"Normal.nucleoli",5.5,1,NA,53,46
0,0,NA,0,-1,"malignant",53,47
52,53,"Cell.size",6,1,NA,53,48
0,0,NA,0,-1,"malignant",53,49
54,55,"Cell.size",8,1,NA,53,50
56,57,"Normal.nucleoli",8.5,1,NA,53,51
0,0,NA,0,-1,"benign",53,52
0,0,NA,0,-1,"malignant",53,53
0,0,NA,0,-1,"malignant",53,54
58,59,"Epith.c.size",4.5,1,NA,53,55
0,0,NA,0,-1,"benign",53,56
0,0,NA,0,-1,"malignant",53,57
0,0,NA,0,-1,"malignant",53,58
0,0,NA,0,-1,"benign",53,59
2,3,"Cell.shape",2.5,1,NA,54,1
4,5,"Bare.nuclei",4.5,1,NA,54,2
6,7,"Normal.nucleoli",2.5,1,NA,54,3
8,9,"Marg.adhesion",7,1,NA,54,4
10,11,"Cl.thickness",2.5,1,NA,54,5
12,13,"Bl.cromatin",2.5,1,NA,54,6
14,15,"Cell.size",4.5,1,NA,54,7
16,17,"Epith.c.size",2.5,1,NA,54,8
0,0,NA,0,-1,"malignant",54,9
0,0,NA,0,-1,"benign",54,10
18,19,"Cell.size",3.5,1,NA,54,11
20,21,"Mitoses",3,1,NA,54,12
22,23,"Cell.shape",4.5,1,NA,54,13
24,25,"Bare.nuclei",1.5,1,NA,54,14
26,27,"Normal.nucleoli",4.5,1,NA,54,15
0,0,NA,0,-1,"benign",54,16
28,29,"Bl.cromatin",3.5,1,NA,54,17
30,31,"Marg.adhesion",9,1,NA,54,18
0,0,NA,0,-1,"benign",54,19
0,0,NA,0,-1,"benign",54,20
0,0,NA,0,-1,"malignant",54,21
32,33,"Marg.adhesion",1.5,1,NA,54,22
34,35,"Cell.size",8.5,1,NA,54,23
36,37,"Cell.size",2.5,1,NA,54,24
38,39,"Epith.c.size",5.5,1,NA,54,25
40,41,"Cell.size",8,1,NA,54,26
42,43,"Bl.cromatin",3.5,1,NA,54,27
0,0,NA,0,-1,"benign",54,28
0,0,NA,0,-1,"malignant",54,29
0,0,NA,0,-1,"malignant",54,30
44,45,"Cell.size",2,1,NA,54,31
46,47,"Epith.c.size",2.5,1,NA,54,32
48,49,"Marg.adhesion",3.5,1,NA,54,33
0,0,NA,0,-1,"malignant",54,34
50,51,"Cell.shape",7.5,1,NA,54,35
0,0,NA,0,-1,"malignant",54,36
0,0,NA,0,-1,"benign",54,37
52,53,"Bl.cromatin",3.5,1,NA,54,38
54,55,"Cell.size",3.5,1,NA,54,39
56,57,"Marg.adhesion",2,1,NA,54,40
0,0,NA,0,-1,"malignant",54,41
58,59,"Cell.shape",7,1,NA,54,42
0,0,NA,0,-1,"malignant",54,43
0,0,NA,0,-1,"benign",54,44
0,0,NA,0,-1,"malignant",54,45
0,0,NA,0,-1,"benign",54,46
0,0,NA,0,-1,"malignant",54,47
0,0,NA,0,-1,"benign",54,48
60,61,"Cl.thickness",6,1,NA,54,49
0,0,NA,0,-1,"benign",54,50
0,0,NA,0,-1,"malignant",54,51
62,63,"Cell.shape",3.5,1,NA,54,52
0,0,NA,0,-1,"malignant",54,53
0,0,NA,0,-1,"malignant",54,54
64,65,"Cl.thickness",6,1,NA,54,55
0,0,NA,0,-1,"benign",54,56
0,0,NA,0,-1,"malignant",54,57
0,0,NA,0,-1,"malignant",54,58
66,67,"Cell.shape",9,1,NA,54,59
0,0,NA,0,-1,"benign",54,60
0,0,NA,0,-1,"malignant",54,61
68,69,"Marg.adhesion",4.5,1,NA,54,62
0,0,NA,0,-1,"malignant",54,63
0,0,NA,0,-1,"benign",54,64
0,0,NA,0,-1,"malignant",54,65
0,0,NA,0,-1,"benign",54,66
0,0,NA,0,-1,"malignant",54,67
0,0,NA,0,-1,"malignant",54,68
0,0,NA,0,-1,"benign",54,69
2,3,"Bare.nuclei",3.5,1,NA,55,1
4,5,"Marg.adhesion",4.5,1,NA,55,2
6,7,"Cell.size",1.5,1,NA,55,3
8,9,"Cell.shape",7,1,NA,55,4
0,0,NA,0,-1,"malignant",55,5
10,11,"Normal.nucleoli",2.5,1,NA,55,6
12,13,"Bare.nuclei",4.5,1,NA,55,7
14,15,"Bl.cromatin",3.5,1,NA,55,8
0,0,NA,0,-1,"malignant",55,9
16,17,"Cl.thickness",3.5,1,NA,55,10
0,0,NA,0,-1,"malignant",55,11
18,19,"Bl.cromatin",2,1,NA,55,12
20,21,"Cl.thickness",6.5,1,NA,55,13
22,23,"Mitoses",2.5,1,NA,55,14
24,25,"Cl.thickness",4.5,1,NA,55,15
0,0,NA,0,-1,"benign",55,16
26,27,"Cl.thickness",4.5,1,NA,55,17
0,0,NA,0,-1,"benign",55,18
28,29,"Cell.size",5.5,1,NA,55,19
30,31,"Cell.shape",4.5,1,NA,55,20
0,0,NA,0,-1,"malignant",55,21
0,0,NA,0,-1,"benign",55,22
32,33,"Cell.shape",2.5,1,NA,55,23
0,0,NA,0,-1,"benign",55,24
0,0,NA,0,-1,"malignant",55,25
0,0,NA,0,-1,"malignant",55,26
0,0,NA,0,-1,"benign",55,27
0,0,NA,0,-1,"malignant",55,28
34,35,"Marg.adhesion",1.5,1,NA,55,29
36,37,"Mitoses",2.5,1,NA,55,30
38,39,"Bare.nuclei",8.5,1,NA,55,31
0,0,NA,0,-1,"benign",55,32
0,0,NA,0,-1,"malignant",55,33
0,0,NA,0,-1,"benign",55,34
0,0,NA,0,-1,"malignant",55,35
40,41,"Epith.c.size",6.5,1,NA,55,36
0,0,NA,0,-1,"benign",55,37
42,43,"Cl.thickness",5.5,1,NA,55,38
0,0,NA,0,-1,"malignant",55,39
0,0,NA,0,-1,"malignant",55,40
44,45,"Bl.cromatin",3.5,1,NA,55,41
0,0,NA,0,-1,"malignant",55,42
46,47,"Epith.c.size",5.5,1,NA,55,43
0,0,NA,0,-1,"benign",55,44
0,0,NA,0,-1,"malignant",55,45
0,0,NA,0,-1,"benign",55,46
0,0,NA,0,-1,"malignant",55,47
2,3,"Cell.shape",2.5,1,NA,56,1
4,5,"Mitoses",9,1,NA,56,2
6,7,"Cell.size",1.5,1,NA,56,3
8,9,"Bare.nuclei",5.5,1,NA,56,4
0,0,NA,0,-1,"malignant",56,5
10,11,"Epith.c.size",3,1,NA,56,6
12,13,"Epith.c.size",2.5,1,NA,56,7
14,15,"Epith.c.size",1.5,1,NA,56,8
0,0,NA,0,-1,"malignant",56,9
0,0,NA,0,-1,"benign",56,10
0,0,NA,0,-1,"malignant",56,11
16,17,"Marg.adhesion",2.5,1,NA,56,12
18,19,"Cell.shape",4.5,1,NA,56,13
20,21,"Marg.adhesion",2.5,1,NA,56,14
0,0,NA,0,-1,"benign",56,15
22,23,"Cl.thickness",8.5,1,NA,56,16
0,0,NA,0,-1,"malignant",56,17
24,25,"Epith.c.size",7.5,1,NA,56,18
26,27,"Bl.cromatin",4.5,1,NA,56,19
0,0,NA,0,-1,"benign",56,20
28,29,"Bare.nuclei",4,1,NA,56,21
0,0,NA,0,-1,"benign",56,22
0,0,NA,0,-1,"malignant",56,23
30,31,"Bare.nuclei",7.5,1,NA,56,24
0,0,NA,0,-1,"malignant",56,25
32,33,"Epith.c.size",5.5,1,NA,56,26
0,0,NA,0,-1,"malignant",56,27
0,0,NA,0,-1,"benign",56,28
0,0,NA,0,-1,"malignant",56,29
34,35,"Cell.shape",3.5,1,NA,56,30
36,37,"Bl.cromatin",3.5,1,NA,56,31
38,39,"Cl.thickness",8.5,1,NA,56,32
0,0,NA,0,-1,"malignant",56,33
40,41,"Mitoses",1.5,1,NA,56,34
42,43,"Bl.cromatin",3.5,1,NA,56,35
44,45,"Epith.c.size",3.5,1,NA,56,36
0,0,NA,0,-1,"malignant",56,37
46,47,"Normal.nucleoli",7.5,1,NA,56,38
0,0,NA,0,-1,"malignant",56,39
48,49,"Cl.thickness",7,1,NA,56,40
0,0,NA,0,-1,"malignant",56,41
0,0,NA,0,-1,"malignant",56,42
0,0,NA,0,-1,"benign",56,43
0,0,NA,0,-1,"benign",56,44
50,51,"Normal.nucleoli",1.5,1,NA,56,45
52,53,"Marg.adhesion",1.5,1,NA,56,46
0,0,NA,0,-1,"malignant",56,47
0,0,NA,0,-1,"benign",56,48
0,0,NA,0,-1,"malignant",56,49
0,0,NA,0,-1,"malignant",56,50
54,55,"Normal.nucleoli",3.5,1,NA,56,51
0,0,NA,0,-1,"benign",56,52
56,57,"Cl.thickness",5.5,1,NA,56,53
0,0,NA,0,-1,"benign",56,54
0,0,NA,0,-1,"malignant",56,55
0,0,NA,0,-1,"malignant",56,56
58,59,"Bl.cromatin",3.5,1,NA,56,57
0,0,NA,0,-1,"malignant",56,58
0,0,NA,0,-1,"benign",56,59
2,3,"Epith.c.size",2.5,1,NA,57,1
4,5,"Bare.nuclei",5.5,1,NA,57,2
6,7,"Normal.nucleoli",2.5,1,NA,57,3
8,9,"Cl.thickness",8.5,1,NA,57,4
0,0,NA,0,-1,"malignant",57,5
10,11,"Bl.cromatin",3.5,1,NA,57,6
12,13,"Bare.nuclei",3.5,1,NA,57,7
14,15,"Epith.c.size",1.5,1,NA,57,8
0,0,NA,0,-1,"malignant",57,9
16,17,"Cl.thickness",6,1,NA,57,10
18,19,"Bare.nuclei",2.5,1,NA,57,11
20,21,"Cell.size",5,1,NA,57,12
22,23,"Epith.c.size",3.5,1,NA,57,13
24,25,"Marg.adhesion",2.5,1,NA,57,14
26,27,"Bare.nuclei",3.5,1,NA,57,15
0,0,NA,0,-1,"benign",57,16
28,29,"Marg.adhesion",2,1,NA,57,17
0,0,NA,0,-1,"benign",57,18
30,31,"Bare.nuclei",9,1,NA,57,19
32,33,"Bl.cromatin",5.5,1,NA,57,20
0,0,NA,0,-1,"malignant",57,21
34,35,"Bl.cromatin",3.5,1,NA,57,22
0,0,NA,0,-1,"malignant",57,23
0,0,NA,0,-1,"benign",57,24
0,0,NA,0,-1,"benign",57,25
0,0,NA,0,-1,"benign",57,26
36,37,"Normal.nucleoli",2.5,1,NA,57,27
38,39,"Bl.cromatin",2,1,NA,57,28
0,0,NA,0,-1,"malignant",57,29
40,41,"Cl.thickness",7,1,NA,57,30
0,0,NA,0,-1,"malignant",57,31
42,43,"Marg.adhesion",3.5,1,NA,57,32
0,0,NA,0,-1,"malignant",57,33
44,45,"Marg.adhesion",4.5,1,NA,57,34
0,0,NA,0,-1,"malignant",57,35
0,0,NA,0,-1,"benign",57,36
0,0,NA,0,-1,"malignant",57,37
0,0,NA,0,-1,"benign",57,38
0,0,NA,0,-1,"malignant",57,39
46,47,"Marg.adhesion",3.5,1,NA,57,40
0,0,NA,0,-1,"malignant",57,41
48,49,"Bl.cromatin",4.5,1,NA,57,42
50,51,"Marg.adhesion",5.5,1,NA,57,43
0,0,NA,0,-1,"malignant",57,44
52,53,"Cell.shape",3.5,1,NA,57,45
0,0,NA,0,-1,"malignant",57,46
0,0,NA,0,-1,"benign",57,47
0,0,NA,0,-1,"benign",57,48
54,55,"Epith.c.size",6.5,1,NA,57,49
0,0,NA,0,-1,"malignant",57,50
56,57,"Normal.nucleoli",4,1,NA,57,51
0,0,NA,0,-1,"benign",57,52
0,0,NA,0,-1,"malignant",57,53
0,0,NA,0,-1,"malignant",57,54
0,0,NA,0,-1,"benign",57,55
0,0,NA,0,-1,"malignant",57,56
0,0,NA,0,-1,"benign",57,57
2,3,"Cell.size",3.5,1,NA,58,1
4,5,"Cell.shape",3.5,1,NA,58,2
6,7,"Cell.shape",2.5,1,NA,58,3
8,9,"Bare.nuclei",4.5,1,NA,58,4
10,11,"Bare.nuclei",2.5,1,NA,58,5
0,0,NA,0,-1,"benign",58,6
12,13,"Cell.size",4.5,1,NA,58,7
14,15,"Epith.c.size",5.5,1,NA,58,8
16,17,"Cell.shape",1.5,1,NA,58,9
0,0,NA,0,-1,"benign",58,10
18,19,"Bare.nuclei",6,1,NA,58,11
20,21,"Epith.c.size",6.5,1,NA,58,12
22,23,"Bare.nuclei",8.5,1,NA,58,13
24,25,"Mitoses",2.5,1,NA,58,14
0,0,NA,0,-1,"malignant",58,15
26,27,"Bare.nuclei",7.5,1,NA,58,16
28,29,"Mitoses",2.5,1,NA,58,17
30,31,"Epith.c.size",3.5,1,NA,58,18
0,0,NA,0,-1,"malignant",58,19
32,33,"Bare.nuclei",7.5,1,NA,58,20
34,35,"Epith.c.size",8.5,1,NA,58,21
36,37,"Bare.nuclei",7.5,1,NA,58,22
0,0,NA,0,-1,"malignant",58,23
38,39,"Bare.nuclei",3.5,1,NA,58,24
40,41,"Cl.thickness",3.5,1,NA,58,25
0,0,NA,0,-1,"benign",58,26
0,0,NA,0,-1,"malignant",58,27
0,0,NA,0,-1,"malignant",58,28
42,43,"Mitoses",3.5,1,NA,58,29
0,0,NA,0,-1,"malignant",58,30
44,45,"Mitoses",1.5,1,NA,58,31
46,47,"Mitoses",1.5,1,NA,58,32
0,0,NA,0,-1,"malignant",58,33
0,0,NA,0,-1,"benign",58,34
0,0,NA,0,-1,"malignant",58,35
48,49,"Epith.c.size",3.5,1,NA,58,36
50,51,"Bl.cromatin",5.5,1,NA,58,37
0,0,NA,0,-1,"benign",58,38
52,53,"Cl.thickness",5.5,1,NA,58,39
0,0,NA,0,-1,"benign",58,40
0,0,NA,0,-1,"malignant",58,41
54,55,"Cl.thickness",8,1,NA,58,42
0,0,NA,0,-1,"malignant",58,43
0,0,NA,0,-1,"benign",58,44
0,0,NA,0,-1,"malignant",58,45
0,0,NA,0,-1,"malignant",58,46
56,57,"Marg.adhesion",3,1,NA,58,47
58,59,"Marg.adhesion",1.5,1,NA,58,48
0,0,NA,0,-1,"malignant",58,49
60,61,"Cell.size",9.5,1,NA,58,50
0,0,NA,0,-1,"malignant",58,51
0,0,NA,0,-1,"benign",58,52
0,0,NA,0,-1,"malignant",58,53
0,0,NA,0,-1,"benign",58,54
0,0,NA,0,-1,"malignant",58,55
0,0,NA,0,-1,"malignant",58,56
0,0,NA,0,-1,"benign",58,57
62,63,"Cell.size",9,1,NA,58,58
0,0,NA,0,-1,"malignant",58,59
64,65,"Epith.c.size",4.5,1,NA,58,60
0,0,NA,0,-1,"malignant",58,61
66,67,"Mitoses",2,1,NA,58,62
0,0,NA,0,-1,"malignant",58,63
0,0,NA,0,-1,"malignant",58,64
0,0,NA,0,-1,"benign",58,65
0,0,NA,0,-1,"benign",58,66
0,0,NA,0,-1,"malignant",58,67
2,3,"Cell.shape",3.5,1,NA,59,1
4,5,"Normal.nucleoli",2.5,1,NA,59,2
6,7,"Bl.cromatin",1.5,1,NA,59,3
8,9,"Bl.cromatin",7.5,1,NA,59,4
10,11,"Bl.cromatin",3.5,1,NA,59,5
12,13,"Epith.c.size",3.5,1,NA,59,6
14,15,"Bl.cromatin",4.5,1,NA,59,7
16,17,"Marg.adhesion",8,1,NA,59,8
0,0,NA,0,-1,"malignant",59,9
18,19,"Bare.nuclei",3,1,NA,59,10
20,21,"Bare.nuclei",1.5,1,NA,59,11
0,0,NA,0,-1,"benign",59,12
0,0,NA,0,-1,"malignant",59,13
22,23,"Cl.thickness",1.5,1,NA,59,14
24,25,"Mitoses",1.5,1,NA,59,15
26,27,"Epith.c.size",5.5,1,NA,59,16
0,0,NA,0,-1,"malignant",59,17
0,0,NA,0,-1,"benign",59,18
28,29,"Epith.c.size",2.5,1,NA,59,19
0,0,NA,0,-1,"benign",59,20
0,0,NA,0,-1,"malignant",59,21
0,0,NA,0,-1,"benign",59,22
30,31,"Cell.size",4.5,1,NA,59,23
0,0,NA,0,-1,"malignant",59,24
32,33,"Bare.nuclei",7.5,1,NA,59,25
34,35,"Bare.nuclei",5.5,1,NA,59,26
0,0,NA,0,-1,"malignant",59,27
0,0,NA,0,-1,"malignant",59,28
0,0,NA,0,-1,"benign",59,29
36,37,"Bare.nuclei",6.5,1,NA,59,30
38,39,"Cl.thickness",6.5,1,NA,59,31
40,41,"Normal.nucleoli",9,1,NA,59,32
0,0,NA,0,-1,"malignant",59,33
42,43,"Bare.nuclei",3.5,1,NA,59,34
0,0,NA,0,-1,"malignant",59,35
44,45,"Epith.c.size",4.5,1,NA,59,36
46,47,"Normal.nucleoli",2.5,1,NA,59,37
48,49,"Normal.nucleoli",3,1,NA,59,38
0,0,NA,0,-1,"malignant",59,39
50,51,"Mitoses",3,1,NA,59,40
0,0,NA,0,-1,"malignant",59,41
0,0,NA,0,-1,"benign",59,42
52,53,"Cell.size",2.5,1,NA,59,43
54,55,"Normal.nucleoli",8.5,1,NA,59,44
56,57,"Cl.thickness",4.5,1,NA,59,45
58,59,"Bl.cromatin",3.5,1,NA,59,46
0,0,NA,0,-1,"malignant",59,47
0,0,NA,0,-1,"benign",59,48
0,0,NA,0,-1,"malignant",59,49
0,0,NA,0,-1,"benign",59,50
0,0,NA,0,-1,"malignant",59,51
60,61,"Bl.cromatin",1.5,1,NA,59,52
62,63,"Bl.cromatin",3,1,NA,59,53
64,65,"Cl.thickness",3,1,NA,59,54
0,0,NA,0,-1,"malignant",59,55
66,67,"Epith.c.size",6,1,NA,59,56
0,0,NA,0,-1,"malignant",59,57
0,0,NA,0,-1,"benign",59,58
0,0,NA,0,-1,"malignant",59,59
0,0,NA,0,-1,"benign",59,60
68,69,"Cl.thickness",3.5,1,NA,59,61
0,0,NA,0,-1,"benign",59,62
0,0,NA,0,-1,"malignant",59,63
0,0,NA,0,-1,"malignant",59,64
0,0,NA,0,-1,"benign",59,65
0,0,NA,0,-1,"malignant",59,66
0,0,NA,0,-1,"benign",59,67
0,0,NA,0,-1,"benign",59,68
0,0,NA,0,-1,"malignant",59,69
2,3,"Cell.shape",3.5,1,NA,60,1
4,5,"Cell.size",3.5,1,NA,60,2
6,7,"Marg.adhesion",1.5,1,NA,60,3
8,9,"Bl.cromatin",4.5,1,NA,60,4
10,11,"Bl.cromatin",3,1,NA,60,5
12,13,"Cl.thickness",7,1,NA,60,6
14,15,"Cell.shape",5.5,1,NA,60,7
16,17,"Cl.thickness",9,1,NA,60,8
18,19,"Cl.thickness",3.5,1,NA,60,9
0,0,NA,0,-1,"benign",60,10
0,0,NA,0,-1,"malignant",60,11
20,21,"Bare.nuclei",1.5,1,NA,60,12
0,0,NA,0,-1,"malignant",60,13
22,23,"Cl.thickness",4.5,1,NA,60,14
24,25,"Bl.cromatin",4.5,1,NA,60,15
26,27,"Mitoses",2.5,1,NA,60,16
0,0,NA,0,-1,"malignant",60,17
0,0,NA,0,-1,"benign",60,18
28,29,"Cell.shape",1.5,1,NA,60,19
30,31,"Bl.cromatin",5,1,NA,60,20
32,33,"Bl.cromatin",3.5,1,NA,60,21
34,35,"Epith.c.size",6.5,1,NA,60,22
0,0,NA,0,-1,"malignant",60,23
36,37,"Cl.thickness",6.5,1,NA,60,24
0,0,NA,0,-1,"malignant",60,25
38,39,"Epith.c.size",5.5,1,NA,60,26
40,41,"Normal.nucleoli",2.5,1,NA,60,27
42,43,"Bare.nuclei",5.5,1,NA,60,28
0,0,NA,0,-1,"malignant",60,29
0,0,NA,0,-1,"benign",60,30
0,0,NA,0,-1,"malignant",60,31
44,45,"Cell.size",5.5,1,NA,60,32
0,0,NA,0,-1,"malignant",60,33
46,47,"Cl.thickness",3.5,1,NA,60,34
0,0,NA,0,-1,"benign",60,35
48,49,"Mitoses",2,1,NA,60,36
0,0,NA,0,-1,"malignant",60,37
50,51,"Bl.cromatin",3.5,1,NA,60,38
52,53,"Marg.adhesion",2,1,NA,60,39
0,0,NA,0,-1,"benign",60,40
54,55,"Marg.adhesion",3,1,NA,60,41
0,0,NA,0,-1,"benign",60,42
0,0,NA,0,-1,"malignant",60,43
0,0,NA,0,-1,"malignant",60,44
0,0,NA,0,-1,"benign",60,45
0,0,NA,0,-1,"malignant",60,46
56,57,"Mitoses",4.5,1,NA,60,47
58,59,"Cell.size",8,1,NA,60,48
0,0,NA,0,-1,"malignant",60,49
60,61,"Bare.nuclei",4.5,1,NA,60,50
62,63,"Bare.nuclei",2.5,1,NA,60,51
0,0,NA,0,-1,"benign",60,52
0,0,NA,0,-1,"malignant",60,53
0,0,NA,0,-1,"malignant",60,54
0,0,NA,0,-1,"benign",60,55
0,0,NA,0,-1,"benign",60,56
0,0,NA,0,-1,"malignant",60,57
0,0,NA,0,-1,"malignant",60,58
0,0,NA,0,-1,"benign",60,59
0,0,NA,0,-1,"benign",60,60
64,65,"Marg.adhesion",2,1,NA,60,61
0,0,NA,0,-1,"benign",60,62
0,0,NA,0,-1,"malignant",60,63
0,0,NA,0,-1,"benign",60,64
0,0,NA,0,-1,"malignant",60,65
2,3,"Bare.nuclei",3.5,1,NA,61,1
4,5,"Cell.shape",4.5,1,NA,61,2
6,7,"Cell.shape",1.5,1,NA,61,3
8,9,"Cl.thickness",6.5,1,NA,61,4
10,11,"Cell.shape",6.5,1,NA,61,5
12,13,"Marg.adhesion",2.5,1,NA,61,6
14,15,"Bl.cromatin",2.5,1,NA,61,7
16,17,"Cell.size",5.5,1,NA,61,8
18,19,"Epith.c.size",2.5,1,NA,61,9
20,21,"Cl.thickness",4,1,NA,61,10
0,0,NA,0,-1,"malignant",61,11
0,0,NA,0,-1,"benign",61,12
0,0,NA,0,-1,"malignant",61,13
22,23,"Cl.thickness",6.5,1,NA,61,14
24,25,"Bl.cromatin",4.5,1,NA,61,15
26,27,"Mitoses",2.5,1,NA,61,16
0,0,NA,0,-1,"malignant",61,17
0,0,NA,0,-1,"benign",61,18
0,0,NA,0,-1,"malignant",61,19
0,0,NA,0,-1,"benign",61,20
28,29,"Marg.adhesion",1.5,1,NA,61,21
0,0,NA,0,-1,"benign",61,22
0,0,NA,0,-1,"malignant",61,23
30,31,"Mitoses",1.5,1,NA,61,24
32,33,"Cl.thickness",4.5,1,NA,61,25
34,35,"Bl.cromatin",3.5,1,NA,61,26
36,37,"Bl.cromatin",2,1,NA,61,27
0,0,NA,0,-1,"benign",61,28
38,39,"Normal.nucleoli",2,1,NA,61,29
40,41,"Bare.nuclei",8.5,1,NA,61,30
42,43,"Cell.size",4,1,NA,61,31
44,45,"Cell.shape",4.5,1,NA,61,32
0,0,NA,0,-1,"malignant",61,33
0,0,NA,0,-1,"benign",61,34
46,47,"Cell.shape",2.5,1,NA,61,35
0,0,NA,0,-1,"benign",61,36
0,0,NA,0,-1,"malignant",61,37
0,0,NA,0,-1,"malignant",61,38
48,49,"Epith.c.size",3.5,1,NA,61,39
50,51,"Normal.nucleoli",6.5,1,NA,61,40
52,53,"Bl.cromatin",3.5,1,NA,61,41
54,55,"Cl.thickness",8,1,NA,61,42
0,0,NA,0,-1,"malignant",61,43
56,57,"Bare.nuclei",6,1,NA,61,44
0,0,NA,0,-1,"malignant",61,45
0,0,NA,0,-1,"benign",61,46
0,0,NA,0,-1,"malignant",61,47
58,59,"Cl.thickness",6.5,1,NA,61,48
0,0,NA,0,-1,"malignant",61,49
60,61,"Bare.nuclei",7.5,1,NA,61,50
62,63,"Cell.shape",3.5,1,NA,61,51
64,65,"Cell.size",5,1,NA,61,52
0,0,NA,0,-1,"malignant",61,53
0,0,NA,0,-1,"benign",61,54
0,0,NA,0,-1,"malignant",61,55
0,0,NA,0,-1,"benign",61,56
0,0,NA,0,-1,"malignant",61,57
0,0,NA,0,-1,"malignant",61,58
0,0,NA,0,-1,"benign",61,59
0,0,NA,0,-1,"malignant",61,60
66,67,"Cell.size",9.5,1,NA,61,61
0,0,NA,0,-1,"malignant",61,62
0,0,NA,0,-1,"benign",61,63
68,69,"Epith.c.size",5,1,NA,61,64
0,0,NA,0,-1,"malignant",61,65
0,0,NA,0,-1,"benign",61,66
0,0,NA,0,-1,"malignant",61,67
0,0,NA,0,-1,"malignant",61,68
0,0,NA,0,-1,"benign",61,69
2,3,"Bare.nuclei",3.5,1,NA,62,1
4,5,"Cell.size",3.5,1,NA,62,2
6,7,"Bl.cromatin",1.5,1,NA,62,3
8,9,"Cl.thickness",6.5,1,NA,62,4
10,11,"Cl.thickness",4.5,1,NA,62,5
12,13,"Bare.nuclei",5.5,1,NA,62,6
14,15,"Marg.adhesion",5.5,1,NA,62,7
16,17,"Normal.nucleoli",8.5,1,NA,62,8
18,19,"Bl.cromatin",4,1,NA,62,9
20,21,"Bl.cromatin",2.5,1,NA,62,10
22,23,"Epith.c.size",3.5,1,NA,62,11
0,0,NA,0,-1,"benign",62,12
0,0,NA,0,-1,"malignant",62,13
24,25,"Cl.thickness",6.5,1,NA,62,14
0,0,NA,0,-1,"malignant",62,15
0,0,NA,0,-1,"benign",62,16
0,0,NA,0,-1,"malignant",62,17
26,27,"Cell.size",2.5,1,NA,62,18
0,0,NA,0,-1,"malignant",62,19
0,0,NA,0,-1,"benign",62,20
28,29,"Bare.nuclei",2,1,NA,62,21
30,31,"Marg.adhesion",2.5,1,NA,62,22
0,0,NA,0,-1,"malignant",62,23
32,33,"Cl.thickness",4.5,1,NA,62,24
34,35,"Cell.shape",4.5,1,NA,62,25
0,0,NA,0,-1,"benign",62,26
36,37,"Epith.c.size",2.5,1,NA,62,27
0,0,NA,0,-1,"malignant",62,28
0,0,NA,0,-1,"benign",62,29
0,0,NA,0,-1,"malignant",62,30
0,0,NA,0,-1,"benign",62,31
38,39,"Marg.adhesion",1.5,1,NA,62,32
40,41,"Marg.adhesion",2.5,1,NA,62,33
42,43,"Bare.nuclei",8,1,NA,62,34
0,0,NA,0,-1,"malignant",62,35
0,0,NA,0,-1,"benign",62,36
0,0,NA,0,-1,"malignant",62,37
0,0,NA,0,-1,"benign",62,38
0,0,NA,0,-1,"malignant",62,39
44,45,"Bare.nuclei",9,1,NA,62,40
46,47,"Marg.adhesion",3.5,1,NA,62,41
48,49,"Bl.cromatin",5,1,NA,62,42
0,0,NA,0,-1,"malignant",62,43
50,51,"Epith.c.size",4,1,NA,62,44
0,0,NA,0,-1,"malignant",62,45
0,0,NA,0,-1,"benign",62,46
52,53,"Cl.thickness",5.5,1,NA,62,47
0,0,NA,0,-1,"malignant",62,48
0,0,NA,0,-1,"benign",62,49
54,55,"Cell.size",5.5,1,NA,62,50
0,0,NA,0,-1,"benign",62,51
0,0,NA,0,-1,"malignant",62,52
56,57,"Normal.nucleoli",7.5,1,NA,62,53
0,0,NA,0,-1,"malignant",62,54
0,0,NA,0,-1,"benign",62,55
0,0,NA,0,-1,"benign",62,56
0,0,NA,0,-1,"malignant",62,57
2,3,"Cell.size",3.5,1,NA,63,1
4,5,"Bare.nuclei",5.5,1,NA,63,2
6,7,"Cl.thickness",5.5,1,NA,63,3
8,9,"Bl.cromatin",3.5,1,NA,63,4
10,11,"Bl.cromatin",3.5,1,NA,63,5
12,13,"Cell.size",4.5,1,NA,63,6
14,15,"Bl.cromatin",4.5,1,NA,63,7
16,17,"Epith.c.size",2.5,1,NA,63,8
18,19,"Cl.thickness",7,1,NA,63,9
20,21,"Epith.c.size",2.5,1,NA,63,10
0,0,NA,0,-1,"malignant",63,11
22,23,"Marg.adhesion",5.5,1,NA,63,12
24,25,"Marg.adhesion",1.5,1,NA,63,13
26,27,"Cell.shape",6,1,NA,63,14
0,0,NA,0,-1,"malignant",63,15
0,0,NA,0,-1,"benign",63,16
28,29,"Mitoses",2,1,NA,63,17
30,31,"Bare.nuclei",2.5,1,NA,63,18
0,0,NA,0,-1,"malignant",63,19
0,0,NA,0,-1,"malignant",63,20
32,33,"Cell.shape",3.5,1,NA,63,21
0,0,NA,0,-1,"benign",63,22
0,0,NA,0,-1,"malignant",63,23
0,0,NA,0,-1,"benign",63,24
0,0,NA,0,-1,"malignant",63,25
0,0,NA,0,-1,"malignant",63,26
34,35,"Cell.shape",7.5,1,NA,63,27
36,37,"Cell.shape",3,1,NA,63,28
0,0,NA,0,-1,"malignant",63,29
0,0,NA,0,-1,"benign",63,30
38,39,"Cl.thickness",4,1,NA,63,31
0,0,NA,0,-1,"benign",63,32
0,0,NA,0,-1,"malignant",63,33
40,41,"Mitoses",1.5,1,NA,63,34
0,0,NA,0,-1,"malignant",63,35
0,0,NA,0,-1,"benign",63,36
42,43,"Normal.nucleoli",2,1,NA,63,37
0,0,NA,0,-1,"benign",63,38
44,45,"Normal.nucleoli",5.5,1,NA,63,39
0,0,NA,0,-1,"benign",63,40
0,0,NA,0,-1,"malignant",63,41
0,0,NA,0,-1,"benign",63,42
0,0,NA,0,-1,"malignant",63,43
0,0,NA,0,-1,"malignant",63,44
46,47,"Cl.thickness",5.5,1,NA,63,45
0,0,NA,0,-1,"benign",63,46
0,0,NA,0,-1,"malignant",63,47
2,3,"Cell.shape",3.5,1,NA,64,1
4,5,"Cl.thickness",9,1,NA,64,2
6,7,"Marg.adhesion",1.5,1,NA,64,3
8,9,"Bare.nuclei",6,1,NA,64,4
0,0,NA,0,-1,"malignant",64,5
10,11,"Normal.nucleoli",1.5,1,NA,64,6
12,13,"Normal.nucleoli",3.5,1,NA,64,7
14,15,"Normal.nucleoli",9,1,NA,64,8
16,17,"Bl.cromatin",4,1,NA,64,9
18,19,"Bare.nuclei",2,1,NA,64,10
20,21,"Cl.thickness",6.5,1,NA,64,11
22,23,"Cell.size",2.5,1,NA,64,12
0,0,NA,0,-1,"malignant",64,13
24,25,"Mitoses",2.5,1,NA,64,14
0,0,NA,0,-1,"malignant",64,15
26,27,"Cl.thickness",5.5,1,NA,64,16
0,0,NA,0,-1,"malignant",64,17
0,0,NA,0,-1,"benign",64,18
0,0,NA,0,-1,"malignant",64,19
28,29,"Bl.cromatin",3.5,1,NA,64,20
0,0,NA,0,-1,"malignant",64,21
0,0,NA,0,-1,"benign",64,22
30,31,"Cell.size",4.5,1,NA,64,23
32,33,"Marg.adhesion",2.5,1,NA,64,24
34,35,"Cl.thickness",4,1,NA,64,25
0,0,NA,0,-1,"malignant",64,26
0,0,NA,0,-1,"benign",64,27
0,0,NA,0,-1,"benign",64,28
0,0,NA,0,-1,"malignant",64,29
36,37,"Marg.adhesion",4.5,1,NA,64,30
0,0,NA,0,-1,"malignant",64,31
0,0,NA,0,-1,"benign",64,32
38,39,"Cl.thickness",4.5,1,NA,64,33
0,0,NA,0,-1,"benign",64,34
0,0,NA,0,-1,"malignant",64,35
40,41,"Bare.nuclei",6.5,1,NA,64,36
0,0,NA,0,-1,"malignant",64,37
42,43,"Bare.nuclei",4,1,NA,64,38
0,0,NA,0,-1,"benign",64,39
44,45,"Marg.adhesion",3.5,1,NA,64,40
0,0,NA,0,-1,"malignant",64,41
0,0,NA,0,-1,"benign",64,42
0,0,NA,0,-1,"malignant",64,43
0,0,NA,0,-1,"benign",64,44
46,47,"Cl.thickness",5.5,1,NA,64,45
0,0,NA,0,-1,"benign",64,46
0,0,NA,0,-1,"malignant",64,47
2,3,"Bl.cromatin",3.5,1,NA,65,1
4,5,"Cell.size",3.5,1,NA,65,2
6,7,"Cell.size",3.5,1,NA,65,3
8,9,"Bare.nuclei",4.5,1,NA,65,4
10,11,"Epith.c.size",6.5,1,NA,65,5
12,13,"Cl.thickness",4.5,1,NA,65,6
14,15,"Cell.size",4.5,1,NA,65,7
16,17,"Mitoses",2.5,1,NA,65,8
18,19,"Mitoses",2.5,1,NA,65,9
20,21,"Cell.shape",2.5,1,NA,65,10
22,23,"Cell.shape",7,1,NA,65,11
0,0,NA,0,-1,"benign",65,12
24,25,"Bare.nuclei",2,1,NA,65,13
26,27,"Mitoses",1.5,1,NA,65,14
28,29,"Marg.adhesion",5.5,1,NA,65,15
30,31,"Cell.shape",3.5,1,NA,65,16
32,33,"Normal.nucleoli",1.5,1,NA,65,17
34,35,"Cl.thickness",1.5,1,NA,65,18
36,37,"Cl.thickness",8,1,NA,65,19
0,0,NA,0,-1,"benign",65,20
38,39,"Cell.size",7,1,NA,65,21
0,0,NA,0,-1,"benign",65,22
0,0,NA,0,-1,"malignant",65,23
40,41,"Mitoses",2.5,1,NA,65,24
0,0,NA,0,-1,"malignant",65,25
0,0,NA,0,-1,"malignant",65,26
42,43,"Cell.shape",3.5,1,NA,65,27
44,45,"Marg.adhesion",4.5,1,NA,65,28
0,0,NA,0,-1,"malignant",65,29
46,47,"Normal.nucleoli",3.5,1,NA,65,30
48,49,"Normal.nucleoli",2,1,NA,65,31
0,0,NA,0,-1,"benign",65,32
0,0,NA,0,-1,"malignant",65,33
0,0,NA,0,-1,"benign",65,34
0,0,NA,0,-1,"malignant",65,35
0,0,NA,0,-1,"benign",65,36
0,0,NA,0,-1,"malignant",65,37
0,0,NA,0,-1,"malignant",65,38
50,51,"Normal.nucleoli",7.5,1,NA,65,39
0,0,NA,0,-1,"benign",65,40
0,0,NA,0,-1,"malignant",65,41
0,0,NA,0,-1,"malignant",65,42
0,0,NA,0,-1,"benign",65,43
0,0,NA,0,-1,"malignant",65,44
52,53,"Normal.nucleoli",2.5,1,NA,65,45
0,0,NA,0,-1,"benign",65,46
54,55,"Cell.shape",2.5,1,NA,65,47
0,0,NA,0,-1,"benign",65,48
0,0,NA,0,-1,"malignant",65,49
0,0,NA,0,-1,"benign",65,50
0,0,NA,0,-1,"malignant",65,51
56,57,"Normal.nucleoli",1.5,1,NA,65,52
0,0,NA,0,-1,"malignant",65,53
0,0,NA,0,-1,"benign",65,54
0,0,NA,0,-1,"malignant",65,55
0,0,NA,0,-1,"malignant",65,56
58,59,"Cl.thickness",7,1,NA,65,57
0,0,NA,0,-1,"benign",65,58
0,0,NA,0,-1,"malignant",65,59
2,3,"Cell.size",2.5,1,NA,66,1
4,5,"Bl.cromatin",4.5,1,NA,66,2
6,7,"Marg.adhesion",2.5,1,NA,66,3
8,9,"Marg.adhesion",2.5,1,NA,66,4
10,11,"Cell.shape",2,1,NA,66,5
12,13,"Normal.nucleoli",2,1,NA,66,6
14,15,"Marg.adhesion",5.5,1,NA,66,7
0,0,NA,0,-1,"benign",66,8
16,17,"Epith.c.size",1.5,1,NA,66,9
0,0,NA,0,-1,"benign",66,10
0,0,NA,0,-1,"malignant",66,11
18,19,"Bl.cromatin",3.5,1,NA,66,12
20,21,"Cell.shape",1.5,1,NA,66,13
22,23,"Cell.size",4.5,1,NA,66,14
0,0,NA,0,-1,"malignant",66,15
24,25,"Bare.nuclei",4,1,NA,66,16
0,0,NA,0,-1,"benign",66,17
0,0,NA,0,-1,"benign",66,18
0,0,NA,0,-1,"malignant",66,19
0,0,NA,0,-1,"benign",66,20
26,27,"Bl.cromatin",3.5,1,NA,66,21
28,29,"Cell.shape",3.5,1,NA,66,22
30,31,"Normal.nucleoli",2.5,1,NA,66,23
0,0,NA,0,-1,"benign",66,24
0,0,NA,0,-1,"malignant",66,25
32,33,"Bare.nuclei",2,1,NA,66,26
0,0,NA,0,-1,"malignant",66,27
34,35,"Bare.nuclei",3,1,NA,66,28
36,37,"Normal.nucleoli",6.5,1,NA,66,29
38,39,"Cell.shape",7.5,1,NA,66,30
0,0,NA,0,-1,"malignant",66,31
40,41,"Normal.nucleoli",7,1,NA,66,32
42,43,"Cell.shape",6.5,1,NA,66,33
0,0,NA,0,-1,"benign",66,34
44,45,"Normal.nucleoli",4.5,1,NA,66,35
0,0,NA,0,-1,"malignant",66,36
46,47,"Cl.thickness",6,1,NA,66,37
48,49,"Normal.nucleoli",1.5,1,NA,66,38
0,0,NA,0,-1,"malignant",66,39
0,0,NA,0,-1,"benign",66,40
0,0,NA,0,-1,"malignant",66,41
0,0,NA,0,-1,"malignant",66,42
50,51,"Cl.thickness",6,1,NA,66,43
0,0,NA,0,-1,"malignant",66,44
0,0,NA,0,-1,"benign",66,45
0,0,NA,0,-1,"benign",66,46
52,53,"Normal.nucleoli",8.5,1,NA,66,47
0,0,NA,0,-1,"malignant",66,48
0,0,NA,0,-1,"benign",66,49
0,0,NA,0,-1,"benign",66,50
0,0,NA,0,-1,"malignant",66,51
0,0,NA,0,-1,"benign",66,52
0,0,NA,0,-1,"malignant",66,53
2,3,"Cell.shape",3.5,1,NA,67,1
4,5,"Marg.adhesion",7,1,NA,67,2
6,7,"Cell.size",1.5,1,NA,67,3
8,9,"Bare.nuclei",5.5,1,NA,67,4
10,11,"Mitoses",1.5,1,NA,67,5
0,0,NA,0,-1,"benign",67,6
12,13,"Normal.nucleoli",2.5,1,NA,67,7
14,15,"Epith.c.size",2.5,1,NA,67,8
16,17,"Marg.adhesion",4,1,NA,67,9
18,19,"Cl.thickness",3,1,NA,67,10
0,0,NA,0,-1,"malignant",67,11
20,21,"Cl.thickness",6.5,1,NA,67,12
22,23,"Bare.nuclei",4.5,1,NA,67,13
24,25,"Cell.shape",2.5,1,NA,67,14
26,27,"Cl.thickness",5.5,1,NA,67,15
0,0,NA,0,-1,"malignant",67,16
28,29,"Cell.size",4.5,1,NA,67,17
0,0,NA,0,-1,"malignant",67,18
30,31,"Bare.nuclei",7.5,1,NA,67,19
32,33,"Bl.cromatin",3.5,1,NA,67,20
0,0,NA,0,-1,"malignant",67,21
34,35,"Epith.c.size",3.5,1,NA,67,22
0,0,NA,0,-1,"malignant",67,23
36,37,"Epith.c.size",1.5,1,NA,67,24
38,39,"Normal.nucleoli",3.5,1,NA,67,25
40,41,"Bare.nuclei",2.5,1,NA,67,26
0,0,NA,0,-1,"malignant",67,27
0,0,NA,0,-1,"benign",67,28
0,0,NA,0,-1,"malignant",67,29
0,0,NA,0,-1,"benign",67,30
0,0,NA,0,-1,"malignant",67,31
0,0,NA,0,-1,"benign",67,32
42,43,"Cl.thickness",5.5,1,NA,67,33
44,45,"Cell.shape",5.5,1,NA,67,34
0,0,NA,0,-1,"malignant",67,35
46,47,"Marg.adhesion",2.5,1,NA,67,36
0,0,NA,0,-1,"benign",67,37
0,0,NA,0,-1,"benign",67,38
0,0,NA,0,-1,"malignant",67,39
0,0,NA,0,-1,"benign",67,40
48,49,"Normal.nucleoli",2,1,NA,67,41
0,0,NA,0,-1,"malignant",67,42
0,0,NA,0,-1,"benign",67,43
0,0,NA,0,-1,"malignant",67,44
50,51,"Bl.cromatin",6,1,NA,67,45
0,0,NA,0,-1,"benign",67,46
52,53,"Cl.thickness",3.5,1,NA,67,47
0,0,NA,0,-1,"benign",67,48
0,0,NA,0,-1,"malignant",67,49
0,0,NA,0,-1,"benign",67,50
0,0,NA,0,-1,"malignant",67,51
0,0,NA,0,-1,"benign",67,52
0,0,NA,0,-1,"malignant",67,53
2,3,"Epith.c.size",2.5,1,NA,68,1
4,5,"Bare.nuclei",5.5,1,NA,68,2
6,7,"Cell.shape",1.5,1,NA,68,3
8,9,"Normal.nucleoli",3.5,1,NA,68,4
10,11,"Cell.size",1.5,1,NA,68,5
0,0,NA,0,-1,"benign",68,6
12,13,"Cell.size",4.5,1,NA,68,7
14,15,"Cell.shape",4.5,1,NA,68,8
16,17,"Bare.nuclei",2,1,NA,68,9
18,19,"Cl.thickness",5.5,1,NA,68,10
0,0,NA,0,-1,"malignant",68,11
20,21,"Bare.nuclei",1.5,1,NA,68,12
22,23,"Cl.thickness",6.5,1,NA,68,13
24,25,"Bare.nuclei",4.5,1,NA,68,14
0,0,NA,0,-1,"malignant",68,15
0,0,NA,0,-1,"benign",68,16
0,0,NA,0,-1,"malignant",68,17
0,0,NA,0,-1,"benign",68,18
0,0,NA,0,-1,"malignant",68,19
26,27,"Cell.shape",5.5,1,NA,68,20
28,29,"Marg.adhesion",2.5,1,NA,68,21
30,31,"Bl.cromatin",4.5,1,NA,68,22
0,0,NA,0,-1,"malignant",68,23
0,0,NA,0,-1,"benign",68,24
32,33,"Epith.c.size",1.5,1,NA,68,25
0,0,NA,0,-1,"benign",68,26
34,35,"Marg.adhesion",3.5,1,NA,68,27
36,37,"Cl.thickness",4,1,NA,68,28
38,39,"Bl.cromatin",3.5,1,NA,68,29
40,41,"Bare.nuclei",8.5,1,NA,68,30
0,0,NA,0,-1,"malignant",68,31
0,0,NA,0,-1,"malignant",68,32
0,0,NA,0,-1,"benign",68,33
0,0,NA,0,-1,"benign",68,34
0,0,NA,0,-1,"malignant",68,35
42,43,"Marg.adhesion",1.5,1,NA,68,36
0,0,NA,0,-1,"malignant",68,37
44,45,"Mitoses",2,1,NA,68,38
46,47,"Marg.adhesion",3.5,1,NA,68,39
48,49,"Bare.nuclei",6,1,NA,68,40
0,0,NA,0,-1,"malignant",68,41
0,0,NA,0,-1,"benign",68,42
0,0,NA,0,-1,"malignant",68,43
0,0,NA,0,-1,"benign",68,44
50,51,"Cell.shape",4,1,NA,68,45
52,53,"Bare.nuclei",7.5,1,NA,68,46
54,55,"Bare.nuclei",8.5,1,NA,68,47
0,0,NA,0,-1,"malignant",68,48
0,0,NA,0,-1,"benign",68,49
0,0,NA,0,-1,"benign",68,50
0,0,NA,0,-1,"malignant",68,51
0,0,NA,0,-1,"benign",68,52
0,0,NA,0,-1,"malignant",68,53
56,57,"Mitoses",1.5,1,NA,68,54
0,0,NA,0,-1,"malignant",68,55
0,0,NA,0,-1,"malignant",68,56
0,0,NA,0,-1,"benign",68,57
2,3,"Marg.adhesion",2.5,1,NA,69,1
4,5,"Bare.nuclei",2.5,1,NA,69,2
6,7,"Epith.c.size",2.5,1,NA,69,3
8,9,"Normal.nucleoli",3.5,1,NA,69,4
10,11,"Cl.thickness",4.5,1,NA,69,5
12,13,"Cell.size",2.5,1,NA,69,6
14,15,"Bl.cromatin",2.5,1,NA,69,7
16,17,"Bl.cromatin",4.5,1,NA,69,8
18,19,"Cell.shape",3,1,NA,69,9
20,21,"Bare.nuclei",6.5,1,NA,69,10
22,23,"Cell.size",6.5,1,NA,69,11
24,25,"Epith.c.size",1.5,1,NA,69,12
26,27,"Cell.shape",2.5,1,NA,69,13
0,0,NA,0,-1,"benign",69,14
28,29,"Marg.adhesion",3.5,1,NA,69,15
0,0,NA,0,-1,"benign",69,16
30,31,"Marg.adhesion",1.5,1,NA,69,17
0,0,NA,0,-1,"benign",69,18
32,33,"Cell.shape",4.5,1,NA,69,19
0,0,NA,0,-1,"benign",69,20
0,0,NA,0,-1,"malignant",69,21
0,0,NA,0,-1,"malignant",69,22
34,35,"Cl.thickness",6.5,1,NA,69,23
36,37,"Bare.nuclei",3,1,NA,69,24
38,39,"Bl.cromatin",2.5,1,NA,69,25
0,0,NA,0,-1,"benign",69,26
0,0,NA,0,-1,"malignant",69,27
40,41,"Cell.size",4.5,1,NA,69,28
42,43,"Epith.c.size",3.5,1,NA,69,29
0,0,NA,0,-1,"benign",69,30
44,45,"Cl.thickness",5,1,NA,69,31
0,0,NA,0,-1,"malignant",69,32
0,0,NA,0,-1,"benign",69,33
0,0,NA,0,-1,"benign",69,34
0,0,NA,0,-1,"malignant",69,35
0,0,NA,0,-1,"benign",69,36
0,0,NA,0,-1,"malignant",69,37
0,0,NA,0,-1,"benign",69,38
46,47,"Cl.thickness",4.5,1,NA,69,39
48,49,"Bare.nuclei",6,1,NA,69,40
0,0,NA,0,-1,"malignant",69,41
50,51,"Cl.thickness",3.5,1,NA,69,42
0,0,NA,0,-1,"malignant",69,43
0,0,NA,0,-1,"benign",69,44
0,0,NA,0,-1,"malignant",69,45
0,0,NA,0,-1,"benign",69,46
52,53,"Normal.nucleoli",3.5,1,NA,69,47
0,0,NA,0,-1,"benign",69,48
0,0,NA,0,-1,"malignant",69,49
0,0,NA,0,-1,"benign",69,50
54,55,"Normal.nucleoli",5.5,1,NA,69,51
0,0,NA,0,-1,"benign",69,52
0,0,NA,0,-1,"malignant",69,53
56,57,"Mitoses",2.5,1,NA,69,54
0,0,NA,0,-1,"malignant",69,55
0,0,NA,0,-1,"malignant",69,56
58,59,"Cl.thickness",6.5,1,NA,69,57
0,0,NA,0,-1,"benign",69,58
0,0,NA,0,-1,"malignant",69,59
2,3,"Cell.size",3.5,1,NA,70,1
4,5,"Bare.nuclei",5.5,1,NA,70,2
6,7,"Cell.size",4.5,1,NA,70,3
8,9,"Cell.size",2.5,1,NA,70,4
10,11,"Marg.adhesion",4.5,1,NA,70,5
12,13,"Cl.thickness",6,1,NA,70,6
0,0,NA,0,-1,"malignant",70,7
14,15,"Cl.thickness",5.5,1,NA,70,8
16,17,"Cl.thickness",5.5,1,NA,70,9
0,0,NA,0,-1,"malignant",70,10
18,19,"Cl.thickness",6.5,1,NA,70,11
20,21,"Marg.adhesion",7,1,NA,70,12
22,23,"Mitoses",1.5,1,NA,70,13
24,25,"Bare.nuclei",4.5,1,NA,70,14
26,27,"Normal.nucleoli",2.5,1,NA,70,15
28,29,"Bare.nuclei",2.5,1,NA,70,16
0,0,NA,0,-1,"malignant",70,17
30,31,"Bl.cromatin",5,1,NA,70,18
0,0,NA,0,-1,"malignant",70,19
32,33,"Marg.adhesion",3,1,NA,70,20
0,0,NA,0,-1,"malignant",70,21
0,0,NA,0,-1,"malignant",70,22
34,35,"Bare.nuclei",8.5,1,NA,70,23
0,0,NA,0,-1,"benign",70,24
36,37,"Marg.adhesion",2,1,NA,70,25
0,0,NA,0,-1,"benign",70,26
0,0,NA,0,-1,"malignant",70,27
0,0,NA,0,-1,"benign",70,28
38,39,"Marg.adhesion",2,1,NA,70,29
0,0,NA,0,-1,"benign",70,30
0,0,NA,0,-1,"malignant",70,31
40,41,"Bare.nuclei",6.5,1,NA,70,32
0,0,NA,0,-1,"benign",70,33
42,43,"Mitoses",6,1,NA,70,34
0,0,NA,0,-1,"malignant",70,35
0,0,NA,0,-1,"benign",70,36
0,0,NA,0,-1,"malignant",70,37
0,0,NA,0,-1,"benign",70,38
44,45,"Cell.shape",2.5,1,NA,70,39
0,0,NA,0,-1,"benign",70,40
0,0,NA,0,-1,"malignant",70,41
0,0,NA,0,-1,"benign",70,42
0,0,NA,0,-1,"malignant",70,43
0,0,NA,0,-1,"benign",70,44
0,0,NA,0,-1,"malignant",70,45
2,3,"Normal.nucleoli",2.5,1,NA,71,1
4,5,"Cell.size",3.5,1,NA,71,2
6,7,"Cell.size",3.5,1,NA,71,3
8,9,"Bl.cromatin",3.5,1,NA,71,4
10,11,"Cl.thickness",4.5,1,NA,71,5
12,13,"Epith.c.size",4.5,1,NA,71,6
14,15,"Bare.nuclei",4.5,1,NA,71,7
16,17,"Marg.adhesion",2.5,1,NA,71,8
18,19,"Bare.nuclei",7.5,1,NA,71,9
20,21,"Marg.adhesion",2.5,1,NA,71,10
22,23,"Bl.cromatin",3.5,1,NA,71,11
24,25,"Cl.thickness",4.5,1,NA,71,12
26,27,"Cell.shape",1.5,1,NA,71,13
28,29,"Normal.nucleoli",7.5,1,NA,71,14
30,31,"Cl.thickness",5.5,1,NA,71,15
32,33,"Mitoses",1.5,1,NA,71,16
34,35,"Cl.thickness",6.5,1,NA,71,17
36,37,"Bare.nuclei",3,1,NA,71,18
0,0,NA,0,-1,"malignant",71,19
0,0,NA,0,-1,"benign",71,20
0,0,NA,0,-1,"malignant",71,21
38,39,"Normal.nucleoli",1.5,1,NA,71,22
0,0,NA,0,-1,"malignant",71,23
40,41,"Cell.shape",3.5,1,NA,71,24
42,43,"Bare.nuclei",2,1,NA,71,25
0,0,NA,0,-1,"benign",71,26
0,0,NA,0,-1,"malignant",71,27
44,45,"Cl.thickness",3.5,1,NA,71,28
0,0,NA,0,-1,"malignant",71,29
46,47,"Bl.cromatin",3.5,1,NA,71,30
0,0,NA,0,-1,"malignant",71,31
0,0,NA,0,-1,"benign",71,32
48,49,"Cell.size",1.5,1,NA,71,33
50,51,"Bl.cromatin",1.5,1,NA,71,34
0,0,NA,0,-1,"malignant",71,35
0,0,NA,0,-1,"benign",71,36
52,53,"Bare.nuclei",4.5,1,NA,71,37
0,0,NA,0,-1,"malignant",71,38
54,55,"Mitoses",2,1,NA,71,39
56,57,"Marg.adhesion",3.5,1,NA,71,40
0,0,NA,0,-1,"malignant",71,41
0,0,NA,0,-1,"benign",71,42
58,59,"Normal.nucleoli",4.5,1,NA,71,43
0,0,NA,0,-1,"benign",71,44
60,61,"Epith.c.size",3.5,1,NA,71,45
62,63,"Bare.nuclei",9,1,NA,71,46
0,0,NA,0,-1,"malignant",71,47
0,0,NA,0,-1,"benign",71,48
64,65,"Bare.nuclei",4,1,NA,71,49
0,0,NA,0,-1,"benign",71,50
66,67,"Epith.c.size",1.5,1,NA,71,51
0,0,NA,0,-1,"malignant",71,52
0,0,NA,0,-1,"benign",71,53
0,0,NA,0,-1,"benign",71,54
0,0,NA,0,-1,"malignant",71,55
0,0,NA,0,-1,"benign",71,56
0,0,NA,0,-1,"malignant",71,57
0,0,NA,0,-1,"malignant",71,58
68,69,"Cl.thickness",7,1,NA,71,59
70,71,"Normal.nucleoli",6.5,1,NA,71,60
0,0,NA,0,-1,"malignant",71,61
0,0,NA,0,-1,"benign",71,62
0,0,NA,0,-1,"malignant",71,63
0,0,NA,0,-1,"benign",71,64
0,0,NA,0,-1,"malignant",71,65
0,0,NA,0,-1,"malignant",71,66
0,0,NA,0,-1,"benign",71,67
72,73,"Marg.adhesion",3.5,1,NA,71,68
0,0,NA,0,-1,"malignant",71,69
0,0,NA,0,-1,"malignant",71,70
0,0,NA,0,-1,"benign",71,71
0,0,NA,0,-1,"benign",71,72
74,75,"Normal.nucleoli",5.5,1,NA,71,73
0,0,NA,0,-1,"benign",71,74
0,0,NA,0,-1,"malignant",71,75
2,3,"Normal.nucleoli",2.5,1,NA,72,1
4,5,"Bl.cromatin",3.5,1,NA,72,2
6,7,"Marg.adhesion",3.5,1,NA,72,3
8,9,"Cell.shape",4.5,1,NA,72,4
10,11,"Cell.shape",2.5,1,NA,72,5
12,13,"Cl.thickness",5.5,1,NA,72,6
0,0,NA,0,-1,"malignant",72,7
14,15,"Bare.nuclei",2.5,1,NA,72,8
0,0,NA,0,-1,"malignant",72,9
16,17,"Bl.cromatin",7.5,1,NA,72,10
0,0,NA,0,-1,"malignant",72,11
18,19,"Cell.shape",2.5,1,NA,72,12
20,21,"Epith.c.size",3.5,1,NA,72,13
0,0,NA,0,-1,"benign",72,14
22,23,"Mitoses",1.5,1,NA,72,15
0,0,NA,0,-1,"benign",72,16
0,0,NA,0,-1,"malignant",72,17
0,0,NA,0,-1,"benign",72,18
24,25,"Mitoses",2,1,NA,72,19
26,27,"Cl.thickness",6.5,1,NA,72,20
0,0,NA,0,-1,"malignant",72,21
28,29,"Cell.size",2.5,1,NA,72,22
0,0,NA,0,-1,"malignant",72,23
30,31,"Marg.adhesion",2.5,1,NA,72,24
0,0,NA,0,-1,"malignant",72,25
0,0,NA,0,-1,"benign",72,26
0,0,NA,0,-1,"malignant",72,27
0,0,NA,0,-1,"benign",72,28
32,33,"Cell.shape",3.5,1,NA,72,29
34,35,"Cell.size",6.5,1,NA,72,30
0,0,NA,0,-1,"benign",72,31
0,0,NA,0,-1,"malignant",72,32
0,0,NA,0,-1,"benign",72,33
36,37,"Epith.c.size",6.5,1,NA,72,34
0,0,NA,0,-1,"benign",72,35
0,0,NA,0,-1,"malignant",72,36
38,39,"Bare.nuclei",5.5,1,NA,72,37
0,0,NA,0,-1,"benign",72,38
0,0,NA,0,-1,"malignant",72,39
2,3,"Marg.adhesion",3.5,1,NA,73,1
4,5,"Cell.shape",2.5,1,NA,73,2
6,7,"Cell.size",2.5,1,NA,73,3
8,9,"Bare.nuclei",3.5,1,NA,73,4
10,11,"Bare.nuclei",1.5,1,NA,73,5
12,13,"Bl.cromatin",2.5,1,NA,73,6
14,15,"Cell.size",3.5,1,NA,73,7
0,0,NA,0,-1,"benign",73,8
16,17,"Marg.adhesion",2.5,1,NA,73,9
18,19,"Normal.nucleoli",7,1,NA,73,10
20,21,"Epith.c.size",5.5,1,NA,73,11
0,0,NA,0,-1,"benign",73,12
22,23,"Normal.nucleoli",3.5,1,NA,73,13
24,25,"Bare.nuclei",3.5,1,NA,73,14
26,27,"Bl.cromatin",6.5,1,NA,73,15
28,29,"Cell.shape",1.5,1,NA,73,16
0,0,NA,0,-1,"malignant",73,17
30,31,"Bl.cromatin",4.5,1,NA,73,18
0,0,NA,0,-1,"malignant",73,19
32,33,"Bare.nuclei",8.5,1,NA,73,20
34,35,"Bare.nuclei",3.5,1,NA,73,21
0,0,NA,0,-1,"benign",73,22
0,0,NA,0,-1,"malignant",73,23
36,37,"Cell.shape",3.5,1,NA,73,24
38,39,"Bl.cromatin",3.5,1,NA,73,25
0,0,NA,0,-1,"malignant",73,26
40,41,"Cell.shape",4.5,1,NA,73,27
0,0,NA,0,-1,"benign",73,28
42,43,"Cell.size",3.5,1,NA,73,29
0,0,NA,0,-1,"benign",73,30
0,0,NA,0,-1,"malignant",73,31
44,45,"Cl.thickness",6.5,1,NA,73,32
0,0,NA,0,-1,"malignant",73,33
46,47,"Cl.thickness",4,1,NA,73,34
0,0,NA,0,-1,"malignant",73,35
0,0,NA,0,-1,"benign",73,36
0,0,NA,0,-1,"malignant",73,37
48,49,"Marg.adhesion",4.5,1,NA,73,38
0,0,NA,0,-1,"malignant",73,39
50,51,"Epith.c.size",3.5,1,NA,73,40
0,0,NA,0,-1,"malignant",73,41
0,0,NA,0,-1,"malignant",73,42
0,0,NA,0,-1,"benign",73,43
52,53,"Normal.nucleoli",3.5,1,NA,73,44
54,55,"Cell.size",3.5,1,NA,73,45
0,0,NA,0,-1,"benign",73,46
0,0,NA,0,-1,"malignant",73,47
0,0,NA,0,-1,"malignant",73,48
0,0,NA,0,-1,"benign",73,49
0,0,NA,0,-1,"malignant",73,50
56,57,"Bl.cromatin",7.5,1,NA,73,51
0,0,NA,0,-1,"benign",73,52
58,59,"Epith.c.size",3,1,NA,73,53
0,0,NA,0,-1,"benign",73,54
0,0,NA,0,-1,"malignant",73,55
60,61,"Bare.nuclei",8.5,1,NA,73,56
0,0,NA,0,-1,"malignant",73,57
0,0,NA,0,-1,"malignant",73,58
0,0,NA,0,-1,"benign",73,59
0,0,NA,0,-1,"benign",73,60
0,0,NA,0,-1,"malignant",73,61
2,3,"Cell.shape",2.5,1,NA,74,1
4,5,"Bare.nuclei",5.5,1,NA,74,2
6,7,"Bl.cromatin",2.5,1,NA,74,3
8,9,"Bl.cromatin",3.5,1,NA,74,4
10,11,"Cell.shape",1.5,1,NA,74,5
12,13,"Cell.size",2.5,1,NA,74,6
14,15,"Cell.shape",4.5,1,NA,74,7
16,17,"Cl.thickness",3.5,1,NA,74,8
18,19,"Epith.c.size",2.5,1,NA,74,9
0,0,NA,0,-1,"benign",74,10
0,0,NA,0,-1,"malignant",74,11
0,0,NA,0,-1,"benign",74,12
20,21,"Normal.nucleoli",2,1,NA,74,13
22,23,"Marg.adhesion",6,1,NA,74,14
24,25,"Bl.cromatin",4.5,1,NA,74,15
0,0,NA,0,-1,"benign",74,16
26,27,"Marg.adhesion",2.5,1,NA,74,17
0,0,NA,0,-1,"benign",74,18
0,0,NA,0,-1,"malignant",74,19
28,29,"Mitoses",3,1,NA,74,20
0,0,NA,0,-1,"malignant",74,21
30,31,"Normal.nucleoli",2.5,1,NA,74,22
0,0,NA,0,-1,"malignant",74,23
32,33,"Epith.c.size",5.5,1,NA,74,24
0,0,NA,0,-1,"malignant",74,25
0,0,NA,0,-1,"benign",74,26
34,35,"Bare.nuclei",4.5,1,NA,74,27
0,0,NA,0,-1,"benign",74,28
0,0,NA,0,-1,"malignant",74,29
36,37,"Epith.c.size",4.5,1,NA,74,30
38,39,"Bl.cromatin",6.5,1,NA,74,31
40,41,"Cell.size",7.5,1,NA,74,32
0,0,NA,0,-1,"malignant",74,33
0,0,NA,0,-1,"benign",74,34
42,43,"Cl.thickness",4.5,1,NA,74,35
0,0,NA,0,-1,"benign",74,36
44,45,"Normal.nucleoli",1.5,1,NA,74,37
46,47,"Mitoses",2.5,1,NA,74,38
48,49,"Bare.nuclei",7.5,1,NA,74,39
50,51,"Cell.shape",5.5,1,NA,74,40
52,53,"Cell.size",9.5,1,NA,74,41
0,0,NA,0,-1,"malignant",74,42
0,0,NA,0,-1,"benign",74,43
0,0,NA,0,-1,"malignant",74,44
0,0,NA,0,-1,"benign",74,45
0,0,NA,0,-1,"malignant",74,46
54,55,"Marg.adhesion",3,1,NA,74,47
56,57,"Marg.adhesion",3.5,1,NA,74,48
0,0,NA,0,-1,"malignant",74,49
0,0,NA,0,-1,"malignant",74,50
58,59,"Bare.nuclei",3,1,NA,74,51
0,0,NA,0,-1,"benign",74,52
0,0,NA,0,-1,"malignant",74,53
0,0,NA,0,-1,"malignant",74,54
0,0,NA,0,-1,"benign",74,55
0,0,NA,0,-1,"malignant",74,56
0,0,NA,0,-1,"benign",74,57
0,0,NA,0,-1,"benign",74,58
0,0,NA,0,-1,"malignant",74,59
2,3,"Cell.size",2.5,1,NA,75,1
4,5,"Bare.nuclei",4.5,1,NA,75,2
6,7,"Bl.cromatin",3.5,1,NA,75,3
8,9,"Cl.thickness",7.5,1,NA,75,4
10,11,"Epith.c.size",3,1,NA,75,5
12,13,"Cell.shape",2.5,1,NA,75,6
14,15,"Cell.shape",4.5,1,NA,75,7
0,0,NA,0,-1,"benign",75,8
0,0,NA,0,-1,"malignant",75,9
16,17,"Cell.size",1.5,1,NA,75,10
0,0,NA,0,-1,"malignant",75,11
0,0,NA,0,-1,"benign",75,12
18,19,"Marg.adhesion",1.5,1,NA,75,13
20,21,"Normal.nucleoli",8.5,1,NA,75,14
22,23,"Cell.size",8.5,1,NA,75,15
24,25,"Normal.nucleoli",2.5,1,NA,75,16
0,0,NA,0,-1,"malignant",75,17
26,27,"Cell.shape",9,1,NA,75,18
28,29,"Marg.adhesion",4.5,1,NA,75,19
30,31,"Bare.nuclei",8.5,1,NA,75,20
0,0,NA,0,-1,"malignant",75,21
0,0,NA,0,-1,"malignant",75,22
32,33,"Cell.size",9.5,1,NA,75,23
0,0,NA,0,-1,"benign",75,24
0,0,NA,0,-1,"malignant",75,25
34,35,"Cl.thickness",7,1,NA,75,26
0,0,NA,0,-1,"malignant",75,27
0,0,NA,0,-1,"malignant",75,28
36,37,"Cl.thickness",5.5,1,NA,75,29
38,39,"Marg.adhesion",2,1,NA,75,30
0,0,NA,0,-1,"malignant",75,31
40,41,"Normal.nucleoli",4.5,1,NA,75,32
0,0,NA,0,-1,"malignant",75,33
42,43,"Normal.nucleoli",3.5,1,NA,75,34
0,0,NA,0,-1,"malignant",75,35
44,45,"Bare.nuclei",5.5,1,NA,75,36
0,0,NA,0,-1,"malignant",75,37
0,0,NA,0,-1,"malignant",75,38
46,47,"Marg.adhesion",6,1,NA,75,39
0,0,NA,0,-1,"benign",75,40
0,0,NA,0,-1,"malignant",75,41
48,49,"Epith.c.size",2.5,1,NA,75,42
0,0,NA,0,-1,"benign",75,43
0,0,NA,0,-1,"malignant",75,44
50,51,"Epith.c.size",5,1,NA,75,45
52,53,"Cl.thickness",3,1,NA,75,46
0,0,NA,0,-1,"malignant",75,47
0,0,NA,0,-1,"benign",75,48
54,55,"Normal.nucleoli",2,1,NA,75,49
0,0,NA,0,-1,"malignant",75,50
0,0,NA,0,-1,"benign",75,51
0,0,NA,0,-1,"malignant",75,52
0,0,NA,0,-1,"benign",75,53
0,0,NA,0,-1,"benign",75,54
0,0,NA,0,-1,"malignant",75,55
2,3,"Normal.nucleoli",2.5,1,NA,76,1
4,5,"Cell.size",3.5,1,NA,76,2
6,7,"Cell.shape",1.5,1,NA,76,3
8,9,"Epith.c.size",5.5,1,NA,76,4
10,11,"Cell.size",4.5,1,NA,76,5
12,13,"Cl.thickness",7.5,1,NA,76,6
14,15,"Cell.size",4.5,1,NA,76,7
16,17,"Bare.nuclei",5.5,1,NA,76,8
0,0,NA,0,-1,"malignant",76,9
18,19,"Normal.nucleoli",1.5,1,NA,76,10
20,21,"Normal.nucleoli",1.5,1,NA,76,11
0,0,NA,0,-1,"benign",76,12
0,0,NA,0,-1,"malignant",76,13
22,23,"Normal.nucleoli",7.5,1,NA,76,14
24,25,"Bl.cromatin",3.5,1,NA,76,15
0,0,NA,0,-1,"benign",76,16
26,27,"Cl.thickness",2,1,NA,76,17
28,29,"Cell.shape",4.5,1,NA,76,18
0,0,NA,0,-1,"benign",76,19
0,0,NA,0,-1,"malignant",76,20
30,31,"Epith.c.size",4,1,NA,76,21
32,33,"Bare.nuclei",6,1,NA,76,22
0,0,NA,0,-1,"malignant",76,23
34,35,"Normal.nucleoli",4.5,1,NA,76,24
0,0,NA,0,-1,"malignant",76,25
0,0,NA,0,-1,"benign",76,26
0,0,NA,0,-1,"malignant",76,27
36,37,"Epith.c.size",3,1,NA,76,28
0,0,NA,0,-1,"malignant",76,29
0,0,NA,0,-1,"malignant",76,30
0,0,NA,0,-1,"benign",76,31
38,39,"Cl.thickness",4.5,1,NA,76,32
0,0,NA,0,-1,"malignant",76,33
40,41,"Epith.c.size",4.5,1,NA,76,34
0,0,NA,0,-1,"malignant",76,35
0,0,NA,0,-1,"benign",76,36
0,0,NA,0,-1,"malignant",76,37
0,0,NA,0,-1,"benign",76,38
42,43,"Normal.nucleoli",5.5,1,NA,76,39
0,0,NA,0,-1,"malignant",76,40
0,0,NA,0,-1,"benign",76,41
44,45,"Normal.nucleoli",3.5,1,NA,76,42
0,0,NA,0,-1,"benign",76,43
46,47,"Epith.c.size",2.5,1,NA,76,44
0,0,NA,0,-1,"malignant",76,45
0,0,NA,0,-1,"benign",76,46
0,0,NA,0,-1,"malignant",76,47
2,3,"Bare.nuclei",3.5,1,NA,77,1
4,5,"Cell.shape",4.5,1,NA,77,2
6,7,"Bl.cromatin",1.5,1,NA,77,3
8,9,"Normal.nucleoli",4,1,NA,77,4
10,11,"Cell.size",4.5,1,NA,77,5
12,13,"Cell.size",1.5,1,NA,77,6
14,15,"Cell.shape",4.5,1,NA,77,7
16,17,"Cell.size",6.5,1,NA,77,8
18,19,"Cl.thickness",6,1,NA,77,9
20,21,"Marg.adhesion",4,1,NA,77,10
0,0,NA,0,-1,"malignant",77,11
0,0,NA,0,-1,"benign",77,12
0,0,NA,0,-1,"malignant",77,13
22,23,"Cl.thickness",6.5,1,NA,77,14
24,25,"Normal.nucleoli",7.5,1,NA,77,15
26,27,"Cl.thickness",7.5,1,NA,77,16
0,0,NA,0,-1,"malignant",77,17
0,0,NA,0,-1,"benign",77,18
0,0,NA,0,-1,"malignant",77,19
0,0,NA,0,-1,"benign",77,20
0,0,NA,0,-1,"malignant",77,21
28,29,"Cell.size",4.5,1,NA,77,22
0,0,NA,0,-1,"malignant",77,23
30,31,"Marg.adhesion",1.5,1,NA,77,24
0,0,NA,0,-1,"malignant",77,25
0,0,NA,0,-1,"benign",77,26
32,33,"Cell.shape",2,1,NA,77,27
34,35,"Cell.shape",3.5,1,NA,77,28
0,0,NA,0,-1,"malignant",77,29
36,37,"Cell.shape",9,1,NA,77,30
0,0,NA,0,-1,"malignant",77,31
0,0,NA,0,-1,"benign",77,32
0,0,NA,0,-1,"malignant",77,33
38,39,"Normal.nucleoli",5.5,1,NA,77,34
40,41,"Marg.adhesion",2,1,NA,77,35
0,0,NA,0,-1,"benign",77,36
0,0,NA,0,-1,"malignant",77,37
42,43,"Cl.thickness",3.5,1,NA,77,38
0,0,NA,0,-1,"malignant",77,39
0,0,NA,0,-1,"malignant",77,40
44,45,"Cl.thickness",3,1,NA,77,41
0,0,NA,0,-1,"benign",77,42
46,47,"Mitoses",2.5,1,NA,77,43
0,0,NA,0,-1,"malignant",77,44
0,0,NA,0,-1,"benign",77,45
48,49,"Epith.c.size",3.5,1,NA,77,46
0,0,NA,0,-1,"benign",77,47
0,0,NA,0,-1,"malignant",77,48
50,51,"Cell.size",1.5,1,NA,77,49
0,0,NA,0,-1,"benign",77,50
0,0,NA,0,-1,"malignant",77,51
2,3,"Bare.nuclei",3.5,1,NA,78,1
4,5,"Normal.nucleoli",6.5,1,NA,78,2
6,7,"Bl.cromatin",2.5,1,NA,78,3
8,9,"Marg.adhesion",8,1,NA,78,4
10,11,"Cl.thickness",4,1,NA,78,5
12,13,"Bl.cromatin",1.5,1,NA,78,6
14,15,"Cell.shape",1.5,1,NA,78,7
16,17,"Cl.thickness",6.5,1,NA,78,8
0,0,NA,0,-1,"malignant",78,9
0,0,NA,0,-1,"benign",78,10
0,0,NA,0,-1,"malignant",78,11
0,0,NA,0,-1,"benign",78,12
18,19,"Bare.nuclei",7.5,1,NA,78,13
0,0,NA,0,-1,"benign",78,14
20,21,"Cell.size",4.5,1,NA,78,15
22,23,"Cell.size",2.5,1,NA,78,16
24,25,"Mitoses",3,1,NA,78,17
26,27,"Epith.c.size",1.5,1,NA,78,18
0,0,NA,0,-1,"malignant",78,19
28,29,"Bare.nuclei",7.5,1,NA,78,20
30,31,"Bare.nuclei",8.5,1,NA,78,21
0,0,NA,0,-1,"benign",78,22
32,33,"Mitoses",2.5,1,NA,78,23
34,35,"Bl.cromatin",3.5,1,NA,78,24
0,0,NA,0,-1,"malignant",78,25
0,0,NA,0,-1,"malignant",78,26
0,0,NA,0,-1,"benign",78,27
36,37,"Epith.c.size",3.5,1,NA,78,28
38,39,"Bl.cromatin",3.5,1,NA,78,29
40,41,"Cl.thickness",6.5,1,NA,78,30
0,0,NA,0,-1,"malignant",78,31
42,43,"Bare.nuclei",2.5,1,NA,78,32
44,45,"Cell.shape",2.5,1,NA,78,33
0,0,NA,0,-1,"benign",78,34
46,47,"Cl.thickness",7.5,1,NA,78,35
0,0,NA,0,-1,"malignant",78,36
48,49,"Cell.shape",4.5,1,NA,78,37
50,51,"Cl.thickness",6.5,1,NA,78,38
0,0,NA,0,-1,"malignant",78,39
52,53,"Cell.shape",6.5,1,NA,78,40
0,0,NA,0,-1,"malignant",78,41
0,0,NA,0,-1,"benign",78,42
54,55,"Bl.cromatin",3.5,1,NA,78,43
0,0,NA,0,-1,"benign",78,44
0,0,NA,0,-1,"malignant",78,45
0,0,NA,0,-1,"malignant",78,46
56,57,"Cell.shape",4.5,1,NA,78,47
0,0,NA,0,-1,"benign",78,48
0,0,NA,0,-1,"malignant",78,49
58,59,"Marg.adhesion",4,1,NA,78,50
0,0,NA,0,-1,"malignant",78,51
0,0,NA,0,-1,"malignant",78,52
60,61,"Epith.c.size",5.5,1,NA,78,53
0,0,NA,0,-1,"benign",78,54
62,63,"Cell.shape",4,1,NA,78,55
0,0,NA,0,-1,"malignant",78,56
0,0,NA,0,-1,"benign",78,57
0,0,NA,0,-1,"malignant",78,58
0,0,NA,0,-1,"benign",78,59
64,65,"Cell.shape",7.5,1,NA,78,60
0,0,NA,0,-1,"malignant",78,61
0,0,NA,0,-1,"malignant",78,62
0,0,NA,0,-1,"benign",78,63
0,0,NA,0,-1,"benign",78,64
0,0,NA,0,-1,"malignant",78,65
2,3,"Cell.shape",3.5,1,NA,79,1
4,5,"Bare.nuclei",6,1,NA,79,2
6,7,"Bl.cromatin",1.5,1,NA,79,3
8,9,"Cell.size",3.5,1,NA,79,4
10,11,"Normal.nucleoli",4.5,1,NA,79,5
0,0,NA,0,-1,"benign",79,6
12,13,"Bare.nuclei",8.5,1,NA,79,7
14,15,"Bl.cromatin",3.5,1,NA,79,8
16,17,"Cl.thickness",5,1,NA,79,9
0,0,NA,0,-1,"malignant",79,10
18,19,"Normal.nucleoli",5.5,1,NA,79,11
20,21,"Cl.thickness",6.5,1,NA,79,12
0,0,NA,0,-1,"malignant",79,13
22,23,"Bare.nuclei",3.5,1,NA,79,14
24,25,"Bare.nuclei",2.5,1,NA,79,15
0,0,NA,0,-1,"benign",79,16
0,0,NA,0,-1,"malignant",79,17
26,27,"Bare.nuclei",8.5,1,NA,79,18
0,0,NA,0,-1,"malignant",79,19
28,29,"Normal.nucleoli",8,1,NA,79,20
30,31,"Cell.size",4.5,1,NA,79,21
0,0,NA,0,-1,"benign",79,22
32,33,"Cell.shape",2.5,1,NA,79,23
0,0,NA,0,-1,"benign",79,24
34,35,"Cell.shape",2,1,NA,79,25
0,0,NA,0,-1,"malignant",79,26
0,0,NA,0,-1,"benign",79,27
36,37,"Bl.cromatin",5.5,1,NA,79,28
0,0,NA,0,-1,"malignant",79,29
38,39,"Cl.thickness",7.5,1,NA,79,30
0,0,NA,0,-1,"malignant",79,31
40,41,"Epith.c.size",1.5,1,NA,79,32
0,0,NA,0,-1,"malignant",79,33
0,0,NA,0,-1,"benign",79,34
0,0,NA,0,-1,"malignant",79,35
42,43,"Marg.adhesion",5.5,1,NA,79,36
44,45,"Cell.shape",5,1,NA,79,37
0,0,NA,0,-1,"malignant",79,38
46,47,"Bl.cromatin",4.5,1,NA,79,39
0,0,NA,0,-1,"malignant",79,40
0,0,NA,0,-1,"benign",79,41
0,0,NA,0,-1,"benign",79,42
0,0,NA,0,-1,"malignant",79,43
0,0,NA,0,-1,"benign",79,44
0,0,NA,0,-1,"malignant",79,45
0,0,NA,0,-1,"benign",79,46
48,49,"Bare.nuclei",6,1,NA,79,47
0,0,NA,0,-1,"malignant",79,48
50,51,"Bl.cromatin",6.5,1,NA,79,49
0,0,NA,0,-1,"malignant",79,50
0,0,NA,0,-1,"benign",79,51
2,3,"Cell.size",2.5,1,NA,80,1
4,5,"Bare.nuclei",3.5,1,NA,80,2
6,7,"Cell.size",3.5,1,NA,80,3
8,9,"Normal.nucleoli",3.5,1,NA,80,4
10,11,"Bl.cromatin",1.5,1,NA,80,5
12,13,"Normal.nucleoli",2.5,1,NA,80,6
14,15,"Marg.adhesion",5.5,1,NA,80,7
16,17,"Cl.thickness",7.5,1,NA,80,8
18,19,"Cell.shape",2.5,1,NA,80,9
20,21,"Cell.size",1.5,1,NA,80,10
22,23,"Epith.c.size",2.5,1,NA,80,11
24,25,"Mitoses",5,1,NA,80,12
26,27,"Normal.nucleoli",4.5,1,NA,80,13
28,29,"Bare.nuclei",7.5,1,NA,80,14
0,0,NA,0,-1,"malignant",80,15
0,0,NA,0,-1,"benign",80,16
30,31,"Cell.shape",2,1,NA,80,17
0,0,NA,0,-1,"benign",80,18
0,0,NA,0,-1,"malignant",80,19
0,0,NA,0,-1,"benign",80,20
32,33,"Cl.thickness",7.5,1,NA,80,21
34,35,"Normal.nucleoli",3.5,1,NA,80,22
0,0,NA,0,-1,"malignant",80,23
36,37,"Epith.c.size",5.5,1,NA,80,24
0,0,NA,0,-1,"malignant",80,25
38,39,"Cl.thickness",2,1,NA,80,26
40,41,"Cell.shape",2.5,1,NA,80,27
42,43,"Cl.thickness",8.5,1,NA,80,28
0,0,NA,0,-1,"malignant",80,29
0,0,NA,0,-1,"benign",80,30
0,0,NA,0,-1,"malignant",80,31
0,0,NA,0,-1,"benign",80,32
0,0,NA,0,-1,"malignant",80,33
44,45,"Cl.thickness",2.5,1,NA,80,34
0,0,NA,0,-1,"malignant",80,35
46,47,"Bl.cromatin",6.5,1,NA,80,36
0,0,NA,0,-1,"malignant",80,37
0,0,NA,0,-1,"benign",80,38
0,0,NA,0,-1,"malignant",80,39
0,0,NA,0,-1,"benign",80,40
48,49,"Normal.nucleoli",5.5,1,NA,80,41
50,51,"Cell.size",4.5,1,NA,80,42
0,0,NA,0,-1,"malignant",80,43
0,0,NA,0,-1,"benign",80,44
0,0,NA,0,-1,"malignant",80,45
0,0,NA,0,-1,"benign",80,46
0,0,NA,0,-1,"malignant",80,47
52,53,"Marg.adhesion",4.5,1,NA,80,48
0,0,NA,0,-1,"malignant",80,49
54,55,"Marg.adhesion",3.5,1,NA,80,50
0,0,NA,0,-1,"malignant",80,51
0,0,NA,0,-1,"malignant",80,52
0,0,NA,0,-1,"benign",80,53
0,0,NA,0,-1,"benign",80,54
56,57,"Mitoses",1.5,1,NA,80,55
0,0,NA,0,-1,"malignant",80,56
0,0,NA,0,-1,"benign",80,57
2,3,"Bl.cromatin",3.5,1,NA,81,1
4,5,"Cl.thickness",6.5,1,NA,81,2
6,7,"Marg.adhesion",3.5,1,NA,81,3
8,9,"Bare.nuclei",6,1,NA,81,4
10,11,"Bare.nuclei",2.5,1,NA,81,5
12,13,"Cell.size",2.5,1,NA,81,6
14,15,"Bare.nuclei",7.5,1,NA,81,7
16,17,"Epith.c.size",9,1,NA,81,8
18,19,"Cell.shape",2,1,NA,81,9
20,21,"Cell.size",4.5,1,NA,81,10
0,0,NA,0,-1,"malignant",81,11
22,23,"Bare.nuclei",7.5,1,NA,81,12
24,25,"Bare.nuclei",3.5,1,NA,81,13
26,27,"Bare.nuclei",6.5,1,NA,81,14
0,0,NA,0,-1,"malignant",81,15
28,29,"Cell.shape",3.5,1,NA,81,16
0,0,NA,0,-1,"malignant",81,17
0,0,NA,0,-1,"benign",81,18
30,31,"Normal.nucleoli",5,1,NA,81,19
0,0,NA,0,-1,"benign",81,20
0,0,NA,0,-1,"malignant",81,21
32,33,"Epith.c.size",3.5,1,NA,81,22
0,0,NA,0,-1,"malignant",81,23
34,35,"Cl.thickness",7,1,NA,81,24
0,0,NA,0,-1,"malignant",81,25
0,0,NA,0,-1,"malignant",81,26
36,37,"Cell.shape",5,1,NA,81,27
0,0,NA,0,-1,"benign",81,28
38,39,"Normal.nucleoli",8,1,NA,81,29
40,41,"Epith.c.size",6.5,1,NA,81,30
0,0,NA,0,-1,"malignant",81,31
0,0,NA,0,-1,"benign",81,32
42,43,"Cell.shape",2.5,1,NA,81,33
44,45,"Cell.size",5.5,1,NA,81,34
0,0,NA,0,-1,"malignant",81,35
0,0,NA,0,-1,"benign",81,36
0,0,NA,0,-1,"malignant",81,37
46,47,"Bare.nuclei",4.5,1,NA,81,38
0,0,NA,0,-1,"malignant",81,39
48,49,"Cell.size",6,1,NA,81,40
0,0,NA,0,-1,"benign",81,41
0,0,NA,0,-1,"benign",81,42
0,0,NA,0,-1,"malignant",81,43
0,0,NA,0,-1,"benign",81,44
0,0,NA,0,-1,"malignant",81,45
0,0,NA,0,-1,"benign",81,46
0,0,NA,0,-1,"malignant",81,47
0,0,NA,0,-1,"malignant",81,48
0,0,NA,0,-1,"benign",81,49
2,3,"Bare.nuclei",2.5,1,NA,82,1
4,5,"Epith.c.size",4.5,1,NA,82,2
6,7,"Cell.shape",2.5,1,NA,82,3
8,9,"Cl.thickness",8.5,1,NA,82,4
10,11,"Normal.nucleoli",2,1,NA,82,5
12,13,"Cl.thickness",6,1,NA,82,6
14,15,"Bl.cromatin",1.5,1,NA,82,7
0,0,NA,0,-1,"benign",82,8
0,0,NA,0,-1,"malignant",82,9
16,17,"Epith.c.size",7.5,1,NA,82,10
0,0,NA,0,-1,"malignant",82,11
18,19,"Marg.adhesion",2.5,1,NA,82,12
0,0,NA,0,-1,"malignant",82,13
20,21,"Normal.nucleoli",3.5,1,NA,82,14
22,23,"Bl.cromatin",3.5,1,NA,82,15
0,0,NA,0,-1,"benign",82,16
24,25,"Bl.cromatin",2,1,NA,82,17
0,0,NA,0,-1,"benign",82,18
26,27,"Cl.thickness",3.5,1,NA,82,19
0,0,NA,0,-1,"benign",82,20
0,0,NA,0,-1,"malignant",82,21
28,29,"Cl.thickness",6.5,1,NA,82,22
30,31,"Cl.thickness",4.5,1,NA,82,23
0,0,NA,0,-1,"benign",82,24
0,0,NA,0,-1,"malignant",82,25
0,0,NA,0,-1,"benign",82,26
32,33,"Cl.thickness",4.5,1,NA,82,27
34,35,"Cell.size",6.5,1,NA,82,28
0,0,NA,0,-1,"malignant",82,29
36,37,"Cell.size",4.5,1,NA,82,30
38,39,"Bl.cromatin",4.5,1,NA,82,31
0,0,NA,0,-1,"malignant",82,32
40,41,"Bare.nuclei",7.5,1,NA,82,33
42,43,"Cl.thickness",5.5,1,NA,82,34
0,0,NA,0,-1,"benign",82,35
44,45,"Normal.nucleoli",2,1,NA,82,36
0,0,NA,0,-1,"malignant",82,37
46,47,"Epith.c.size",5.5,1,NA,82,38
0,0,NA,0,-1,"malignant",82,39
0,0,NA,0,-1,"benign",82,40
0,0,NA,0,-1,"malignant",82,41
48,49,"Cell.shape",3.5,1,NA,82,42
50,51,"Mitoses",2,1,NA,82,43
0,0,NA,0,-1,"malignant",82,44
52,53,"Cell.size",3.5,1,NA,82,45
54,55,"Cell.shape",6.5,1,NA,82,46
0,0,NA,0,-1,"malignant",82,47
0,0,NA,0,-1,"malignant",82,48
56,57,"Cell.shape",4.5,1,NA,82,49
0,0,NA,0,-1,"malignant",82,50
0,0,NA,0,-1,"benign",82,51
0,0,NA,0,-1,"malignant",82,52
0,0,NA,0,-1,"benign",82,53
0,0,NA,0,-1,"malignant",82,54
58,59,"Normal.nucleoli",1.5,1,NA,82,55
60,61,"Bare.nuclei",7.5,1,NA,82,56
0,0,NA,0,-1,"malignant",82,57
0,0,NA,0,-1,"malignant",82,58
0,0,NA,0,-1,"benign",82,59
0,0,NA,0,-1,"malignant",82,60
0,0,NA,0,-1,"benign",82,61
2,3,"Epith.c.size",2.5,1,NA,83,1
4,5,"Cell.size",3.5,1,NA,83,2
6,7,"Bl.cromatin",2.5,1,NA,83,3
8,9,"Marg.adhesion",3.5,1,NA,83,4
10,11,"Cl.thickness",4.5,1,NA,83,5
12,13,"Cell.shape",5.5,1,NA,83,6
14,15,"Cell.size",4.5,1,NA,83,7
0,0,NA,0,-1,"benign",83,8
16,17,"Normal.nucleoli",3.5,1,NA,83,9
0,0,NA,0,-1,"benign",83,10
0,0,NA,0,-1,"malignant",83,11
0,0,NA,0,-1,"benign",83,12
0,0,NA,0,-1,"malignant",83,13
18,19,"Bare.nuclei",1.5,1,NA,83,14
20,21,"Bare.nuclei",8.5,1,NA,83,15
0,0,NA,0,-1,"benign",83,16
0,0,NA,0,-1,"malignant",83,17
22,23,"Cell.shape",3.5,1,NA,83,18
24,25,"Bl.cromatin",3.5,1,NA,83,19
26,27,"Bl.cromatin",4.5,1,NA,83,20
0,0,NA,0,-1,"malignant",83,21
0,0,NA,0,-1,"benign",83,22
28,29,"Normal.nucleoli",2,1,NA,83,23
30,31,"Cl.thickness",6.5,1,NA,83,24
32,33,"Epith.c.size",6.5,1,NA,83,25
34,35,"Cl.thickness",6.5,1,NA,83,26
0,0,NA,0,-1,"malignant",83,27
0,0,NA,0,-1,"benign",83,28
36,37,"Marg.adhesion",3.5,1,NA,83,29
38,39,"Mitoses",2,1,NA,83,30
0,0,NA,0,-1,"malignant",83,31
40,41,"Normal.nucleoli",7.5,1,NA,83,32
42,43,"Bare.nuclei",6.5,1,NA,83,33
44,45,"Cl.thickness",5.5,1,NA,83,34
0,0,NA,0,-1,"malignant",83,35
46,47,"Mitoses",2.5,1,NA,83,36
0,0,NA,0,-1,"malignant",83,37
0,0,NA,0,-1,"benign",83,38
48,49,"Normal.nucleoli",4,1,NA,83,39
0,0,NA,0,-1,"malignant",83,40
50,51,"Bare.nuclei",8,1,NA,83,41
0,0,NA,0,-1,"benign",83,42
0,0,NA,0,-1,"malignant",83,43
52,53,"Marg.adhesion",3,1,NA,83,44
0,0,NA,0,-1,"benign",83,45
0,0,NA,0,-1,"benign",83,46
0,0,NA,0,-1,"malignant",83,47
0,0,NA,0,-1,"malignant",83,48
0,0,NA,0,-1,"benign",83,49
54,55,"Bare.nuclei",5.5,1,NA,83,50
0,0,NA,0,-1,"malignant",83,51
0,0,NA,0,-1,"benign",83,52
0,0,NA,0,-1,"malignant",83,53
0,0,NA,0,-1,"malignant",83,54
0,0,NA,0,-1,"benign",83,55
2,3,"Bl.cromatin",3.5,1,NA,84,1
4,5,"Normal.nucleoli",2.5,1,NA,84,2
6,7,"Cell.shape",1.5,1,NA,84,3
8,9,"Cell.size",5,1,NA,84,4
10,11,"Bare.nuclei",2.5,1,NA,84,5
12,13,"Bare.nuclei",7.5,1,NA,84,6
14,15,"Cell.shape",4.5,1,NA,84,7
16,17,"Bare.nuclei",4.5,1,NA,84,8
0,0,NA,0,-1,"malignant",84,9
18,19,"Cell.size",6.5,1,NA,84,10
20,21,"Mitoses",2.5,1,NA,84,11
0,0,NA,0,-1,"benign",84,12
0,0,NA,0,-1,"malignant",84,13
22,23,"Cl.thickness",6.5,1,NA,84,14
24,25,"Bl.cromatin",4.5,1,NA,84,15
0,0,NA,0,-1,"benign",84,16
26,27,"Mitoses",1.5,1,NA,84,17
0,0,NA,0,-1,"benign",84,18
0,0,NA,0,-1,"malignant",84,19
28,29,"Cl.thickness",6.5,1,NA,84,20
30,31,"Cell.shape",3.5,1,NA,84,21
32,33,"Normal.nucleoli",3.5,1,NA,84,22
34,35,"Normal.nucleoli",7.5,1,NA,84,23
36,37,"Epith.c.size",6.5,1,NA,84,24
0,0,NA,0,-1,"malignant",84,25
38,39,"Marg.adhesion",2,1,NA,84,26
0,0,NA,0,-1,"malignant",84,27
40,41,"Cell.size",7,1,NA,84,28
0,0,NA,0,-1,"malignant",84,29
0,0,NA,0,-1,"benign",84,30
0,0,NA,0,-1,"malignant",84,31
42,43,"Normal.nucleoli",2,1,NA,84,32
44,45,"Bl.cromatin",4.5,1,NA,84,33
0,0,NA,0,-1,"malignant",84,34
46,47,"Cell.size",5.5,1,NA,84,35
48,49,"Epith.c.size",3.5,1,NA,84,36
0,0,NA,0,-1,"benign",84,37
0,0,NA,0,-1,"benign",84,38
50,51,"Normal.nucleoli",1.5,1,NA,84,39
0,0,NA,0,-1,"malignant",84,40
0,0,NA,0,-1,"benign",84,41
52,53,"Bl.cromatin",5.5,1,NA,84,42
0,0,NA,0,-1,"benign",84,43
54,55,"Epith.c.size",3,1,NA,84,44
0,0,NA,0,-1,"malignant",84,45
56,57,"Marg.adhesion",4,1,NA,84,46
0,0,NA,0,-1,"malignant",84,47
58,59,"Normal.nucleoli",6.5,1,NA,84,48
0,0,NA,0,-1,"malignant",84,49
60,61,"Epith.c.size",5,1,NA,84,50
0,0,NA,0,-1,"benign",84,51
0,0,NA,0,-1,"malignant",84,52
0,0,NA,0,-1,"benign",84,53
0,0,NA,0,-1,"malignant",84,54
0,0,NA,0,-1,"benign",84,55
0,0,NA,0,-1,"malignant",84,56
0,0,NA,0,-1,"benign",84,57
62,63,"Cell.size",7,1,NA,84,58
0,0,NA,0,-1,"malignant",84,59
64,65,"Cl.thickness",4.5,1,NA,84,60
0,0,NA,0,-1,"malignant",84,61
66,67,"Epith.c.size",2.5,1,NA,84,62
0,0,NA,0,-1,"malignant",84,63
0,0,NA,0,-1,"malignant",84,64
0,0,NA,0,-1,"benign",84,65
0,0,NA,0,-1,"malignant",84,66
0,0,NA,0,-1,"benign",84,67
2,3,"Epith.c.size",2.5,1,NA,85,1
4,5,"Marg.adhesion",4.5,1,NA,85,2
6,7,"Cell.shape",1.5,1,NA,85,3
8,9,"Cell.shape",4.5,1,NA,85,4
0,0,NA,0,-1,"malignant",85,5
0,0,NA,0,-1,"benign",85,6
10,11,"Cell.shape",2.5,1,NA,85,7
12,13,"Cl.thickness",9,1,NA,85,8
0,0,NA,0,-1,"malignant",85,9
14,15,"Marg.adhesion",1.5,1,NA,85,10
16,17,"Cell.size",4.5,1,NA,85,11
18,19,"Marg.adhesion",3.5,1,NA,85,12
0,0,NA,0,-1,"malignant",85,13
0,0,NA,0,-1,"malignant",85,14
20,21,"Normal.nucleoli",3.5,1,NA,85,15
22,23,"Epith.c.size",6.5,1,NA,85,16
24,25,"Marg.adhesion",1.5,1,NA,85,17
26,27,"Bl.cromatin",3.5,1,NA,85,18
28,29,"Normal.nucleoli",2.5,1,NA,85,19
30,31,"Bare.nuclei",7.5,1,NA,85,20
0,0,NA,0,-1,"malignant",85,21
32,33,"Bare.nuclei",7.5,1,NA,85,22
34,35,"Bare.nuclei",4,1,NA,85,23
36,37,"Bare.nuclei",2.5,1,NA,85,24
0,0,NA,0,-1,"malignant",85,25
0,0,NA,0,-1,"benign",85,26
38,39,"Cl.thickness",4,1,NA,85,27
0,0,NA,0,-1,"benign",85,28
0,0,NA,0,-1,"malignant",85,29
0,0,NA,0,-1,"benign",85,30
0,0,NA,0,-1,"malignant",85,31
40,41,"Normal.nucleoli",1.5,1,NA,85,32
0,0,NA,0,-1,"malignant",85,33
0,0,NA,0,-1,"benign",85,34
42,43,"Marg.adhesion",3,1,NA,85,35
0,0,NA,0,-1,"malignant",85,36
44,45,"Bare.nuclei",6,1,NA,85,37
0,0,NA,0,-1,"benign",85,38
46,47,"Bl.cromatin",5.5,1,NA,85,39
0,0,NA,0,-1,"benign",85,40
48,49,"Cell.size",3.5,1,NA,85,41
0,0,NA,0,-1,"malignant",85,42
0,0,NA,0,-1,"benign",85,43
0,0,NA,0,-1,"benign",85,44
50,51,"Cell.size",8.5,1,NA,85,45
0,0,NA,0,-1,"malignant",85,46
0,0,NA,0,-1,"benign",85,47
0,0,NA,0,-1,"malignant",85,48
52,53,"Bl.cromatin",7.5,1,NA,85,49
0,0,NA,0,-1,"benign",85,50
0,0,NA,0,-1,"malignant",85,51
54,55,"Epith.c.size",4.5,1,NA,85,52
0,0,NA,0,-1,"malignant",85,53
56,57,"Marg.adhesion",2,1,NA,85,54
0,0,NA,0,-1,"malignant",85,55
0,0,NA,0,-1,"malignant",85,56
58,59,"Cl.thickness",9,1,NA,85,57
60,61,"Mitoses",1.5,1,NA,85,58
0,0,NA,0,-1,"malignant",85,59
62,63,"Cell.shape",8,1,NA,85,60
0,0,NA,0,-1,"benign",85,61
0,0,NA,0,-1,"benign",85,62
0,0,NA,0,-1,"malignant",85,63
2,3,"Cell.size",2.5,1,NA,86,1
4,5,"Cl.thickness",6.5,1,NA,86,2
6,7,"Bl.cromatin",3.5,1,NA,86,3
8,9,"Marg.adhesion",3.5,1,NA,86,4
10,11,"Mitoses",1.5,1,NA,86,5
12,13,"Normal.nucleoli",2.5,1,NA,86,6
14,15,"Bare.nuclei",8.5,1,NA,86,7
16,17,"Bare.nuclei",4.5,1,NA,86,8
18,19,"Normal.nucleoli",4,1,NA,86,9
20,21,"Normal.nucleoli",2.5,1,NA,86,10
0,0,NA,0,-1,"malignant",86,11
22,23,"Marg.adhesion",2.5,1,NA,86,12
24,25,"Cl.thickness",6.5,1,NA,86,13
26,27,"Cell.size",3.5,1,NA,86,14
0,0,NA,0,-1,"malignant",86,15
0,0,NA,0,-1,"benign",86,16
28,29,"Bl.cromatin",4,1,NA,86,17
0,0,NA,0,-1,"benign",86,18
0,0,NA,0,-1,"malignant",86,19
0,0,NA,0,-1,"benign",86,20
0,0,NA,0,-1,"malignant",86,21
0,0,NA,0,-1,"benign",86,22
30,31,"Normal.nucleoli",1.5,1,NA,86,23
32,33,"Bare.nuclei",1.5,1,NA,86,24
0,0,NA,0,-1,"malignant",86,25
34,35,"Cell.shape",4.5,1,NA,86,26
36,37,"Normal.nucleoli",3.5,1,NA,86,27
0,0,NA,0,-1,"benign",86,28
38,39,"Cell.shape",2,1,NA,86,29
0,0,NA,0,-1,"malignant",86,30
40,41,"Mitoses",4,1,NA,86,31
0,0,NA,0,-1,"benign",86,32
42,43,"Marg.adhesion",1.5,1,NA,86,33
44,45,"Marg.adhesion",1.5,1,NA,86,34
0,0,NA,0,-1,"malignant",86,35
46,47,"Normal.nucleoli",1.5,1,NA,86,36
48,49,"Epith.c.size",4.5,1,NA,86,37
0,0,NA,0,-1,"benign",86,38
0,0,NA,0,-1,"malignant",86,39
0,0,NA,0,-1,"benign",86,40
0,0,NA,0,-1,"malignant",86,41
50,51,"Cell.size",5,1,NA,86,42
52,53,"Marg.adhesion",5,1,NA,86,43
54,55,"Bare.nuclei",2.5,1,NA,86,44
0,0,NA,0,-1,"benign",86,45
0,0,NA,0,-1,"malignant",86,46
56,57,"Cl.thickness",6.5,1,NA,86,47
58,59,"Cell.shape",5,1,NA,86,48
0,0,NA,0,-1,"malignant",86,49
0,0,NA,0,-1,"malignant",86,50
0,0,NA,0,-1,"benign",86,51
0,0,NA,0,-1,"malignant",86,52
60,61,"Cell.size",4.5,1,NA,86,53
0,0,NA,0,-1,"benign",86,54
0,0,NA,0,-1,"malignant",86,55
0,0,NA,0,-1,"benign",86,56
62,63,"Cl.thickness",8.5,1,NA,86,57
0,0,NA,0,-1,"benign",86,58
0,0,NA,0,-1,"malignant",86,59
0,0,NA,0,-1,"benign",86,60
0,0,NA,0,-1,"malignant",86,61
64,65,"Epith.c.size",4.5,1,NA,86,62
0,0,NA,0,-1,"malignant",86,63
0,0,NA,0,-1,"benign",86,64
0,0,NA,0,-1,"malignant",86,65
2,3,"Epith.c.size",2.5,1,NA,87,1
4,5,"Normal.nucleoli",3.5,1,NA,87,2
6,7,"Cl.thickness",3.5,1,NA,87,3
8,9,"Cl.thickness",9,1,NA,87,4
10,11,"Bare.nuclei",2,1,NA,87,5
12,13,"Cell.size",3.5,1,NA,87,6
14,15,"Bl.cromatin",2.5,1,NA,87,7
16,17,"Cell.shape",5,1,NA,87,8
0,0,NA,0,-1,"malignant",87,9
0,0,NA,0,-1,"benign",87,10
0,0,NA,0,-1,"malignant",87,11
18,19,"Bl.cromatin",5,1,NA,87,12
20,21,"Bare.nuclei",5,1,NA,87,13
22,23,"Cell.shape",3.5,1,NA,87,14
24,25,"Bare.nuclei",1.5,1,NA,87,15
26,27,"Bare.nuclei",4.5,1,NA,87,16
28,29,"Marg.adhesion",2,1,NA,87,17
0,0,NA,0,-1,"benign",87,18
0,0,NA,0,-1,"malignant",87,19
30,31,"Cell.shape",4.5,1,NA,87,20
0,0,NA,0,-1,"malignant",87,21
0,0,NA,0,-1,"benign",87,22
0,0,NA,0,-1,"malignant",87,23
32,33,"Epith.c.size",4.5,1,NA,87,24
34,35,"Epith.c.size",5.5,1,NA,87,25
0,0,NA,0,-1,"benign",87,26
36,37,"Epith.c.size",1.5,1,NA,87,27
0,0,NA,0,-1,"benign",87,28
0,0,NA,0,-1,"malignant",87,29
0,0,NA,0,-1,"malignant",87,30
0,0,NA,0,-1,"benign",87,31
38,39,"Cell.shape",5,1,NA,87,32
0,0,NA,0,-1,"malignant",87,33
40,41,"Bare.nuclei",8.5,1,NA,87,34
0,0,NA,0,-1,"malignant",87,35
0,0,NA,0,-1,"malignant",87,36
0,0,NA,0,-1,"benign",87,37
0,0,NA,0,-1,"benign",87,38
0,0,NA,0,-1,"malignant",87,39
42,43,"Mitoses",2.5,1,NA,87,40
0,0,NA,0,-1,"malignant",87,41
44,45,"Normal.nucleoli",8.5,1,NA,87,42
0,0,NA,0,-1,"malignant",87,43
46,47,"Normal.nucleoli",7.5,1,NA,87,44
0,0,NA,0,-1,"malignant",87,45
48,49,"Cl.thickness",6.5,1,NA,87,46
0,0,NA,0,-1,"benign",87,47
50,51,"Bl.cromatin",6,1,NA,87,48
0,0,NA,0,-1,"malignant",87,49
52,53,"Bl.cromatin",3.5,1,NA,87,50
0,0,NA,0,-1,"malignant",87,51
0,0,NA,0,-1,"benign",87,52
54,55,"Cell.shape",4.5,1,NA,87,53
0,0,NA,0,-1,"malignant",87,54
0,0,NA,0,-1,"benign",87,55
2,3,"Cell.size",3.5,1,NA,88,1
4,5,"Bare.nuclei",5.5,1,NA,88,2
6,7,"Cell.size",4.5,1,NA,88,3
8,9,"Normal.nucleoli",3.5,1,NA,88,4
10,11,"Cell.shape",1.5,1,NA,88,5
12,13,"Bare.nuclei",7.5,1,NA,88,6
14,15,"Normal.nucleoli",4.5,1,NA,88,7
16,17,"Cell.shape",2.5,1,NA,88,8
18,19,"Cell.shape",2.5,1,NA,88,9
20,21,"Cl.thickness",5.5,1,NA,88,10
0,0,NA,0,-1,"malignant",88,11
22,23,"Bl.cromatin",5,1,NA,88,12
24,25,"Normal.nucleoli",1.5,1,NA,88,13
26,27,"Bare.nuclei",9,1,NA,88,14
0,0,NA,0,-1,"malignant",88,15
28,29,"Epith.c.size",1.5,1,NA,88,16
30,31,"Cl.thickness",6.5,1,NA,88,17
0,0,NA,0,-1,"benign",88,18
0,0,NA,0,-1,"malignant",88,19
0,0,NA,0,-1,"benign",88,20
0,0,NA,0,-1,"malignant",88,21
0,0,NA,0,-1,"benign",88,22
32,33,"Cl.thickness",4.5,1,NA,88,23
0,0,NA,0,-1,"malignant",88,24
34,35,"Normal.nucleoli",2.5,1,NA,88,25
36,37,"Cl.thickness",6.5,1,NA,88,26
0,0,NA,0,-1,"malignant",88,27
38,39,"Bare.nuclei",3,1,NA,88,28
0,0,NA,0,-1,"benign",88,29
40,41,"Bare.nuclei",2.5,1,NA,88,30
42,43,"Epith.c.size",2.5,1,NA,88,31
0,0,NA,0,-1,"benign",88,32
44,45,"Marg.adhesion",4.5,1,NA,88,33
0,0,NA,0,-1,"benign",88,34
0,0,NA,0,-1,"malignant",88,35
46,47,"Epith.c.size",7.5,1,NA,88,36
0,0,NA,0,-1,"malignant",88,37
0,0,NA,0,-1,"benign",88,38
0,0,NA,0,-1,"malignant",88,39
0,0,NA,0,-1,"benign",88,40
0,0,NA,0,-1,"malignant",88,41
0,0,NA,0,-1,"benign",88,42
0,0,NA,0,-1,"malignant",88,43
0,0,NA,0,-1,"malignant",88,44
48,49,"Normal.nucleoli",9,1,NA,88,45
50,51,"Bl.cromatin",5.5,1,NA,88,46
0,0,NA,0,-1,"malignant",88,47
0,0,NA,0,-1,"benign",88,48
0,0,NA,0,-1,"malignant",88,49
52,53,"Bare.nuclei",6.5,1,NA,88,50
0,0,NA,0,-1,"malignant",88,51
0,0,NA,0,-1,"malignant",88,52
0,0,NA,0,-1,"benign",88,53
2,3,"Bl.cromatin",3.5,1,NA,89,1
4,5,"Bare.nuclei",4.5,1,NA,89,2
6,7,"Cell.size",2.5,1,NA,89,3
8,9,"Cl.thickness",7.5,1,NA,89,4
10,11,"Cl.thickness",1.5,1,NA,89,5
12,13,"Cell.shape",2.5,1,NA,89,6
14,15,"Cell.size",4.5,1,NA,89,7
16,17,"Epith.c.size",4.5,1,NA,89,8
18,19,"Cell.shape",3.5,1,NA,89,9
0,0,NA,0,-1,"benign",89,10
20,21,"Bare.nuclei",5.5,1,NA,89,11
22,23,"Cl.thickness",8,1,NA,89,12
0,0,NA,0,-1,"malignant",89,13
24,25,"Bl.cromatin",6.5,1,NA,89,14
26,27,"Cl.thickness",6.5,1,NA,89,15
0,0,NA,0,-1,"benign",89,16
28,29,"Normal.nucleoli",7.5,1,NA,89,17
30,31,"Bare.nuclei",3,1,NA,89,18
0,0,NA,0,-1,"malignant",89,19
32,33,"Cl.thickness",2.5,1,NA,89,20
34,35,"Cell.size",4.5,1,NA,89,21
0,0,NA,0,-1,"benign",89,22
0,0,NA,0,-1,"malignant",89,23
36,37,"Cell.size",3.5,1,NA,89,24
38,39,"Epith.c.size",3.5,1,NA,89,25
40,41,"Bl.cromatin",4.5,1,NA,89,26
0,0,NA,0,-1,"malignant",89,27
42,43,"Epith.c.size",9,1,NA,89,28
0,0,NA,0,-1,"malignant",89,29
0,0,NA,0,-1,"benign",89,30
0,0,NA,0,-1,"malignant",89,31
0,0,NA,0,-1,"malignant",89,32
0,0,NA,0,-1,"benign",89,33
44,45,"Epith.c.size",6.5,1,NA,89,34
0,0,NA,0,-1,"malignant",89,35
46,47,"Cell.shape",3.5,1,NA,89,36
0,0,NA,0,-1,"malignant",89,37
48,49,"Normal.nucleoli",2.5,1,NA,89,38
50,51,"Normal.nucleoli",9,1,NA,89,39
52,53,"Marg.adhesion",4.5,1,NA,89,40
0,0,NA,0,-1,"malignant",89,41
0,0,NA,0,-1,"benign",89,42
54,55,"Bl.cromatin",2,1,NA,89,43
56,57,"Normal.nucleoli",4,1,NA,89,44
0,0,NA,0,-1,"benign",89,45
0,0,NA,0,-1,"malignant",89,46
58,59,"Bare.nuclei",7.5,1,NA,89,47
60,61,"Marg.adhesion",6,1,NA,89,48
0,0,NA,0,-1,"malignant",89,49
0,0,NA,0,-1,"benign",89,50
0,0,NA,0,-1,"malignant",89,51
0,0,NA,0,-1,"malignant",89,52
0,0,NA,0,-1,"benign",89,53
0,0,NA,0,-1,"benign",89,54
0,0,NA,0,-1,"malignant",89,55
0,0,NA,0,-1,"malignant",89,56
62,63,"Mitoses",2.5,1,NA,89,57
64,65,"Cell.shape",5,1,NA,89,58
0,0,NA,0,-1,"malignant",89,59
66,67,"Epith.c.size",2.5,1,NA,89,60
0,0,NA,0,-1,"malignant",89,61
0,0,NA,0,-1,"malignant",89,62
0,0,NA,0,-1,"benign",89,63
0,0,NA,0,-1,"benign",89,64
0,0,NA,0,-1,"malignant",89,65
0,0,NA,0,-1,"benign",89,66
0,0,NA,0,-1,"malignant",89,67
2,3,"Normal.nucleoli",2.5,1,NA,90,1
4,5,"Bare.nuclei",5.5,1,NA,90,2
6,7,"Bl.cromatin",3.5,1,NA,90,3
8,9,"Cell.size",4.5,1,NA,90,4
10,11,"Cl.thickness",6.5,1,NA,90,5
12,13,"Bare.nuclei",4.5,1,NA,90,6
14,15,"Cl.thickness",4.5,1,NA,90,7
16,17,"Cl.thickness",5.5,1,NA,90,8
0,0,NA,0,-1,"malignant",90,9
18,19,"Normal.nucleoli",1.5,1,NA,90,10
0,0,NA,0,-1,"malignant",90,11
20,21,"Bl.cromatin",2.5,1,NA,90,12
22,23,"Mitoses",2.5,1,NA,90,13
24,25,"Cell.size",4.5,1,NA,90,14
0,0,NA,0,-1,"malignant",90,15
0,0,NA,0,-1,"benign",90,16
26,27,"Bare.nuclei",3,1,NA,90,17
0,0,NA,0,-1,"malignant",90,18
0,0,NA,0,-1,"benign",90,19
0,0,NA,0,-1,"benign",90,20
28,29,"Cell.shape",2.5,1,NA,90,21
0,0,NA,0,-1,"malignant",90,22
30,31,"Cell.size",4,1,NA,90,23
0,0,NA,0,-1,"benign",90,24
0,0,NA,0,-1,"malignant",90,25
0,0,NA,0,-1,"benign",90,26
0,0,NA,0,-1,"malignant",90,27
0,0,NA,0,-1,"benign",90,28
32,33,"Cell.size",7,1,NA,90,29
0,0,NA,0,-1,"benign",90,30
0,0,NA,0,-1,"malignant",90,31
34,35,"Cell.shape",3.5,1,NA,90,32
0,0,NA,0,-1,"benign",90,33
36,37,"Bare.nuclei",2,1,NA,90,34
0,0,NA,0,-1,"malignant",90,35
0,0,NA,0,-1,"benign",90,36
0,0,NA,0,-1,"malignant",90,37
2,3,"Cell.size",3.5,1,NA,91,1
4,5,"Cl.thickness",6.5,1,NA,91,2
6,7,"Normal.nucleoli",7.5,1,NA,91,3
8,9,"Bare.nuclei",6,1,NA,91,4
10,11,"Cell.shape",1.5,1,NA,91,5
12,13,"Bare.nuclei",3.5,1,NA,91,6
0,0,NA,0,-1,"malignant",91,7
14,15,"Cell.size",2.5,1,NA,91,8
16,17,"Cell.size",1.5,1,NA,91,9
18,19,"Bare.nuclei",5.5,1,NA,91,10
0,0,NA,0,-1,"malignant",91,11
20,21,"Cell.size",5,1,NA,91,12
22,23,"Bare.nuclei",8.5,1,NA,91,13
24,25,"Normal.nucleoli",9,1,NA,91,14
26,27,"Mitoses",2.5,1,NA,91,15
0,0,NA,0,-1,"benign",91,16
28,29,"Mitoses",2.5,1,NA,91,17
0,0,NA,0,-1,"benign",91,18
0,0,NA,0,-1,"malignant",91,19
30,31,"Epith.c.size",4,1,NA,91,20
0,0,NA,0,-1,"malignant",91,21
32,33,"Marg.adhesion",1.5,1,NA,91,22
0,0,NA,0,-1,"malignant",91,23
34,35,"Epith.c.size",1.5,1,NA,91,24
0,0,NA,0,-1,"malignant",91,25
36,37,"Marg.adhesion",3.5,1,NA,91,26
38,39,"Cl.thickness",4,1,NA,91,27
0,0,NA,0,-1,"malignant",91,28
0,0,NA,0,-1,"benign",91,29
0,0,NA,0,-1,"benign",91,30
40,41,"Marg.adhesion",2.5,1,NA,91,31
0,0,NA,0,-1,"benign",91,32
42,43,"Cl.thickness",6.5,1,NA,91,33
44,45,"Bare.nuclei",4,1,NA,91,34
0,0,NA,0,-1,"benign",91,35
0,0,NA,0,-1,"benign",91,36
46,47,"Normal.nucleoli",2.5,1,NA,91,37
0,0,NA,0,-1,"benign",91,38
0,0,NA,0,-1,"malignant",91,39
0,0,NA,0,-1,"benign",91,40
0,0,NA,0,-1,"malignant",91,41
48,49,"Normal.nucleoli",3.5,1,NA,91,42
0,0,NA,0,-1,"malignant",91,43
0,0,NA,0,-1,"benign",91,44
0,0,NA,0,-1,"malignant",91,45
0,0,NA,0,-1,"benign",91,46
0,0,NA,0,-1,"malignant",91,47
0,0,NA,0,-1,"benign",91,48
0,0,NA,0,-1,"malignant",91,49
2,3,"Bare.nuclei",3.5,1,NA,92,1
4,5,"Epith.c.size",3.5,1,NA,92,2
6,7,"Bl.cromatin",1.5,1,NA,92,3
8,9,"Cell.size",3.5,1,NA,92,4
10,11,"Marg.adhesion",1.5,1,NA,92,5
12,13,"Mitoses",1.5,1,NA,92,6
14,15,"Marg.adhesion",1.5,1,NA,92,7
16,17,"Cl.thickness",6.5,1,NA,92,8
18,19,"Cell.shape",5,1,NA,92,9
20,21,"Bl.cromatin",5,1,NA,92,10
22,23,"Marg.adhesion",3.5,1,NA,92,11
0,0,NA,0,-1,"benign",92,12
0,0,NA,0,-1,"malignant",92,13
24,25,"Cell.size",1.5,1,NA,92,14
26,27,"Cell.size",4.5,1,NA,92,15
28,29,"Normal.nucleoli",3.5,1,NA,92,16
30,31,"Bare.nuclei",2,1,NA,92,17
0,0,NA,0,-1,"malignant",92,18
32,33,"Normal.nucleoli",2,1,NA,92,19
34,35,"Cl.thickness",5.5,1,NA,92,20
0,0,NA,0,-1,"malignant",92,21
36,37,"Cell.shape",4.5,1,NA,92,22
0,0,NA,0,-1,"malignant",92,23
0,0,NA,0,-1,"benign",92,24
38,39,"Cl.thickness",6.5,1,NA,92,25
40,41,"Epith.c.size",3.5,1,NA,92,26
0,0,NA,0,-1,"malignant",92,27
0,0,NA,0,-1,"benign",92,28
42,43,"Cell.shape",2.5,1,NA,92,29
0,0,NA,0,-1,"benign",92,30
0,0,NA,0,-1,"malignant",92,31
0,0,NA,0,-1,"malignant",92,32
0,0,NA,0,-1,"benign",92,33
0,0,NA,0,-1,"benign",92,34
44,45,"Normal.nucleoli",4.5,1,NA,92,35
0,0,NA,0,-1,"benign",92,36
0,0,NA,0,-1,"malignant",92,37
46,47,"Bl.cromatin",3.5,1,NA,92,38
0,0,NA,0,-1,"malignant",92,39
0,0,NA,0,-1,"malignant",92,40
48,49,"Bl.cromatin",3.5,1,NA,92,41
0,0,NA,0,-1,"benign",92,42
0,0,NA,0,-1,"malignant",92,43
0,0,NA,0,-1,"benign",92,44
0,0,NA,0,-1,"malignant",92,45
0,0,NA,0,-1,"benign",92,46
0,0,NA,0,-1,"malignant",92,47
0,0,NA,0,-1,"benign",92,48
50,51,"Bare.nuclei",7.5,1,NA,92,49
52,53,"Epith.c.size",6.5,1,NA,92,50
0,0,NA,0,-1,"malignant",92,51
54,55,"Normal.nucleoli",9,1,NA,92,52
0,0,NA,0,-1,"malignant",92,53
0,0,NA,0,-1,"benign",92,54
0,0,NA,0,-1,"malignant",92,55
2,3,"Marg.adhesion",3.5,1,NA,93,1
4,5,"Cell.shape",3.5,1,NA,93,2
6,7,"Cell.size",1.5,1,NA,93,3
8,9,"Cl.thickness",6.5,1,NA,93,4
10,11,"Bare.nuclei",1.5,1,NA,93,5
12,13,"Normal.nucleoli",4.5,1,NA,93,6
14,15,"Cell.size",3.5,1,NA,93,7
16,17,"Cell.size",4,1,NA,93,8
18,19,"Bl.cromatin",2,1,NA,93,9
20,21,"Mitoses",2,1,NA,93,10
22,23,"Cell.size",2.5,1,NA,93,11
0,0,NA,0,-1,"benign",93,12
0,0,NA,0,-1,"malignant",93,13
24,25,"Bl.cromatin",3.5,1,NA,93,14
0,0,NA,0,-1,"malignant",93,15
26,27,"Cell.shape",2.5,1,NA,93,16
0,0,NA,0,-1,"malignant",93,17
0,0,NA,0,-1,"benign",93,18
0,0,NA,0,-1,"malignant",93,19
0,0,NA,0,-1,"benign",93,20
0,0,NA,0,-1,"malignant",93,21
0,0,NA,0,-1,"benign",93,22
28,29,"Epith.c.size",5.5,1,NA,93,23
30,31,"Cl.thickness",7,1,NA,93,24
0,0,NA,0,-1,"malignant",93,25
0,0,NA,0,-1,"benign",93,26
32,33,"Epith.c.size",3.5,1,NA,93,27
34,35,"Cl.thickness",6.5,1,NA,93,28
0,0,NA,0,-1,"malignant",93,29
36,37,"Marg.adhesion",4.5,1,NA,93,30
0,0,NA,0,-1,"malignant",93,31
38,39,"Cell.size",2.5,1,NA,93,32
0,0,NA,0,-1,"malignant",93,33
40,41,"Cell.shape",4.5,1,NA,93,34
0,0,NA,0,-1,"malignant",93,35
0,0,NA,0,-1,"malignant",93,36
0,0,NA,0,-1,"benign",93,37
0,0,NA,0,-1,"benign",93,38
42,43,"Mitoses",2,1,NA,93,39
0,0,NA,0,-1,"benign",93,40
44,45,"Bare.nuclei",9,1,NA,93,41
0,0,NA,0,-1,"benign",93,42
0,0,NA,0,-1,"malignant",93,43
0,0,NA,0,-1,"benign",93,44
0,0,NA,0,-1,"malignant",93,45
2,3,"Cell.size",2.5,1,NA,94,1
4,5,"Normal.nucleoli",3.5,1,NA,94,2
6,7,"Cell.size",4.5,1,NA,94,3
8,9,"Bare.nuclei",5.5,1,NA,94,4
10,11,"Bare.nuclei",3,1,NA,94,5
12,13,"Cl.thickness",4.5,1,NA,94,6
14,15,"Marg.adhesion",1.5,1,NA,94,7
16,17,"Cell.shape",2.5,1,NA,94,8
18,19,"Bare.nuclei",8,1,NA,94,9
0,0,NA,0,-1,"benign",94,10
0,0,NA,0,-1,"malignant",94,11
20,21,"Cell.shape",4.5,1,NA,94,12
22,23,"Bare.nuclei",2.5,1,NA,94,13
24,25,"Cl.thickness",7.5,1,NA,94,14
26,27,"Normal.nucleoli",2.5,1,NA,94,15
0,0,NA,0,-1,"benign",94,16
28,29,"Cell.size",1.5,1,NA,94,17
0,0,NA,0,-1,"malignant",94,18
30,31,"Cell.size",1.5,1,NA,94,19
32,33,"Bare.nuclei",7.5,1,NA,94,20
34,35,"Normal.nucleoli",3.5,1,NA,94,21
36,37,"Epith.c.size",4.5,1,NA,94,22
38,39,"Epith.c.size",3.5,1,NA,94,23
40,41,"Epith.c.size",7.5,1,NA,94,24
0,0,NA,0,-1,"malignant",94,25
42,43,"Normal.nucleoli",1.5,1,NA,94,26
0,0,NA,0,-1,"malignant",94,27
0,0,NA,0,-1,"benign",94,28
44,45,"Epith.c.size",4,1,NA,94,29
0,0,NA,0,-1,"benign",94,30
0,0,NA,0,-1,"malignant",94,31
0,0,NA,0,-1,"benign",94,32
0,0,NA,0,-1,"malignant",94,33
0,0,NA,0,-1,"malignant",94,34
0,0,NA,0,-1,"benign",94,35
0,0,NA,0,-1,"benign",94,36
0,0,NA,0,-1,"malignant",94,37
0,0,NA,0,-1,"malignant",94,38
46,47,"Marg.adhesion",5.5,1,NA,94,39
0,0,NA,0,-1,"benign",94,40
0,0,NA,0,-1,"malignant",94,41
0,0,NA,0,-1,"malignant",94,42
48,49,"Cell.shape",7.5,1,NA,94,43
0,0,NA,0,-1,"benign",94,44
0,0,NA,0,-1,"malignant",94,45
50,51,"Cell.size",3.5,1,NA,94,46
0,0,NA,0,-1,"malignant",94,47
0,0,NA,0,-1,"benign",94,48
0,0,NA,0,-1,"malignant",94,49
0,0,NA,0,-1,"malignant",94,50
52,53,"Cl.thickness",6.5,1,NA,94,51
0,0,NA,0,-1,"benign",94,52
54,55,"Epith.c.size",4.5,1,NA,94,53
0,0,NA,0,-1,"malignant",94,54
0,0,NA,0,-1,"malignant",94,55
2,3,"Cell.size",3.5,1,NA,95,1
4,5,"Cell.shape",3.5,1,NA,95,2
6,7,"Cell.size",4.5,1,NA,95,3
8,9,"Bl.cromatin",3.5,1,NA,95,4
10,11,"Bare.nuclei",3.5,1,NA,95,5
12,13,"Bare.nuclei",6,1,NA,95,6
14,15,"Cl.thickness",6.5,1,NA,95,7
16,17,"Bare.nuclei",4.5,1,NA,95,8
18,19,"Normal.nucleoli",2.5,1,NA,95,9
0,0,NA,0,-1,"benign",95,10
20,21,"Bl.cromatin",3.5,1,NA,95,11
22,23,"Normal.nucleoli",2,1,NA,95,12
0,0,NA,0,-1,"malignant",95,13
24,25,"Bare.nuclei",8.5,1,NA,95,14
0,0,NA,0,-1,"malignant",95,15
0,0,NA,0,-1,"benign",95,16
26,27,"Cell.shape",1.5,1,NA,95,17
28,29,"Bl.cromatin",7.5,1,NA,95,18
30,31,"Cl.thickness",3.5,1,NA,95,19
0,0,NA,0,-1,"malignant",95,20
32,33,"Normal.nucleoli",5.5,1,NA,95,21
0,0,NA,0,-1,"benign",95,22
34,35,"Epith.c.size",5.5,1,NA,95,23
36,37,"Bl.cromatin",4.5,1,NA,95,24
0,0,NA,0,-1,"malignant",95,25
38,39,"Cl.thickness",2.5,1,NA,95,26
40,41,"Marg.adhesion",4.5,1,NA,95,27
0,0,NA,0,-1,"benign",95,28
0,0,NA,0,-1,"malignant",95,29
0,0,NA,0,-1,"benign",95,30
0,0,NA,0,-1,"malignant",95,31
0,0,NA,0,-1,"malignant",95,32
42,43,"Bl.cromatin",6,1,NA,95,33
44,45,"Cell.shape",5,1,NA,95,34
0,0,NA,0,-1,"benign",95,35
46,47,"Cell.size",9.5,1,NA,95,36
0,0,NA,0,-1,"malignant",95,37
0,0,NA,0,-1,"benign",95,38
0,0,NA,0,-1,"malignant",95,39
0,0,NA,0,-1,"malignant",95,40
0,0,NA,0,-1,"benign",95,41
0,0,NA,0,-1,"benign",95,42
0,0,NA,0,-1,"malignant",95,43
0,0,NA,0,-1,"malignant",95,44
48,49,"Epith.c.size",3.5,1,NA,95,45
50,51,"Epith.c.size",7.5,1,NA,95,46
0,0,NA,0,-1,"malignant",95,47
0,0,NA,0,-1,"benign",95,48
0,0,NA,0,-1,"malignant",95,49
0,0,NA,0,-1,"benign",95,50
0,0,NA,0,-1,"malignant",95,51
2,3,"Cell.size",3.5,1,NA,96,1
4,5,"Normal.nucleoli",3.5,1,NA,96,2
6,7,"Bare.nuclei",3.5,1,NA,96,3
8,9,"Cell.shape",3.5,1,NA,96,4
10,11,"Cl.thickness",4.5,1,NA,96,5
12,13,"Cl.thickness",4.5,1,NA,96,6
14,15,"Mitoses",2.5,1,NA,96,7
16,17,"Bare.nuclei",5.5,1,NA,96,8
18,19,"Bare.nuclei",2.5,1,NA,96,9
20,21,"Marg.adhesion",3.5,1,NA,96,10
0,0,NA,0,-1,"malignant",96,11
22,23,"Marg.adhesion",4,1,NA,96,12
24,25,"Cell.shape",6.5,1,NA,96,13
26,27,"Cell.shape",4.5,1,NA,96,14
0,0,NA,0,-1,"malignant",96,15
28,29,"Epith.c.size",5.5,1,NA,96,16
0,0,NA,0,-1,"malignant",96,17
0,0,NA,0,-1,"benign",96,18
0,0,NA,0,-1,"malignant",96,19
0,0,NA,0,-1,"benign",96,20
0,0,NA,0,-1,"malignant",96,21
0,0,NA,0,-1,"benign",96,22
0,0,NA,0,-1,"malignant",96,23
30,31,"Cell.shape",5.5,1,NA,96,24
0,0,NA,0,-1,"malignant",96,25
32,33,"Epith.c.size",6.5,1,NA,96,26
34,35,"Cell.size",8.5,1,NA,96,27
36,37,"Bare.nuclei",3.5,1,NA,96,28
0,0,NA,0,-1,"malignant",96,29
0,0,NA,0,-1,"malignant",96,30
0,0,NA,0,-1,"malignant",96,31
38,39,"Mitoses",1.5,1,NA,96,32
40,41,"Epith.c.size",7.5,1,NA,96,33
0,0,NA,0,-1,"malignant",96,34
42,43,"Epith.c.size",5.5,1,NA,96,35
44,45,"Epith.c.size",2.5,1,NA,96,36
46,47,"Bl.cromatin",1.5,1,NA,96,37
0,0,NA,0,-1,"malignant",96,38
48,49,"Cell.shape",3.5,1,NA,96,39
0,0,NA,0,-1,"benign",96,40
0,0,NA,0,-1,"malignant",96,41
50,51,"Epith.c.size",4.5,1,NA,96,42
0,0,NA,0,-1,"malignant",96,43
0,0,NA,0,-1,"benign",96,44
52,53,"Mitoses",2,1,NA,96,45
0,0,NA,0,-1,"benign",96,46
54,55,"Epith.c.size",1.5,1,NA,96,47
0,0,NA,0,-1,"malignant",96,48
0,0,NA,0,-1,"benign",96,49
0,0,NA,0,-1,"malignant",96,50
56,57,"Bl.cromatin",5.5,1,NA,96,51
0,0,NA,0,-1,"benign",96,52
58,59,"Bare.nuclei",2,1,NA,96,53
0,0,NA,0,-1,"malignant",96,54
60,61,"Bare.nuclei",4.5,1,NA,96,55
0,0,NA,0,-1,"benign",96,56
0,0,NA,0,-1,"malignant",96,57
0,0,NA,0,-1,"benign",96,58
0,0,NA,0,-1,"malignant",96,59
0,0,NA,0,-1,"malignant",96,60
0,0,NA,0,-1,"benign",96,61
2,3,"Cell.size",3.5,1,NA,97,1
4,5,"Normal.nucleoli",3.5,1,NA,97,2
6,7,"Bl.cromatin",4.5,1,NA,97,3
8,9,"Cl.thickness",7,1,NA,97,4
10,11,"Cl.thickness",4.5,1,NA,97,5
12,13,"Bare.nuclei",8.5,1,NA,97,6
0,0,NA,0,-1,"malignant",97,7
14,15,"Epith.c.size",5.5,1,NA,97,8
16,17,"Normal.nucleoli",2.5,1,NA,97,9
18,19,"Cl.thickness",3.5,1,NA,97,10
20,21,"Mitoses",2.5,1,NA,97,11
22,23,"Cl.thickness",6.5,1,NA,97,12
0,0,NA,0,-1,"malignant",97,13
24,25,"Bare.nuclei",3.5,1,NA,97,14
26,27,"Cl.thickness",3,1,NA,97,15
28,29,"Cell.size",2.5,1,NA,97,16
0,0,NA,0,-1,"malignant",97,17
0,0,NA,0,-1,"benign",97,18
30,31,"Marg.adhesion",3,1,NA,97,19
0,0,NA,0,-1,"malignant",97,20
32,33,"Cl.thickness",6.5,1,NA,97,21
34,35,"Marg.adhesion",7.5,1,NA,97,22
0,0,NA,0,-1,"malignant",97,23
0,0,NA,0,-1,"benign",97,24
36,37,"Cl.thickness",3.5,1,NA,97,25
0,0,NA,0,-1,"benign",97,26
0,0,NA,0,-1,"malignant",97,27
0,0,NA,0,-1,"malignant",97,28
0,0,NA,0,-1,"benign",97,29
0,0,NA,0,-1,"benign",97,30
0,0,NA,0,-1,"malignant",97,31
0,0,NA,0,-1,"benign",97,32
0,0,NA,0,-1,"malignant",97,33
38,39,"Cell.shape",6,1,NA,97,34
0,0,NA,0,-1,"malignant",97,35
40,41,"Cell.size",2,1,NA,97,36
42,43,"Bare.nuclei",4.5,1,NA,97,37
44,45,"Cl.thickness",3.5,1,NA,97,38
0,0,NA,0,-1,"benign",97,39
0,0,NA,0,-1,"benign",97,40
0,0,NA,0,-1,"malignant",97,41
46,47,"Bl.cromatin",2.5,1,NA,97,42
0,0,NA,0,-1,"malignant",97,43
48,49,"Normal.nucleoli",3.5,1,NA,97,44
0,0,NA,0,-1,"benign",97,45
0,0,NA,0,-1,"benign",97,46
0,0,NA,0,-1,"malignant",97,47
0,0,NA,0,-1,"malignant",97,48
0,0,NA,0,-1,"benign",97,49
2,3,"Marg.adhesion",3.5,1,NA,98,1
4,5,"Normal.nucleoli",2.5,1,NA,98,2
6,7,"Cell.size",2.5,1,NA,98,3
8,9,"Cl.thickness",6.5,1,NA,98,4
10,11,"Cell.size",4.5,1,NA,98,5
12,13,"Bare.nuclei",6.5,1,NA,98,6
14,15,"Cell.size",3.5,1,NA,98,7
16,17,"Marg.adhesion",1.5,1,NA,98,8
18,19,"Bl.cromatin",4,1,NA,98,9
20,21,"Cl.thickness",5.5,1,NA,98,10
22,23,"Marg.adhesion",1.5,1,NA,98,11
0,0,NA,0,-1,"benign",98,12
0,0,NA,0,-1,"malignant",98,13
24,25,"Bare.nuclei",3.5,1,NA,98,14
26,27,"Normal.nucleoli",3.5,1,NA,98,15
28,29,"Bl.cromatin",3.5,1,NA,98,16
30,31,"Cell.shape",4.5,1,NA,98,17
32,33,"Cell.shape",3.5,1,NA,98,18
0,0,NA,0,-1,"malignant",98,19
34,35,"Mitoses",2.5,1,NA,98,20
36,37,"Bare.nuclei",1.5,1,NA,98,21
38,39,"Epith.c.size",5.5,1,NA,98,22
0,0,NA,0,-1,"malignant",98,23
0,0,NA,0,-1,"benign",98,24
40,41,"Marg.adhesion",4.5,1,NA,98,25
42,43,"Bare.nuclei",9,1,NA,98,26
0,0,NA,0,-1,"malignant",98,27
0,0,NA,0,-1,"benign",98,28
44,45,"Epith.c.size",2.5,1,NA,98,29
46,47,"Marg.adhesion",2.5,1,NA,98,30
0,0,NA,0,-1,"malignant",98,31
48,49,"Cl.thickness",9,1,NA,98,32
0,0,NA,0,-1,"malignant",98,33
0,0,NA,0,-1,"benign",98,34
0,0,NA,0,-1,"malignant",98,35
50,51,"Epith.c.size",4,1,NA,98,36
0,0,NA,0,-1,"malignant",98,37
0,0,NA,0,-1,"benign",98,38
0,0,NA,0,-1,"malignant",98,39
0,0,NA,0,-1,"malignant",98,40
52,53,"Mitoses",2,1,NA,98,41
54,55,"Cl.thickness",6.5,1,NA,98,42
0,0,NA,0,-1,"malignant",98,43
0,0,NA,0,-1,"benign",98,44
0,0,NA,0,-1,"malignant",98,45
0,0,NA,0,-1,"benign",98,46
56,57,"Cell.shape",1.5,1,NA,98,47
0,0,NA,0,-1,"benign",98,48
0,0,NA,0,-1,"malignant",98,49
0,0,NA,0,-1,"benign",98,50
0,0,NA,0,-1,"malignant",98,51
0,0,NA,0,-1,"malignant",98,52
58,59,"Bl.cromatin",4,1,NA,98,53
60,61,"Bare.nuclei",3,1,NA,98,54
0,0,NA,0,-1,"malignant",98,55
62,63,"Bare.nuclei",4,1,NA,98,56
0,0,NA,0,-1,"benign",98,57
0,0,NA,0,-1,"benign",98,58
0,0,NA,0,-1,"malignant",98,59
0,0,NA,0,-1,"malignant",98,60
0,0,NA,0,-1,"benign",98,61
0,0,NA,0,-1,"benign",98,62
0,0,NA,0,-1,"malignant",98,63
2,3,"Bare.nuclei",2.5,1,NA,99,1
4,5,"Cell.shape",3.5,1,NA,99,2
6,7,"Cell.size",1.5,1,NA,99,3
8,9,"Normal.nucleoli",2.5,1,NA,99,4
10,11,"Epith.c.size",3,1,NA,99,5
12,13,"Bl.cromatin",4,1,NA,99,6
14,15,"Cell.shape",2.5,1,NA,99,7
0,0,NA,0,-1,"benign",99,8
16,17,"Cell.size",3.5,1,NA,99,9
18,19,"Cl.thickness",7,1,NA,99,10
20,21,"Bl.cromatin",3.5,1,NA,99,11
22,23,"Bl.cromatin",1.5,1,NA,99,12
24,25,"Epith.c.size",3,1,NA,99,13
26,27,"Epith.c.size",4,1,NA,99,14
28,29,"Cell.shape",4.5,1,NA,99,15
0,0,NA,0,-1,"benign",99,16
0,0,NA,0,-1,"malignant",99,17
0,0,NA,0,-1,"benign",99,18
0,0,NA,0,-1,"malignant",99,19
30,31,"Bare.nuclei",1.5,1,NA,99,20
0,0,NA,0,-1,"malignant",99,21
0,0,NA,0,-1,"benign",99,22
32,33,"Bl.cromatin",2.5,1,NA,99,23
0,0,NA,0,-1,"benign",99,24
0,0,NA,0,-1,"malignant",99,25
0,0,NA,0,-1,"benign",99,26
0,0,NA,0,-1,"malignant",99,27
34,35,"Bare.nuclei",6,1,NA,99,28
36,37,"Marg.adhesion",1.5,1,NA,99,29
38,39,"Marg.adhesion",5.5,1,NA,99,30
0,0,NA,0,-1,"malignant",99,31
0,0,NA,0,-1,"benign",99,32
0,0,NA,0,-1,"benign",99,33
40,41,"Normal.nucleoli",6,1,NA,99,34
42,43,"Normal.nucleoli",2.5,1,NA,99,35
44,45,"Cell.shape",7.5,1,NA,99,36
0,0,NA,0,-1,"malignant",99,37
0,0,NA,0,-1,"benign",99,38
0,0,NA,0,-1,"malignant",99,39
46,47,"Cl.thickness",4.5,1,NA,99,40
48,49,"Marg.adhesion",2.5,1,NA,99,41
50,51,"Normal.nucleoli",1.5,1,NA,99,42
0,0,NA,0,-1,"malignant",99,43
0,0,NA,0,-1,"malignant",99,44
52,53,"Cl.thickness",7,1,NA,99,45
54,55,"Cell.size",3.5,1,NA,99,46
0,0,NA,0,-1,"malignant",99,47
0,0,NA,0,-1,"malignant",99,48
0,0,NA,0,-1,"benign",99,49
0,0,NA,0,-1,"malignant",99,50
0,0,NA,0,-1,"benign",99,51
0,0,NA,0,-1,"benign",99,52
0,0,NA,0,-1,"malignant",99,53
0,0,NA,0,-1,"malignant",99,54
0,0,NA,0,-1,"benign",99,55
2,3,"Bl.cromatin",3.5,1,NA,100,1
4,5,"Normal.nucleoli",2.5,1,NA,100,2
6,7,"Cell.shape",2.5,1,NA,100,3
8,9,"Bare.nuclei",4.5,1,NA,100,4
10,11,"Epith.c.size",3.5,1,NA,100,5
12,13,"Bare.nuclei",3,1,NA,100,6
14,15,"Cell.size",3.5,1,NA,100,7
16,17,"Marg.adhesion",8,1,NA,100,8
18,19,"Marg.adhesion",2,1,NA,100,9
20,21,"Cell.shape",2.5,1,NA,100,10
22,23,"Normal.nucleoli",5,1,NA,100,11
24,25,"Mitoses",6,1,NA,100,12
26,27,"Cl.thickness",4.5,1,NA,100,13
28,29,"Marg.adhesion",1.5,1,NA,100,14
30,31,"Marg.adhesion",5.5,1,NA,100,15
32,33,"Cell.shape",6,1,NA,100,16
0,0,NA,0,-1,"malignant",100,17
34,35,"Mitoses",1.5,1,NA,100,18
36,37,"Marg.adhesion",8,1,NA,100,19
0,0,NA,0,-1,"benign",100,20
38,39,"Cell.shape",7.5,1,NA,100,21
40,41,"Cell.size",6,1,NA,100,22
0,0,NA,0,-1,"malignant",100,23
0,0,NA,0,-1,"benign",100,24
0,0,NA,0,-1,"malignant",100,25
0,0,NA,0,-1,"benign",100,26
0,0,NA,0,-1,"malignant",100,27
0,0,NA,0,-1,"malignant",100,28
42,43,"Epith.c.size",3.5,1,NA,100,29
44,45,"Cl.thickness",3.5,1,NA,100,30
0,0,NA,0,-1,"malignant",100,31
46,47,"Cl.thickness",9,1,NA,100,32
0,0,NA,0,-1,"malignant",100,33
0,0,NA,0,-1,"benign",100,34
0,0,NA,0,-1,"malignant",100,35
48,49,"Marg.adhesion",4,1,NA,100,36
0,0,NA,0,-1,"benign",100,37
50,51,"Bare.nuclei",9.5,1,NA,100,38
0,0,NA,0,-1,"benign",100,39
0,0,NA,0,-1,"malignant",100,40
52,53,"Cell.size",8.5,1,NA,100,41
54,55,"Cell.shape",3.5,1,NA,100,42
56,57,"Bare.nuclei",6.5,1,NA,100,43
0,0,NA,0,-1,"benign",100,44
58,59,"Bl.cromatin",4.5,1,NA,100,45
60,61,"Cell.size",2.5,1,NA,100,46
0,0,NA,0,-1,"malignant",100,47
0,0,NA,0,-1,"malignant",100,48
62,63,"Normal.nucleoli",1.5,1,NA,100,49
0,0,NA,0,-1,"malignant",100,50
64,65,"Mitoses",2.5,1,NA,100,51
0,0,NA,0,-1,"benign",100,52
0,0,NA,0,-1,"malignant",100,53
66,67,"Bl.cromatin",5.5,1,NA,100,54
0,0,NA,0,-1,"malignant",100,55
0,0,NA,0,-1,"benign",100,56
0,0,NA,0,-1,"malignant",100,57
68,69,"Cell.shape",6.5,1,NA,100,58
0,0,NA,0,-1,"malignant",100,59
0,0,NA,0,-1,"benign",100,60
70,71,"Normal.nucleoli",1.5,1,NA,100,61
0,0,NA,0,-1,"malignant",100,62
0,0,NA,0,-1,"benign",100,63
0,0,NA,0,-1,"malignant",100,64
0,0,NA,0,-1,"benign",100,65
0,0,NA,0,-1,"malignant",100,66
72,73,"Epith.c.size",2.5,1,NA,100,67
0,0,NA,0,-1,"malignant",100,68
74,75,"Epith.c.size",6.5,1,NA,100,69
0,0,NA,0,-1,"benign",100,70
76,77,"Bare.nuclei",2.5,1,NA,100,71
0,0,NA,0,-1,"benign",100,72
0,0,NA,0,-1,"malignant",100,73
0,0,NA,0,-1,"benign",100,74
0,0,NA,0,-1,"malignant",100,75
0,0,NA,0,-1,"benign",100,76
0,0,NA,0,-1,"malignant",100,77
