# {"problem_type":"classification","split_var_ranges":{"Soil_Type_23":{"min":0,"max":1},"Soil_Type_12":{"min":0,"max":1},"Elevation":{"min":1866,"max":3858},"Soil_Type_22":{"min":0,"max":1},"Hillshade_Noon":{"min":0,"max":254},"Horizontal_Distance_To_Roadways":{"min":0,"max":7078},"Vertical_Distance_To_Hydrology":{"min":-158,"max":589},"Horizontal_Distance_To_Hydrology":{"min":0,"max":1397},"Wilderness_Area_3":{"min":0,"max":1},"Wilderness_Area_1":{"min":0,"max":1},"Wilderness_Area_4":{"min":0,"max":1},"Slope":{"min":0,"max":62},"Aspect":{"min":0,"max":360},"Horizontal_Distance_To_Fire_Points":{"min":0,"max":7122},"Wilderness_Area_2":{"min":0,"max":1},"Soil_Type_3":{"min":0,"max":1},"Soil_Type_11":{"min":0,"max":1},"Hillshade_9am":{"min":0,"max":254},"Hillshade_3pm":{"min":0,"max":254},"Soil_Type_4":{"min":0,"max":1},"Soil_Type_2":{"min":0,"max":1},"Soil_Type_38":{"min":0,"max":1},"Soil_Type_40":{"min":0,"max":1},"Soil_Type_39":{"min":0,"max":1},"Soil_Type_13":{"min":0,"max":1},"Soil_Type_35":{"min":0,"max":1},"Soil_Type_18":{"min":0,"max":1},"Soil_Type_26":{"min":0,"max":1},"Soil_Type_33":{"min":0,"max":1},"Soil_Type_14":{"min":0,"max":1},"Soil_Type_24":{"min":0,"max":1},"Soil_Type_21":{"min":0,"max":1},"Soil_Type_1":{"min":0,"max":1},"Soil_Type_29":{"min":0,"max":1},"Soil_Type_32":{"min":0,"max":1},"Soil_Type_10":{"min":0,"max":1},"Soil_Type_31":{"min":0,"max":1},"Soil_Type_17":{"min":0,"max":1},"Soil_Type_30":{"min":0,"max":1},"Soil_Type_19":{"min":0,"max":1},"Soil_Type_6":{"min":0,"max":1},"Soil_Type_5":{"min":0,"max":1},"Soil_Type_20":{"min":0,"max":1},"Soil_Type_34":{"min":0,"max":1},"Soil_Type_25":{"min":0,"max":1},"Soil_Type_27":{"min":0,"max":1},"Soil_Type_16":{"min":0,"max":1},"Soil_Type_37":{"min":0,"max":1},"Soil_Type_9":{"min":0,"max":1}}}
"left daughter","right daughter","split var","split point","status","prediction","tree_idx","node_idx"
2,3,"Soil_Type_23",0.5,1,NA,1,1
4,5,"Soil_Type_12",0.5,1,NA,1,2
6,7,"Elevation",2958.5,1,NA,1,3
8,9,"Soil_Type_22",0.5,1,NA,1,4
10,11,"Hillshade_Noon",240.5,1,NA,1,5
12,13,"Horizontal_Distance_To_Roadways",4557,1,NA,1,6
14,15,"Hillshade_Noon",249.5,1,NA,1,7
16,17,"Elevation",3045.5,1,NA,1,8
18,19,"Vertical_Distance_To_Hydrology",15.5,1,NA,1,9
20,21,"Vertical_Distance_To_Hydrology",81.5,1,NA,1,10
22,23,"Horizontal_Distance_To_Hydrology",217,1,NA,1,11
24,25,"Wilderness_Area_3",0.5,1,NA,1,12
26,27,"Horizontal_Distance_To_Hydrology",372,1,NA,1,13
28,29,"Wilderness_Area_1",0.5,1,NA,1,14
30,31,"Vertical_Distance_To_Hydrology",30.5,1,NA,1,15
32,33,"Wilderness_Area_4",0.5,1,NA,1,16
34,35,"Wilderness_Area_1",0.5,1,NA,1,17
36,37,"Slope",6.5,1,NA,1,18
38,39,"Aspect",65.5,1,NA,1,19
40,41,"Horizontal_Distance_To_Fire_Points",6790.5,1,NA,1,20
42,43,"Horizontal_Distance_To_Fire_Points",6040,1,NA,1,21
44,45,"Hillshade_Noon",245.5,1,NA,1,22
46,47,"Aspect",154.5,1,NA,1,23
48,49,"Wilderness_Area_2",0.5,1,NA,1,24
0,0,NA,0,-1,"2",1,25
0,0,NA,0,-1,"1",1,26
50,51,"Horizontal_Distance_To_Roadways",4600.5,1,NA,1,27
52,53,"Horizontal_Distance_To_Hydrology",555.5,1,NA,1,28
54,55,"Vertical_Distance_To_Hydrology",96.5,1,NA,1,29
56,57,"Wilderness_Area_2",0.5,1,NA,1,30
0,0,NA,0,-1,"2",1,31
58,59,"Soil_Type_3",0.5,1,NA,1,32
60,61,"Soil_Type_11",0.5,1,NA,1,33
62,63,"Elevation",3325.5,1,NA,1,34
64,65,"Hillshade_Noon",226.5,1,NA,1,35
66,67,"Elevation",2948.5,1,NA,1,36
68,69,"Horizontal_Distance_To_Fire_Points",846,1,NA,1,37
70,71,"Hillshade_9am",190.5,1,NA,1,38
72,73,"Aspect",281.5,1,NA,1,39
74,75,"Hillshade_3pm",126.5,1,NA,1,40
76,77,"Horizontal_Distance_To_Hydrology",111,1,NA,1,41
78,79,"Horizontal_Distance_To_Roadways",5540.5,1,NA,1,42
0,0,NA,0,-1,"1",1,43
80,81,"Aspect",208.5,1,NA,1,44
82,83,"Aspect",188.5,1,NA,1,45
84,85,"Hillshade_3pm",144.5,1,NA,1,46
0,0,NA,0,-1,"2",1,47
86,87,"Vertical_Distance_To_Hydrology",2.5,1,NA,1,48
0,0,NA,0,-1,"1",1,49
0,0,NA,0,-1,"2",1,50
0,0,NA,0,-1,"1",1,51
88,89,"Aspect",263.5,1,NA,1,52
90,91,"Hillshade_Noon",225.5,1,NA,1,53
92,93,"Horizontal_Distance_To_Roadways",5203.5,1,NA,1,54
0,0,NA,0,-1,"2",1,55
94,95,"Wilderness_Area_1",0.5,1,NA,1,56
0,0,NA,0,-1,"1",1,57
96,97,"Vertical_Distance_To_Hydrology",24.5,1,NA,1,58
98,99,"Hillshade_3pm",114.5,1,NA,1,59
0,0,NA,0,-1,"3",1,60
0,0,NA,0,-1,"6",1,61
0,0,NA,0,-1,"1",1,62
0,0,NA,0,-1,"7",1,63
0,0,NA,0,-1,"1",1,64
0,0,NA,0,-1,"1",1,65
0,0,NA,0,-1,"2",1,66
0,0,NA,0,-1,"1",1,67
0,0,NA,0,-1,"1",1,68
0,0,NA,0,-1,"1",1,69
0,0,NA,0,-1,"2",1,70
0,0,NA,0,-1,"1",1,71
0,0,NA,0,-1,"1",1,72
0,0,NA,0,-1,"1",1,73
0,0,NA,0,-1,"2",1,74
0,0,NA,0,-1,"2",1,75
0,0,NA,0,-1,"1",1,76
0,0,NA,0,-1,"1",1,77
0,0,NA,0,-1,"2",1,78
0,0,NA,0,-1,"1",1,79
0,0,NA,0,-1,"2",1,80
0,0,NA,0,-1,"2",1,81
0,0,NA,0,-1,"2",1,82
0,0,NA,0,-1,"2",1,83
0,0,NA,0,-1,"2",1,84
0,0,NA,0,-1,"1",1,85
0,0,NA,0,-1,"2",1,86
0,0,NA,0,-1,"2",1,87
0,0,NA,0,-1,"1",1,88
0,0,NA,0,-1,"1",1,89
0,0,NA,0,-1,"2",1,90
0,0,NA,0,-1,"2",1,91
0,0,NA,0,-1,"1",1,92
0,0,NA,0,-1,"2",1,93
0,0,NA,0,-1,"2",1,94
0,0,NA,0,-1,"1",1,95
0,0,NA,0,-1,"2",1,96
0,0,NA,0,-1,"2",1,97
0,0,NA,0,-1,"3",1,98
0,0,NA,0,-1,"2",1,99
2,3,"Soil_Type_4",0.5,1,NA,2,1
4,5,"Soil_Type_11",0.5,1,NA,2,2
6,7,"Horizontal_Distance_To_Hydrology",472,1,NA,2,3
8,9,"Soil_Type_12",0.5,1,NA,2,4
10,11,"Horizontal_Distance_To_Fire_Points",2697.5,1,NA,2,5
12,13,"Horizontal_Distance_To_Hydrology",15,1,NA,2,6
14,15,"Horizontal_Distance_To_Fire_Points",1385.5,1,NA,2,7
16,17,"Soil_Type_2",0.5,1,NA,2,8
18,19,"Horizontal_Distance_To_Fire_Points",6326.5,1,NA,2,9
20,21,"Horizontal_Distance_To_Fire_Points",1245.5,1,NA,2,10
22,23,"Horizontal_Distance_To_Hydrology",403,1,NA,2,11
24,25,"Elevation",2250.5,1,NA,2,12
26,27,"Wilderness_Area_4",0.5,1,NA,2,13
0,0,NA,0,-1,"3",2,14
28,29,"Elevation",2795.5,1,NA,2,15
30,31,"Soil_Type_3",0.5,1,NA,2,16
32,33,"Slope",18.5,1,NA,2,17
34,35,"Vertical_Distance_To_Hydrology",131,1,NA,2,18
36,37,"Hillshade_9am",227.5,1,NA,2,19
38,39,"Wilderness_Area_4",0.5,1,NA,2,20
40,41,"Wilderness_Area_4",0.5,1,NA,2,21
42,43,"Hillshade_Noon",227.5,1,NA,2,22
0,0,NA,0,-1,"1",2,23
44,45,"Elevation",2103.5,1,NA,2,24
46,47,"Elevation",2602,1,NA,2,25
0,0,NA,0,-1,"3",2,26
48,49,"Hillshade_Noon",189.5,1,NA,2,27
0,0,NA,0,-1,"3",2,28
50,51,"Hillshade_Noon",239.5,1,NA,2,29
52,53,"Soil_Type_38",0.5,1,NA,2,30
54,55,"Wilderness_Area_4",0.5,1,NA,2,31
56,57,"Aspect",60.5,1,NA,2,32
58,59,"Slope",25.5,1,NA,2,33
60,61,"Slope",17.5,1,NA,2,34
62,63,"Horizontal_Distance_To_Fire_Points",5152,1,NA,2,35
64,65,"Hillshade_Noon",245.5,1,NA,2,36
66,67,"Elevation",2776.5,1,NA,2,37
0,0,NA,0,-1,"2",2,38
68,69,"Horizontal_Distance_To_Roadways",255,1,NA,2,39
0,0,NA,0,-1,"2",2,40
0,0,NA,0,-1,"6",2,41
70,71,"Hillshade_Noon",222.5,1,NA,2,42
72,73,"Elevation",2690.5,1,NA,2,43
74,75,"Hillshade_3pm",195.5,1,NA,2,44
0,0,NA,0,-1,"4",2,45
76,77,"Wilderness_Area_4",0.5,1,NA,2,46
78,79,"Slope",6.5,1,NA,2,47
80,81,"Hillshade_9am",227,1,NA,2,48
82,83,"Hillshade_3pm",57,1,NA,2,49
0,0,NA,0,-1,"2",2,50
84,85,"Hillshade_3pm",133.5,1,NA,2,51
86,87,"Soil_Type_40",0.5,1,NA,2,52
88,89,"Vertical_Distance_To_Hydrology",181.5,1,NA,2,53
90,91,"Slope",14.5,1,NA,2,54
92,93,"Hillshade_Noon",247,1,NA,2,55
94,95,"Elevation",2441.5,1,NA,2,56
96,97,"Wilderness_Area_4",0.5,1,NA,2,57
98,99,"Wilderness_Area_3",0.5,1,NA,2,58
0,0,NA,0,-1,"3",2,59
0,0,NA,0,-1,"2",2,60
0,0,NA,0,-1,"2",2,61
0,0,NA,0,-1,"1",2,62
0,0,NA,0,-1,"2",2,63
0,0,NA,0,-1,"1",2,64
0,0,NA,0,-1,"2",2,65
0,0,NA,0,-1,"2",2,66
0,0,NA,0,-1,"2",2,67
0,0,NA,0,-1,"3",2,68
0,0,NA,0,-1,"6",2,69
0,0,NA,0,-1,"2",2,70
0,0,NA,0,-1,"1",2,71
0,0,NA,0,-1,"1",2,72
0,0,NA,0,-1,"2",2,73
0,0,NA,0,-1,"3",2,74
0,0,NA,0,-1,"4",2,75
0,0,NA,0,-1,"6",2,76
0,0,NA,0,-1,"3",2,77
0,0,NA,0,-1,"1",2,78
0,0,NA,0,-1,"2",2,79
0,0,NA,0,-1,"3",2,80
0,0,NA,0,-1,"2",2,81
0,0,NA,0,-1,"6",2,82
0,0,NA,0,-1,"3",2,83
0,0,NA,0,-1,"3",2,84
0,0,NA,0,-1,"5",2,85
0,0,NA,0,-1,"2",2,86
0,0,NA,0,-1,"1",2,87
0,0,NA,0,-1,"1",2,88
0,0,NA,0,-1,"7",2,89
0,0,NA,0,-1,"3",2,90
0,0,NA,0,-1,"2",2,91
0,0,NA,0,-1,"3",2,92
0,0,NA,0,-1,"4",2,93
0,0,NA,0,-1,"3",2,94
0,0,NA,0,-1,"3",2,95
0,0,NA,0,-1,"3",2,96
0,0,NA,0,-1,"3",2,97
0,0,NA,0,-1,"6",2,98
0,0,NA,0,-1,"3",2,99
2,3,"Horizontal_Distance_To_Fire_Points",1112.5,1,NA,3,1
4,5,"Soil_Type_2",0.5,1,NA,3,2
6,7,"Soil_Type_38",0.5,1,NA,3,3
8,9,"Soil_Type_39",0.5,1,NA,3,4
0,0,NA,0,-1,"3",3,5
10,11,"Soil_Type_13",0.5,1,NA,3,6
12,13,"Hillshade_9am",208.5,1,NA,3,7
14,15,"Soil_Type_22",0.5,1,NA,3,8
16,17,"Hillshade_Noon",234.5,1,NA,3,9
18,19,"Elevation",3041.5,1,NA,3,10
20,21,"Aspect",296.5,1,NA,3,11
22,23,"Wilderness_Area_3",0.5,1,NA,3,12
24,25,"Wilderness_Area_2",0.5,1,NA,3,13
26,27,"Soil_Type_23",0.5,1,NA,3,14
28,29,"Horizontal_Distance_To_Hydrology",217,1,NA,3,15
30,31,"Elevation",3391,1,NA,3,16
32,33,"Horizontal_Distance_To_Fire_Points",525.5,1,NA,3,17
34,35,"Horizontal_Distance_To_Roadways",1257.5,1,NA,3,18
36,37,"Horizontal_Distance_To_Roadways",5456,1,NA,3,19
38,39,"Aspect",243.5,1,NA,3,20
40,41,"Aspect",316.5,1,NA,3,21
42,43,"Horizontal_Distance_To_Fire_Points",1434.5,1,NA,3,22
44,45,"Hillshade_9am",192.5,1,NA,3,23
46,47,"Hillshade_9am",220.5,1,NA,3,24
48,49,"Elevation",3428,1,NA,3,25
50,51,"Wilderness_Area_4",0.5,1,NA,3,26
52,53,"Vertical_Distance_To_Hydrology",82,1,NA,3,27
54,55,"Hillshade_9am",221.5,1,NA,3,28
56,57,"Elevation",3111.5,1,NA,3,29
58,59,"Horizontal_Distance_To_Hydrology",358.5,1,NA,3,30
0,0,NA,0,-1,"7",3,31
60,61,"Horizontal_Distance_To_Fire_Points",356,1,NA,3,32
62,63,"Horizontal_Distance_To_Roadways",2568.5,1,NA,3,33
64,65,"Wilderness_Area_4",0.5,1,NA,3,34
66,67,"Wilderness_Area_3",0.5,1,NA,3,35
68,69,"Horizontal_Distance_To_Roadways",1029,1,NA,3,36
70,71,"Hillshade_Noon",234.5,1,NA,3,37
0,0,NA,0,-1,"2",3,38
72,73,"Aspect",244.5,1,NA,3,39
74,75,"Hillshade_Noon",223.5,1,NA,3,40
76,77,"Hillshade_9am",184.5,1,NA,3,41
78,79,"Horizontal_Distance_To_Fire_Points",1260,1,NA,3,42
80,81,"Horizontal_Distance_To_Roadways",3687.5,1,NA,3,43
0,0,NA,0,-1,"1",3,44
0,0,NA,0,-1,"7",3,45
82,83,"Horizontal_Distance_To_Fire_Points",1208.5,1,NA,3,46
0,0,NA,0,-1,"1",3,47
84,85,"Horizontal_Distance_To_Roadways",1934,1,NA,3,48
0,0,NA,0,-1,"1",3,49
86,87,"Soil_Type_35",0.5,1,NA,3,50
88,89,"Horizontal_Distance_To_Fire_Points",656.5,1,NA,3,51
90,91,"Vertical_Distance_To_Hydrology",-130.5,1,NA,3,52
92,93,"Slope",10.5,1,NA,3,53
94,95,"Hillshade_3pm",106,1,NA,3,54
96,97,"Horizontal_Distance_To_Hydrology",125.5,1,NA,3,55
98,99,"Wilderness_Area_2",0.5,1,NA,3,56
0,0,NA,0,-1,"1",3,57
0,0,NA,0,-1,"7",3,58
0,0,NA,0,-1,"1",3,59
0,0,NA,0,-1,"7",3,60
0,0,NA,0,-1,"7",3,61
0,0,NA,0,-1,"7",3,62
0,0,NA,0,-1,"1",3,63
0,0,NA,0,-1,"2",3,64
0,0,NA,0,-1,"3",3,65
0,0,NA,0,-1,"2",3,66
0,0,NA,0,-1,"2",3,67
0,0,NA,0,-1,"1",3,68
0,0,NA,0,-1,"1",3,69
0,0,NA,0,-1,"2",3,70
0,0,NA,0,-1,"2",3,71
0,0,NA,0,-1,"1",3,72
0,0,NA,0,-1,"2",3,73
0,0,NA,0,-1,"2",3,74
0,0,NA,0,-1,"1",3,75
0,0,NA,0,-1,"6",3,76
0,0,NA,0,-1,"2",3,77
0,0,NA,0,-1,"1",3,78
0,0,NA,0,-1,"7",3,79
0,0,NA,0,-1,"1",3,80
0,0,NA,0,-1,"1",3,81
0,0,NA,0,-1,"7",3,82
0,0,NA,0,-1,"1",3,83
0,0,NA,0,-1,"1",3,84
0,0,NA,0,-1,"2",3,85
0,0,NA,0,-1,"2",3,86
0,0,NA,0,-1,"7",3,87
0,0,NA,0,-1,"3",3,88
0,0,NA,0,-1,"3",3,89
0,0,NA,0,-1,"2",3,90
0,0,NA,0,-1,"1",3,91
0,0,NA,0,-1,"2",3,92
0,0,NA,0,-1,"1",3,93
0,0,NA,0,-1,"1",3,94
0,0,NA,0,-1,"1",3,95
0,0,NA,0,-1,"1",3,96
0,0,NA,0,-1,"1",3,97
0,0,NA,0,-1,"1",3,98
0,0,NA,0,-1,"2",3,99
2,3,"Soil_Type_22",0.5,1,NA,4,1
4,5,"Soil_Type_12",0.5,1,NA,4,2
6,7,"Hillshade_9am",226.5,1,NA,4,3
8,9,"Wilderness_Area_4",0.5,1,NA,4,4
10,11,"Slope",1.5,1,NA,4,5
12,13,"Slope",35,1,NA,4,6
14,15,"Wilderness_Area_3",0.5,1,NA,4,7
16,17,"Soil_Type_38",0.5,1,NA,4,8
18,19,"Horizontal_Distance_To_Hydrology",15,1,NA,4,9
20,21,"Horizontal_Distance_To_Fire_Points",5926.5,1,NA,4,10
22,23,"Hillshade_3pm",109.5,1,NA,4,11
24,25,"Horizontal_Distance_To_Hydrology",114,1,NA,4,12
26,27,"Vertical_Distance_To_Hydrology",72,1,NA,4,13
28,29,"Hillshade_3pm",111.5,1,NA,4,14
30,31,"Aspect",131.5,1,NA,4,15
32,33,"Wilderness_Area_1",0.5,1,NA,4,16
34,35,"Wilderness_Area_1",0.5,1,NA,4,17
36,37,"Hillshade_9am",212.5,1,NA,4,18
38,39,"Soil_Type_3",0.5,1,NA,4,19
0,0,NA,0,-1,"2",4,20
0,0,NA,0,-1,"1",4,21
40,41,"Horizontal_Distance_To_Hydrology",101.5,1,NA,4,22
0,0,NA,0,-1,"2",4,23
42,43,"Horizontal_Distance_To_Roadways",1563.5,1,NA,4,24
44,45,"Horizontal_Distance_To_Roadways",5552,1,NA,4,25
0,0,NA,0,-1,"7",4,26
0,0,NA,0,-1,"2",4,27
46,47,"Elevation",3164.5,1,NA,4,28
48,49,"Vertical_Distance_To_Hydrology",55.5,1,NA,4,29
50,51,"Elevation",2896.5,1,NA,4,30
52,53,"Slope",26.5,1,NA,4,31
54,55,"Soil_Type_23",0.5,1,NA,4,32
56,57,"Soil_Type_18",0.5,1,NA,4,33
58,59,"Horizontal_Distance_To_Fire_Points",1817.5,1,NA,4,34
0,0,NA,0,-1,"1",4,35
60,61,"Aspect",336.5,1,NA,4,36
62,63,"Hillshade_9am",245,1,NA,4,37
64,65,"Horizontal_Distance_To_Roadways",496,1,NA,4,38
66,67,"Horizontal_Distance_To_Fire_Points",1055,1,NA,4,39
68,69,"Elevation",2744,1,NA,4,40
70,71,"Horizontal_Distance_To_Roadways",4507.5,1,NA,4,41
72,73,"Elevation",2741,1,NA,4,42
74,75,"Hillshade_Noon",240.5,1,NA,4,43
76,77,"Hillshade_Noon",253.5,1,NA,4,44
0,0,NA,0,-1,"1",4,45
78,79,"Slope",18.5,1,NA,4,46
80,81,"Hillshade_Noon",227.5,1,NA,4,47
82,83,"Wilderness_Area_2",0.5,1,NA,4,48
84,85,"Wilderness_Area_1",0.5,1,NA,4,49
0,0,NA,0,-1,"2",4,50
86,87,"Hillshade_Noon",232.5,1,NA,4,51
88,89,"Elevation",3225.5,1,NA,4,52
90,91,"Horizontal_Distance_To_Fire_Points",2023,1,NA,4,53
92,93,"Horizontal_Distance_To_Hydrology",425,1,NA,4,54
0,0,NA,0,-1,"1",4,55
94,95,"Vertical_Distance_To_Hydrology",3.5,1,NA,4,56
96,97,"Elevation",2491.5,1,NA,4,57
98,99,"Horizontal_Distance_To_Roadways",2941.5,1,NA,4,58
0,0,NA,0,-1,"1",4,59
0,0,NA,0,-1,"3",4,60
0,0,NA,0,-1,"4",4,61
0,0,NA,0,-1,"4",4,62
0,0,NA,0,-1,"3",4,63
0,0,NA,0,-1,"3",4,64
0,0,NA,0,-1,"3",4,65
0,0,NA,0,-1,"3",4,66
0,0,NA,0,-1,"4",4,67
0,0,NA,0,-1,"2",4,68
0,0,NA,0,-1,"2",4,69
0,0,NA,0,-1,"2",4,70
0,0,NA,0,-1,"2",4,71
0,0,NA,0,-1,"2",4,72
0,0,NA,0,-1,"1",4,73
0,0,NA,0,-1,"1",4,74
0,0,NA,0,-1,"1",4,75
0,0,NA,0,-1,"1",4,76
0,0,NA,0,-1,"1",4,77
0,0,NA,0,-1,"2",4,78
0,0,NA,0,-1,"1",4,79
0,0,NA,0,-1,"1",4,80
0,0,NA,0,-1,"2",4,81
0,0,NA,0,-1,"1",4,82
0,0,NA,0,-1,"2",4,83
0,0,NA,0,-1,"1",4,84
0,0,NA,0,-1,"2",4,85
0,0,NA,0,-1,"1",4,86
0,0,NA,0,-1,"2",4,87
0,0,NA,0,-1,"2",4,88
0,0,NA,0,-1,"1",4,89
0,0,NA,0,-1,"2",4,90
0,0,NA,0,-1,"1",4,91
0,0,NA,0,-1,"2",4,92
0,0,NA,0,-1,"2",4,93
0,0,NA,0,-1,"2",4,94
0,0,NA,0,-1,"2",4,95
0,0,NA,0,-1,"5",4,96
0,0,NA,0,-1,"2",4,97
0,0,NA,0,-1,"7",4,98
0,0,NA,0,-1,"1",4,99
2,3,"Soil_Type_22",0.5,1,NA,5,1
4,5,"Wilderness_Area_1",0.5,1,NA,5,2
6,7,"Vertical_Distance_To_Hydrology",13.5,1,NA,5,3
8,9,"Soil_Type_13",0.5,1,NA,5,4
10,11,"Soil_Type_23",0.5,1,NA,5,5
12,13,"Elevation",2710,1,NA,5,6
14,15,"Hillshade_Noon",219.5,1,NA,5,7
16,17,"Wilderness_Area_3",0.5,1,NA,5,8
18,19,"Aspect",301.5,1,NA,5,9
20,21,"Horizontal_Distance_To_Roadways",1179.5,1,NA,5,10
22,23,"Horizontal_Distance_To_Hydrology",231,1,NA,5,11
24,25,"Hillshade_3pm",113,1,NA,5,12
26,27,"Elevation",3182.5,1,NA,5,13
28,29,"Horizontal_Distance_To_Hydrology",458,1,NA,5,14
30,31,"Horizontal_Distance_To_Roadways",1086,1,NA,5,15
32,33,"Horizontal_Distance_To_Roadways",1474.5,1,NA,5,16
34,35,"Soil_Type_26",0.5,1,NA,5,17
36,37,"Wilderness_Area_3",0.5,1,NA,5,18
38,39,"Vertical_Distance_To_Hydrology",32,1,NA,5,19
0,0,NA,0,-1,"2",5,20
40,41,"Soil_Type_39",0.5,1,NA,5,21
0,0,NA,0,-1,"1",5,22
42,43,"Hillshade_Noon",248.5,1,NA,5,23
0,0,NA,0,-1,"2",5,24
44,45,"Horizontal_Distance_To_Fire_Points",545.5,1,NA,5,25
46,47,"Hillshade_Noon",242.5,1,NA,5,26
48,49,"Wilderness_Area_3",0.5,1,NA,5,27
0,0,NA,0,-1,"1",5,28
50,51,"Hillshade_9am",223,1,NA,5,29
52,53,"Slope",25.5,1,NA,5,30
54,55,"Vertical_Distance_To_Hydrology",37.5,1,NA,5,31
56,57,"Slope",19.5,1,NA,5,32
58,59,"Soil_Type_39",0.5,1,NA,5,33
60,61,"Horizontal_Distance_To_Roadways",1429.5,1,NA,5,34
62,63,"Slope",24,1,NA,5,35
0,0,NA,0,-1,"1",5,36
64,65,"Hillshade_9am",234.5,1,NA,5,37
66,67,"Horizontal_Distance_To_Roadways",2063,1,NA,5,38
68,69,"Horizontal_Distance_To_Hydrology",101.5,1,NA,5,39
70,71,"Soil_Type_40",0.5,1,NA,5,40
72,73,"Hillshade_3pm",117.5,1,NA,5,41
74,75,"Elevation",2927.5,1,NA,5,42
0,0,NA,0,-1,"1",5,43
76,77,"Aspect",52,1,NA,5,44
0,0,NA,0,-1,"2",5,45
78,79,"Vertical_Distance_To_Hydrology",-40.5,1,NA,5,46
80,81,"Slope",7.5,1,NA,5,47
82,83,"Aspect",95.5,1,NA,5,48
84,85,"Horizontal_Distance_To_Fire_Points",528,1,NA,5,49
86,87,"Hillshade_3pm",132.5,1,NA,5,50
88,89,"Vertical_Distance_To_Hydrology",51.5,1,NA,5,51
90,91,"Hillshade_3pm",171.5,1,NA,5,52
92,93,"Wilderness_Area_3",0.5,1,NA,5,53
94,95,"Aspect",273,1,NA,5,54
96,97,"Hillshade_9am",247,1,NA,5,55
98,99,"Soil_Type_33",0.5,1,NA,5,56
0,0,NA,0,-1,"3",5,57
0,0,NA,0,-1,"1",5,58
0,0,NA,0,-1,"1",5,59
0,0,NA,0,-1,"2",5,60
0,0,NA,0,-1,"2",5,61
0,0,NA,0,-1,"2",5,62
0,0,NA,0,-1,"1",5,63
0,0,NA,0,-1,"2",5,64
0,0,NA,0,-1,"2",5,65
0,0,NA,0,-1,"6",5,66
0,0,NA,0,-1,"1",5,67
0,0,NA,0,-1,"6",5,68
0,0,NA,0,-1,"2",5,69
0,0,NA,0,-1,"2",5,70
0,0,NA,0,-1,"1",5,71
0,0,NA,0,-1,"1",5,72
0,0,NA,0,-1,"1",5,73
0,0,NA,0,-1,"2",5,74
0,0,NA,0,-1,"1",5,75
0,0,NA,0,-1,"2",5,76
0,0,NA,0,-1,"1",5,77
0,0,NA,0,-1,"1",5,78
0,0,NA,0,-1,"1",5,79
0,0,NA,0,-1,"1",5,80
0,0,NA,0,-1,"2",5,81
0,0,NA,0,-1,"1",5,82
0,0,NA,0,-1,"1",5,83
0,0,NA,0,-1,"2",5,84
0,0,NA,0,-1,"1",5,85
0,0,NA,0,-1,"1",5,86
0,0,NA,0,-1,"1",5,87
0,0,NA,0,-1,"1",5,88
0,0,NA,0,-1,"2",5,89
0,0,NA,0,-1,"2",5,90
0,0,NA,0,-1,"1",5,91
0,0,NA,0,-1,"1",5,92
0,0,NA,0,-1,"2",5,93
0,0,NA,0,-1,"1",5,94
0,0,NA,0,-1,"1",5,95
0,0,NA,0,-1,"1",5,96
0,0,NA,0,-1,"2",5,97
0,0,NA,0,-1,"1",5,98
0,0,NA,0,-1,"1",5,99
2,3,"Wilderness_Area_4",0.5,1,NA,6,1
4,5,"Elevation",3042.5,1,NA,6,2
6,7,"Horizontal_Distance_To_Roadways",617,1,NA,6,3
8,9,"Slope",19.5,1,NA,6,4
10,11,"Soil_Type_39",0.5,1,NA,6,5
12,13,"Aspect",66.5,1,NA,6,6
14,15,"Soil_Type_14",0.5,1,NA,6,7
16,17,"Soil_Type_24",0.5,1,NA,6,8
18,19,"Wilderness_Area_1",0.5,1,NA,6,9
20,21,"Soil_Type_13",0.5,1,NA,6,10
22,23,"Wilderness_Area_1",0.5,1,NA,6,11
24,25,"Horizontal_Distance_To_Hydrology",186,1,NA,6,12
26,27,"Horizontal_Distance_To_Fire_Points",744,1,NA,6,13
28,29,"Slope",25.5,1,NA,6,14
30,31,"Hillshade_Noon",219.5,1,NA,6,15
32,33,"Soil_Type_21",0.5,1,NA,6,16
34,35,"Aspect",73.5,1,NA,6,17
36,37,"Elevation",2634,1,NA,6,18
38,39,"Horizontal_Distance_To_Fire_Points",637,1,NA,6,19
40,41,"Elevation",3326.5,1,NA,6,20
42,43,"Vertical_Distance_To_Hydrology",79.5,1,NA,6,21
44,45,"Wilderness_Area_2",0.5,1,NA,6,22
46,47,"Horizontal_Distance_To_Roadways",2777,1,NA,6,23
48,49,"Horizontal_Distance_To_Hydrology",15,1,NA,6,24
50,51,"Horizontal_Distance_To_Fire_Points",700,1,NA,6,25
52,53,"Soil_Type_1",0.5,1,NA,6,26
54,55,"Elevation",2541.5,1,NA,6,27
56,57,"Hillshade_3pm",151.5,1,NA,6,28
58,59,"Horizontal_Distance_To_Roadways",1047.5,1,NA,6,29
60,61,"Elevation",2206.5,1,NA,6,30
0,0,NA,0,-1,"4",6,31
62,63,"Soil_Type_29",0.5,1,NA,6,32
64,65,"Hillshade_3pm",197.5,1,NA,6,33
66,67,"Wilderness_Area_3",0.5,1,NA,6,34
68,69,"Hillshade_9am",196.5,1,NA,6,35
70,71,"Aspect",259.5,1,NA,6,36
72,73,"Hillshade_Noon",218.5,1,NA,6,37
74,75,"Elevation",2727,1,NA,6,38
76,77,"Hillshade_3pm",80.5,1,NA,6,39
78,79,"Horizontal_Distance_To_Roadways",720.5,1,NA,6,40
80,81,"Soil_Type_32",0.5,1,NA,6,41
82,83,"Wilderness_Area_3",0.5,1,NA,6,42
84,85,"Wilderness_Area_3",0.5,1,NA,6,43
86,87,"Vertical_Distance_To_Hydrology",130,1,NA,6,44
88,89,"Hillshade_9am",176.5,1,NA,6,45
90,91,"Horizontal_Distance_To_Roadways",1999,1,NA,6,46
92,93,"Slope",11.5,1,NA,6,47
94,95,"Horizontal_Distance_To_Roadways",401.5,1,NA,6,48
96,97,"Elevation",2469,1,NA,6,49
98,99,"Hillshade_Noon",185,1,NA,6,50
0,0,NA,0,-1,"3",6,51
0,0,NA,0,-1,"3",6,52
0,0,NA,0,-1,"3",6,53
0,0,NA,0,-1,"3",6,54
0,0,NA,0,-1,"2",6,55
0,0,NA,0,-1,"3",6,56
0,0,NA,0,-1,"6",6,57
0,0,NA,0,-1,"3",6,58
0,0,NA,0,-1,"3",6,59
0,0,NA,0,-1,"6",6,60
0,0,NA,0,-1,"3",6,61
0,0,NA,0,-1,"2",6,62
0,0,NA,0,-1,"2",6,63
0,0,NA,0,-1,"1",6,64
0,0,NA,0,-1,"2",6,65
0,0,NA,0,-1,"2",6,66
0,0,NA,0,-1,"1",6,67
0,0,NA,0,-1,"2",6,68
0,0,NA,0,-1,"2",6,69
0,0,NA,0,-1,"3",6,70
0,0,NA,0,-1,"6",6,71
0,0,NA,0,-1,"2",6,72
0,0,NA,0,-1,"2",6,73
0,0,NA,0,-1,"5",6,74
0,0,NA,0,-1,"2",6,75
0,0,NA,0,-1,"2",6,76
0,0,NA,0,-1,"2",6,77
0,0,NA,0,-1,"2",6,78
0,0,NA,0,-1,"1",6,79
0,0,NA,0,-1,"1",6,80
0,0,NA,0,-1,"1",6,81
0,0,NA,0,-1,"1",6,82
0,0,NA,0,-1,"2",6,83
0,0,NA,0,-1,"1",6,84
0,0,NA,0,-1,"2",6,85
0,0,NA,0,-1,"7",6,86
0,0,NA,0,-1,"7",6,87
0,0,NA,0,-1,"7",6,88
0,0,NA,0,-1,"1",6,89
0,0,NA,0,-1,"1",6,90
0,0,NA,0,-1,"7",6,91
0,0,NA,0,-1,"1",6,92
0,0,NA,0,-1,"1",6,93
0,0,NA,0,-1,"4",6,94
0,0,NA,0,-1,"6",6,95
0,0,NA,0,-1,"6",6,96
0,0,NA,0,-1,"2",6,97
0,0,NA,0,-1,"3",6,98
0,0,NA,0,-1,"3",6,99
2,3,"Elevation",3042.5,1,NA,7,1
4,5,"Horizontal_Distance_To_Roadways",1453,1,NA,7,2
6,7,"Horizontal_Distance_To_Hydrology",196.5,1,NA,7,3
8,9,"Soil_Type_10",0.5,1,NA,7,4
10,11,"Soil_Type_12",0.5,1,NA,7,5
12,13,"Soil_Type_32",0.5,1,NA,7,6
14,15,"Soil_Type_39",0.5,1,NA,7,7
16,17,"Soil_Type_2",0.5,1,NA,7,8
18,19,"Horizontal_Distance_To_Fire_Points",1381,1,NA,7,9
20,21,"Vertical_Distance_To_Hydrology",29.5,1,NA,7,10
22,23,"Slope",20.5,1,NA,7,11
24,25,"Soil_Type_29",0.5,1,NA,7,12
26,27,"Horizontal_Distance_To_Roadways",4011.5,1,NA,7,13
28,29,"Soil_Type_40",0.5,1,NA,7,14
0,0,NA,0,-1,"1",7,15
30,31,"Wilderness_Area_4",0.5,1,NA,7,16
32,33,"Horizontal_Distance_To_Hydrology",122,1,NA,7,17
0,0,NA,0,-1,"3",7,18
34,35,"Horizontal_Distance_To_Roadways",873.5,1,NA,7,19
36,37,"Soil_Type_2",0.5,1,NA,7,20
38,39,"Soil_Type_3",0.5,1,NA,7,21
40,41,"Vertical_Distance_To_Hydrology",162.5,1,NA,7,22
42,43,"Horizontal_Distance_To_Hydrology",465,1,NA,7,23
44,45,"Elevation",3319.5,1,NA,7,24
0,0,NA,0,-1,"1",7,25
46,47,"Horizontal_Distance_To_Fire_Points",1491,1,NA,7,26
0,0,NA,0,-1,"1",7,27
48,49,"Elevation",3168.5,1,NA,7,28
50,51,"Horizontal_Distance_To_Fire_Points",2624,1,NA,7,29
52,53,"Horizontal_Distance_To_Hydrology",125.5,1,NA,7,30
54,55,"Elevation",2501.5,1,NA,7,31
56,57,"Wilderness_Area_4",0.5,1,NA,7,32
58,59,"Horizontal_Distance_To_Fire_Points",316.5,1,NA,7,33
60,61,"Elevation",2384,1,NA,7,34
62,63,"Horizontal_Distance_To_Fire_Points",1619.5,1,NA,7,35
64,65,"Soil_Type_22",0.5,1,NA,7,36
0,0,NA,0,-1,"3",7,37
66,67,"Hillshade_Noon",236.5,1,NA,7,38
68,69,"Horizontal_Distance_To_Hydrology",160,1,NA,7,39
70,71,"Hillshade_Noon",234.5,1,NA,7,40
72,73,"Hillshade_3pm",137.5,1,NA,7,41
74,75,"Horizontal_Distance_To_Hydrology",138.5,1,NA,7,42
0,0,NA,0,-1,"1",7,43
76,77,"Horizontal_Distance_To_Roadways",6456,1,NA,7,44
78,79,"Wilderness_Area_3",0.5,1,NA,7,45
80,81,"Horizontal_Distance_To_Roadways",1430.5,1,NA,7,46
82,83,"Wilderness_Area_2",0.5,1,NA,7,47
84,85,"Soil_Type_31",0.5,1,NA,7,48
86,87,"Soil_Type_38",0.5,1,NA,7,49
88,89,"Vertical_Distance_To_Hydrology",151.5,1,NA,7,50
90,91,"Wilderness_Area_1",0.5,1,NA,7,51
92,93,"Soil_Type_22",0.5,1,NA,7,52
94,95,"Elevation",2551.5,1,NA,7,53
96,97,"Soil_Type_3",0.5,1,NA,7,54
0,0,NA,0,-1,"2",7,55
98,99,"Aspect",180.5,1,NA,7,56
0,0,NA,0,-1,"3",7,57
0,0,NA,0,-1,"6",7,58
0,0,NA,0,-1,"3",7,59
0,0,NA,0,-1,"3",7,60
0,0,NA,0,-1,"2",7,61
0,0,NA,0,-1,"2",7,62
0,0,NA,0,-1,"2",7,63
0,0,NA,0,-1,"2",7,64
0,0,NA,0,-1,"1",7,65
0,0,NA,0,-1,"2",7,66
0,0,NA,0,-1,"2",7,67
0,0,NA,0,-1,"3",7,68
0,0,NA,0,-1,"3",7,69
0,0,NA,0,-1,"2",7,70
0,0,NA,0,-1,"2",7,71
0,0,NA,0,-1,"1",7,72
0,0,NA,0,-1,"2",7,73
0,0,NA,0,-1,"1",7,74
0,0,NA,0,-1,"2",7,75
0,0,NA,0,-1,"1",7,76
0,0,NA,0,-1,"2",7,77
0,0,NA,0,-1,"7",7,78
0,0,NA,0,-1,"7",7,79
0,0,NA,0,-1,"1",7,80
0,0,NA,0,-1,"2",7,81
0,0,NA,0,-1,"1",7,82
0,0,NA,0,-1,"1",7,83
0,0,NA,0,-1,"2",7,84
0,0,NA,0,-1,"1",7,85
0,0,NA,0,-1,"1",7,86
0,0,NA,0,-1,"1",7,87
0,0,NA,0,-1,"1",7,88
0,0,NA,0,-1,"1",7,89
0,0,NA,0,-1,"7",7,90
0,0,NA,0,-1,"1",7,91
0,0,NA,0,-1,"2",7,92
0,0,NA,0,-1,"1",7,93
0,0,NA,0,-1,"3",7,94
0,0,NA,0,-1,"2",7,95
0,0,NA,0,-1,"3",7,96
0,0,NA,0,-1,"3",7,97
0,0,NA,0,-1,"3",7,98
0,0,NA,0,-1,"2",7,99
2,3,"Soil_Type_22",0.5,1,NA,8,1
4,5,"Soil_Type_2",0.5,1,NA,8,2
6,7,"Horizontal_Distance_To_Roadways",913,1,NA,8,3
8,9,"Soil_Type_23",0.5,1,NA,8,4
10,11,"Elevation",2318.5,1,NA,8,5
12,13,"Aspect",257.5,1,NA,8,6
14,15,"Elevation",2856.5,1,NA,8,7
16,17,"Soil_Type_39",0.5,1,NA,8,8
18,19,"Hillshade_Noon",250.5,1,NA,8,9
20,21,"Horizontal_Distance_To_Hydrology",15,1,NA,8,10
22,23,"Wilderness_Area_4",0.5,1,NA,8,11
0,0,NA,0,-1,"1",8,12
24,25,"Hillshade_Noon",226.5,1,NA,8,13
26,27,"Hillshade_9am",200.5,1,NA,8,14
28,29,"Hillshade_Noon",239.5,1,NA,8,15
30,31,"Wilderness_Area_4",0.5,1,NA,8,16
32,33,"Vertical_Distance_To_Hydrology",128.5,1,NA,8,17
0,0,NA,0,-1,"1",8,18
34,35,"Aspect",205.5,1,NA,8,19
0,0,NA,0,-1,"4",8,20
36,37,"Elevation",2228.5,1,NA,8,21
38,39,"Hillshade_Noon",233.5,1,NA,8,22
40,41,"Hillshade_Noon",226.5,1,NA,8,23
42,43,"Hillshade_9am",186.5,1,NA,8,24
44,45,"Hillshade_3pm",179.5,1,NA,8,25
0,0,NA,0,-1,"1",8,26
0,0,NA,0,-1,"2",8,27
46,47,"Hillshade_Noon",150,1,NA,8,28
0,0,NA,0,-1,"1",8,29
48,49,"Wilderness_Area_1",0.5,1,NA,8,30
50,51,"Soil_Type_17",0.5,1,NA,8,31
52,53,"Hillshade_Noon",229.5,1,NA,8,32
54,55,"Hillshade_Noon",186.5,1,NA,8,33
56,57,"Hillshade_Noon",253.5,1,NA,8,34
58,59,"Horizontal_Distance_To_Hydrology",51,1,NA,8,35
60,61,"Horizontal_Distance_To_Fire_Points",263,1,NA,8,36
62,63,"Slope",11.5,1,NA,8,37
64,65,"Elevation",2533,1,NA,8,38
66,67,"Horizontal_Distance_To_Roadways",2762.5,1,NA,8,39
68,69,"Elevation",2330.5,1,NA,8,40
0,0,NA,0,-1,"3",8,41
70,71,"Horizontal_Distance_To_Fire_Points",684,1,NA,8,42
72,73,"Horizontal_Distance_To_Hydrology",90,1,NA,8,43
74,75,"Horizontal_Distance_To_Roadways",788.5,1,NA,8,44
76,77,"Horizontal_Distance_To_Fire_Points",830,1,NA,8,45
0,0,NA,0,-1,"7",8,46
78,79,"Slope",0.5,1,NA,8,47
80,81,"Slope",16.5,1,NA,8,48
82,83,"Elevation",3046.5,1,NA,8,49
84,85,"Elevation",2484.5,1,NA,8,50
86,87,"Slope",14.5,1,NA,8,51
88,89,"Horizontal_Distance_To_Roadways",4362.5,1,NA,8,52
90,91,"Wilderness_Area_3",0.5,1,NA,8,53
92,93,"Vertical_Distance_To_Hydrology",154.5,1,NA,8,54
0,0,NA,0,-1,"7",8,55
94,95,"Elevation",3183.5,1,NA,8,56
0,0,NA,0,-1,"1",8,57
96,97,"Hillshade_3pm",185.5,1,NA,8,58
98,99,"Horizontal_Distance_To_Hydrology",231,1,NA,8,59
0,0,NA,0,-1,"6",8,60
0,0,NA,0,-1,"3",8,61
0,0,NA,0,-1,"3",8,62
0,0,NA,0,-1,"6",8,63
0,0,NA,0,-1,"3",8,64
0,0,NA,0,-1,"3",8,65
0,0,NA,0,-1,"3",8,66
0,0,NA,0,-1,"2",8,67
0,0,NA,0,-1,"6",8,68
0,0,NA,0,-1,"3",8,69
0,0,NA,0,-1,"1",8,70
0,0,NA,0,-1,"1",8,71
0,0,NA,0,-1,"1",8,72
0,0,NA,0,-1,"1",8,73
0,0,NA,0,-1,"2",8,74
0,0,NA,0,-1,"1",8,75
0,0,NA,0,-1,"1",8,76
0,0,NA,0,-1,"1",8,77
0,0,NA,0,-1,"2",8,78
0,0,NA,0,-1,"1",8,79
0,0,NA,0,-1,"2",8,80
0,0,NA,0,-1,"2",8,81
0,0,NA,0,-1,"2",8,82
0,0,NA,0,-1,"1",8,83
0,0,NA,0,-1,"3",8,84
0,0,NA,0,-1,"2",8,85
0,0,NA,0,-1,"4",8,86
0,0,NA,0,-1,"4",8,87
0,0,NA,0,-1,"1",8,88
0,0,NA,0,-1,"1",8,89
0,0,NA,0,-1,"1",8,90
0,0,NA,0,-1,"7",8,91
0,0,NA,0,-1,"7",8,92
0,0,NA,0,-1,"7",8,93
0,0,NA,0,-1,"2",8,94
0,0,NA,0,-1,"1",8,95
0,0,NA,0,-1,"2",8,96
0,0,NA,0,-1,"2",8,97
0,0,NA,0,-1,"1",8,98
0,0,NA,0,-1,"2",8,99
2,3,"Wilderness_Area_1",0.5,1,NA,9,1
4,5,"Soil_Type_39",0.5,1,NA,9,2
6,7,"Elevation",3031.5,1,NA,9,3
8,9,"Horizontal_Distance_To_Roadways",1448.5,1,NA,9,4
10,11,"Elevation",3251.5,1,NA,9,5
12,13,"Horizontal_Distance_To_Roadways",444.5,1,NA,9,6
14,15,"Horizontal_Distance_To_Hydrology",166,1,NA,9,7
16,17,"Elevation",2655.5,1,NA,9,8
18,19,"Wilderness_Area_4",0.5,1,NA,9,9
20,21,"Horizontal_Distance_To_Fire_Points",1088,1,NA,9,10
22,23,"Wilderness_Area_3",0.5,1,NA,9,11
24,25,"Slope",19.5,1,NA,9,12
26,27,"Hillshade_9am",219.5,1,NA,9,13
28,29,"Vertical_Distance_To_Hydrology",1.5,1,NA,9,14
30,31,"Horizontal_Distance_To_Roadways",5006,1,NA,9,15
32,33,"Wilderness_Area_3",0.5,1,NA,9,16
34,35,"Elevation",3014.5,1,NA,9,17
36,37,"Elevation",3042.5,1,NA,9,18
38,39,"Horizontal_Distance_To_Hydrology",324,1,NA,9,19
40,41,"Horizontal_Distance_To_Hydrology",358.5,1,NA,9,20
42,43,"Horizontal_Distance_To_Hydrology",559.5,1,NA,9,21
44,45,"Hillshade_3pm",162,1,NA,9,22
46,47,"Horizontal_Distance_To_Hydrology",114,1,NA,9,23
48,49,"Soil_Type_12",0.5,1,NA,9,24
50,51,"Hillshade_3pm",79.5,1,NA,9,25
52,53,"Soil_Type_30",0.5,1,NA,9,26
54,55,"Soil_Type_23",0.5,1,NA,9,27
56,57,"Horizontal_Distance_To_Roadways",6444,1,NA,9,28
58,59,"Soil_Type_19",0.5,1,NA,9,29
60,61,"Elevation",3163.5,1,NA,9,30
62,63,"Horizontal_Distance_To_Fire_Points",2013.5,1,NA,9,31
0,0,NA,0,-1,"3",9,32
64,65,"Aspect",74,1,NA,9,33
66,67,"Soil_Type_31",0.5,1,NA,9,34
68,69,"Horizontal_Distance_To_Roadways",893.5,1,NA,9,35
70,71,"Soil_Type_11",0.5,1,NA,9,36
72,73,"Elevation",3352.5,1,NA,9,37
74,75,"Hillshade_3pm",132,1,NA,9,38
0,0,NA,0,-1,"3",9,39
76,77,"Horizontal_Distance_To_Fire_Points",541.5,1,NA,9,40
0,0,NA,0,-1,"1",9,41
78,79,"Horizontal_Distance_To_Hydrology",329,1,NA,9,42
80,81,"Horizontal_Distance_To_Roadways",2372.5,1,NA,9,43
82,83,"Vertical_Distance_To_Hydrology",9,1,NA,9,44
0,0,NA,0,-1,"7",9,45
0,0,NA,0,-1,"7",9,46
84,85,"Horizontal_Distance_To_Roadways",3503.5,1,NA,9,47
86,87,"Soil_Type_30",0.5,1,NA,9,48
0,0,NA,0,-1,"2",9,49
88,89,"Slope",26.5,1,NA,9,50
90,91,"Slope",29,1,NA,9,51
92,93,"Elevation",2944.5,1,NA,9,52
94,95,"Hillshade_9am",149,1,NA,9,53
96,97,"Elevation",2959.5,1,NA,9,54
98,99,"Hillshade_3pm",145.5,1,NA,9,55
0,0,NA,0,-1,"1",9,56
0,0,NA,0,-1,"2",9,57
0,0,NA,0,-1,"1",9,58
0,0,NA,0,-1,"1",9,59
0,0,NA,0,-1,"1",9,60
0,0,NA,0,-1,"1",9,61
0,0,NA,0,-1,"1",9,62
0,0,NA,0,-1,"2",9,63
0,0,NA,0,-1,"2",9,64
0,0,NA,0,-1,"3",9,65
0,0,NA,0,-1,"2",9,66
0,0,NA,0,-1,"2",9,67
0,0,NA,0,-1,"2",9,68
0,0,NA,0,-1,"1",9,69
0,0,NA,0,-1,"2",9,70
0,0,NA,0,-1,"2",9,71
0,0,NA,0,-1,"1",9,72
0,0,NA,0,-1,"7",9,73
0,0,NA,0,-1,"3",9,74
0,0,NA,0,-1,"6",9,75
0,0,NA,0,-1,"7",9,76
0,0,NA,0,-1,"7",9,77
0,0,NA,0,-1,"1",9,78
0,0,NA,0,-1,"1",9,79
0,0,NA,0,-1,"7",9,80
0,0,NA,0,-1,"2",9,81
0,0,NA,0,-1,"7",9,82
0,0,NA,0,-1,"1",9,83
0,0,NA,0,-1,"7",9,84
0,0,NA,0,-1,"7",9,85
0,0,NA,0,-1,"2",9,86
0,0,NA,0,-1,"2",9,87
0,0,NA,0,-1,"5",9,88
0,0,NA,0,-1,"5",9,89
0,0,NA,0,-1,"2",9,90
0,0,NA,0,-1,"1",9,91
0,0,NA,0,-1,"2",9,92
0,0,NA,0,-1,"2",9,93
0,0,NA,0,-1,"1",9,94
0,0,NA,0,-1,"2",9,95
0,0,NA,0,-1,"2",9,96
0,0,NA,0,-1,"2",9,97
0,0,NA,0,-1,"2",9,98
0,0,NA,0,-1,"1",9,99
2,3,"Wilderness_Area_4",0.5,1,NA,10,1
4,5,"Soil_Type_4",0.5,1,NA,10,2
6,7,"Hillshade_9am",230.5,1,NA,10,3
8,9,"Elevation",3050.5,1,NA,10,4
10,11,"Horizontal_Distance_To_Hydrology",15,1,NA,10,5
12,13,"Elevation",2487.5,1,NA,10,6
14,15,"Soil_Type_3",0.5,1,NA,10,7
16,17,"Soil_Type_3",0.5,1,NA,10,8
18,19,"Elevation",3320.5,1,NA,10,9
20,21,"Slope",21,1,NA,10,10
22,23,"Aspect",141.5,1,NA,10,11
24,25,"Soil_Type_14",0.5,1,NA,10,12
26,27,"Horizontal_Distance_To_Roadways",1198,1,NA,10,13
28,29,"Horizontal_Distance_To_Roadways",538.5,1,NA,10,14
0,0,NA,0,-1,"3",10,15
30,31,"Hillshade_Noon",240.5,1,NA,10,16
0,0,NA,0,-1,"3",10,17
32,33,"Hillshade_Noon",243.5,1,NA,10,18
34,35,"Horizontal_Distance_To_Fire_Points",2191,1,NA,10,19
36,37,"Elevation",2602,1,NA,10,20
38,39,"Elevation",2641.5,1,NA,10,21
40,41,"Horizontal_Distance_To_Roadways",1828,1,NA,10,22
0,0,NA,0,-1,"3",10,23
42,43,"Soil_Type_17",0.5,1,NA,10,24
44,45,"Aspect",47.5,1,NA,10,25
46,47,"Hillshade_Noon",216.5,1,NA,10,26
48,49,"Slope",19,1,NA,10,27
50,51,"Soil_Type_6",0.5,1,NA,10,28
52,53,"Soil_Type_11",0.5,1,NA,10,29
54,55,"Soil_Type_23",0.5,1,NA,10,30
56,57,"Horizontal_Distance_To_Hydrology",87.5,1,NA,10,31
58,59,"Soil_Type_39",0.5,1,NA,10,32
60,61,"Soil_Type_21",0.5,1,NA,10,33
62,63,"Wilderness_Area_1",0.5,1,NA,10,34
64,65,"Soil_Type_40",0.5,1,NA,10,35
66,67,"Slope",14.5,1,NA,10,36
68,69,"Aspect",204.5,1,NA,10,37
0,0,NA,0,-1,"6",10,38
0,0,NA,0,-1,"2",10,39
70,71,"Hillshade_9am",240.5,1,NA,10,40
0,0,NA,0,-1,"3",10,41
72,73,"Slope",26.5,1,NA,10,42
0,0,NA,0,-1,"4",10,43
74,75,"Horizontal_Distance_To_Roadways",952,1,NA,10,44
0,0,NA,0,-1,"6",10,45
0,0,NA,0,-1,"3",10,46
76,77,"Aspect",351,1,NA,10,47
0,0,NA,0,-1,"6",10,48
0,0,NA,0,-1,"2",10,49
78,79,"Horizontal_Distance_To_Fire_Points",892,1,NA,10,50
80,81,"Horizontal_Distance_To_Hydrology",260,1,NA,10,51
82,83,"Soil_Type_5",0.5,1,NA,10,52
0,0,NA,0,-1,"2",10,53
84,85,"Soil_Type_22",0.5,1,NA,10,54
0,0,NA,0,-1,"2",10,55
86,87,"Soil_Type_21",0.5,1,NA,10,56
88,89,"Wilderness_Area_3",0.5,1,NA,10,57
90,91,"Horizontal_Distance_To_Roadways",993.5,1,NA,10,58
92,93,"Horizontal_Distance_To_Roadways",1027,1,NA,10,59
94,95,"Elevation",3162.5,1,NA,10,60
0,0,NA,0,-1,"1",10,61
96,97,"Hillshade_3pm",155.5,1,NA,10,62
98,99,"Soil_Type_35",0.5,1,NA,10,63
0,0,NA,0,-1,"1",10,64
0,0,NA,0,-1,"7",10,65
0,0,NA,0,-1,"6",10,66
0,0,NA,0,-1,"3",10,67
0,0,NA,0,-1,"1",10,68
0,0,NA,0,-1,"2",10,69
0,0,NA,0,-1,"3",10,70
0,0,NA,0,-1,"3",10,71
0,0,NA,0,-1,"3",10,72
0,0,NA,0,-1,"3",10,73
0,0,NA,0,-1,"3",10,74
0,0,NA,0,-1,"4",10,75
0,0,NA,0,-1,"2",10,76
0,0,NA,0,-1,"3",10,77
0,0,NA,0,-1,"3",10,78
0,0,NA,0,-1,"3",10,79
0,0,NA,0,-1,"3",10,80
0,0,NA,0,-1,"2",10,81
0,0,NA,0,-1,"3",10,82
0,0,NA,0,-1,"3",10,83
0,0,NA,0,-1,"2",10,84
0,0,NA,0,-1,"1",10,85
0,0,NA,0,-1,"2",10,86
0,0,NA,0,-1,"1",10,87
0,0,NA,0,-1,"2",10,88
0,0,NA,0,-1,"2",10,89
0,0,NA,0,-1,"1",10,90
0,0,NA,0,-1,"1",10,91
0,0,NA,0,-1,"7",10,92
0,0,NA,0,-1,"1",10,93
0,0,NA,0,-1,"2",10,94
0,0,NA,0,-1,"1",10,95
0,0,NA,0,-1,"7",10,96
0,0,NA,0,-1,"1",10,97
0,0,NA,0,-1,"1",10,98
0,0,NA,0,-1,"1",10,99
2,3,"Soil_Type_38",0.5,1,NA,11,1
4,5,"Elevation",3042.5,1,NA,11,2
6,7,"Horizontal_Distance_To_Roadways",5308,1,NA,11,3
8,9,"Wilderness_Area_1",0.5,1,NA,11,4
10,11,"Soil_Type_39",0.5,1,NA,11,5
12,13,"Wilderness_Area_3",0.5,1,NA,11,6
14,15,"Horizontal_Distance_To_Roadways",5464.5,1,NA,11,7
16,17,"Wilderness_Area_3",0.5,1,NA,11,8
18,19,"Hillshade_3pm",81.5,1,NA,11,9
20,21,"Elevation",3325.5,1,NA,11,10
0,0,NA,0,-1,"1",11,11
22,23,"Hillshade_9am",224.5,1,NA,11,12
0,0,NA,0,-1,"7",11,13
24,25,"Wilderness_Area_1",0.5,1,NA,11,14
26,27,"Elevation",3243,1,NA,11,15
28,29,"Soil_Type_23",0.5,1,NA,11,16
30,31,"Soil_Type_22",0.5,1,NA,11,17
0,0,NA,0,-1,"2",11,18
32,33,"Aspect",267.5,1,NA,11,19
34,35,"Soil_Type_22",0.5,1,NA,11,20
36,37,"Horizontal_Distance_To_Fire_Points",2250.5,1,NA,11,21
38,39,"Hillshade_Noon",250.5,1,NA,11,22
40,41,"Vertical_Distance_To_Hydrology",143,1,NA,11,23
0,0,NA,0,-1,"7",11,24
42,43,"Aspect",103,1,NA,11,25
0,0,NA,0,-1,"2",11,26
0,0,NA,0,-1,"1",11,27
44,45,"Wilderness_Area_4",0.5,1,NA,11,28
46,47,"Horizontal_Distance_To_Roadways",946,1,NA,11,29
48,49,"Soil_Type_24",0.5,1,NA,11,30
50,51,"Hillshade_Noon",245.5,1,NA,11,31
52,53,"Soil_Type_22",0.5,1,NA,11,32
54,55,"Soil_Type_23",0.5,1,NA,11,33
56,57,"Wilderness_Area_1",0.5,1,NA,11,34
58,59,"Elevation",3216.5,1,NA,11,35
60,61,"Slope",7.5,1,NA,11,36
62,63,"Wilderness_Area_1",0.5,1,NA,11,37
64,65,"Horizontal_Distance_To_Roadways",3527.5,1,NA,11,38
66,67,"Vertical_Distance_To_Hydrology",32,1,NA,11,39
68,69,"Horizontal_Distance_To_Roadways",2121.5,1,NA,11,40
70,71,"Aspect",96.5,1,NA,11,41
0,0,NA,0,-1,"1",11,42
72,73,"Slope",12,1,NA,11,43
74,75,"Horizontal_Distance_To_Fire_Points",509.5,1,NA,11,44
76,77,"Horizontal_Distance_To_Fire_Points",1505,1,NA,11,45
0,0,NA,0,-1,"1",11,46
0,0,NA,0,-1,"2",11,47
78,79,"Horizontal_Distance_To_Hydrology",36,1,NA,11,48
80,81,"Hillshade_Noon",219.5,1,NA,11,49
0,0,NA,0,-1,"1",11,50
0,0,NA,0,-1,"2",11,51
82,83,"Elevation",2946.5,1,NA,11,52
0,0,NA,0,-1,"2",11,53
84,85,"Elevation",2992.5,1,NA,11,54
86,87,"Aspect",311.5,1,NA,11,55
88,89,"Horizontal_Distance_To_Fire_Points",744,1,NA,11,56
90,91,"Soil_Type_29",0.5,1,NA,11,57
92,93,"Wilderness_Area_2",0.5,1,NA,11,58
94,95,"Wilderness_Area_2",0.5,1,NA,11,59
96,97,"Slope",4.5,1,NA,11,60
98,99,"Vertical_Distance_To_Hydrology",9.5,1,NA,11,61
0,0,NA,0,-1,"7",11,62
0,0,NA,0,-1,"7",11,63
0,0,NA,0,-1,"1",11,64
0,0,NA,0,-1,"1",11,65
0,0,NA,0,-1,"1",11,66
0,0,NA,0,-1,"7",11,67
0,0,NA,0,-1,"1",11,68
0,0,NA,0,-1,"7",11,69
0,0,NA,0,-1,"7",11,70
0,0,NA,0,-1,"7",11,71
0,0,NA,0,-1,"2",11,72
0,0,NA,0,-1,"1",11,73
0,0,NA,0,-1,"1",11,74
0,0,NA,0,-1,"2",11,75
0,0,NA,0,-1,"3",11,76
0,0,NA,0,-1,"3",11,77
0,0,NA,0,-1,"2",11,78
0,0,NA,0,-1,"2",11,79
0,0,NA,0,-1,"2",11,80
0,0,NA,0,-1,"2",11,81
0,0,NA,0,-1,"2",11,82
0,0,NA,0,-1,"2",11,83
0,0,NA,0,-1,"2",11,84
0,0,NA,0,-1,"2",11,85
0,0,NA,0,-1,"1",11,86
0,0,NA,0,-1,"2",11,87
0,0,NA,0,-1,"1",11,88
0,0,NA,0,-1,"1",11,89
0,0,NA,0,-1,"1",11,90
0,0,NA,0,-1,"1",11,91
0,0,NA,0,-1,"1",11,92
0,0,NA,0,-1,"1",11,93
0,0,NA,0,-1,"1",11,94
0,0,NA,0,-1,"1",11,95
0,0,NA,0,-1,"7",11,96
0,0,NA,0,-1,"7",11,97
0,0,NA,0,-1,"7",11,98
0,0,NA,0,-1,"1",11,99
2,3,"Elevation",3041.5,1,NA,12,1
4,5,"Horizontal_Distance_To_Roadways",1453,1,NA,12,2
6,7,"Soil_Type_39",0.5,1,NA,12,3
8,9,"Wilderness_Area_3",0.5,1,NA,12,4
10,11,"Soil_Type_2",0.5,1,NA,12,5
12,13,"Soil_Type_22",0.5,1,NA,12,6
14,15,"Vertical_Distance_To_Hydrology",124.5,1,NA,12,7
16,17,"Slope",20.5,1,NA,12,8
18,19,"Soil_Type_32",0.5,1,NA,12,9
20,21,"Wilderness_Area_4",0.5,1,NA,12,10
22,23,"Slope",10.5,1,NA,12,11
24,25,"Soil_Type_35",0.5,1,NA,12,12
0,0,NA,0,-1,"1",12,13
26,27,"Wilderness_Area_1",0.5,1,NA,12,14
28,29,"Wilderness_Area_1",0.5,1,NA,12,15
30,31,"Hillshade_9am",202.5,1,NA,12,16
32,33,"Wilderness_Area_4",0.5,1,NA,12,17
34,35,"Elevation",2652.5,1,NA,12,18
0,0,NA,0,-1,"2",12,19
36,37,"Soil_Type_4",0.5,1,NA,12,20
38,39,"Soil_Type_10",0.5,1,NA,12,21
40,41,"Horizontal_Distance_To_Roadways",1996,1,NA,12,22
42,43,"Horizontal_Distance_To_Hydrology",63.5,1,NA,12,23
44,45,"Soil_Type_40",0.5,1,NA,12,24
46,47,"Wilderness_Area_3",0.5,1,NA,12,25
48,49,"Hillshade_9am",194.5,1,NA,12,26
50,51,"Hillshade_Noon",237.5,1,NA,12,27
52,53,"Hillshade_Noon",225.5,1,NA,12,28
54,55,"Slope",22.5,1,NA,12,29
56,57,"Hillshade_3pm",191.5,1,NA,12,30
58,59,"Hillshade_Noon",242.5,1,NA,12,31
60,61,"Hillshade_3pm",78.5,1,NA,12,32
62,63,"Soil_Type_3",0.5,1,NA,12,33
64,65,"Soil_Type_23",0.5,1,NA,12,34
66,67,"Elevation",2949.5,1,NA,12,35
68,69,"Horizontal_Distance_To_Hydrology",87.5,1,NA,12,36
70,71,"Horizontal_Distance_To_Hydrology",15,1,NA,12,37
72,73,"Soil_Type_14",0.5,1,NA,12,38
74,75,"Hillshade_3pm",130,1,NA,12,39
76,77,"Elevation",2363,1,NA,12,40
78,79,"Horizontal_Distance_To_Roadways",2488.5,1,NA,12,41
80,81,"Vertical_Distance_To_Hydrology",14.5,1,NA,12,42
82,83,"Wilderness_Area_3",0.5,1,NA,12,43
84,85,"Hillshade_Noon",237.5,1,NA,12,44
0,0,NA,0,-1,"1",12,45
86,87,"Hillshade_3pm",156.5,1,NA,12,46
88,89,"Elevation",3222.5,1,NA,12,47
0,0,NA,0,-1,"1",12,48
90,91,"Vertical_Distance_To_Hydrology",3.5,1,NA,12,49
92,93,"Vertical_Distance_To_Hydrology",61.5,1,NA,12,50
0,0,NA,0,-1,"1",12,51
94,95,"Horizontal_Distance_To_Roadways",3377,1,NA,12,52
0,0,NA,0,-1,"7",12,53
96,97,"Horizontal_Distance_To_Fire_Points",2338.5,1,NA,12,54
98,99,"Horizontal_Distance_To_Hydrology",469.5,1,NA,12,55
0,0,NA,0,-1,"2",12,56
0,0,NA,0,-1,"3",12,57
0,0,NA,0,-1,"2",12,58
0,0,NA,0,-1,"2",12,59
0,0,NA,0,-1,"2",12,60
0,0,NA,0,-1,"2",12,61
0,0,NA,0,-1,"3",12,62
0,0,NA,0,-1,"3",12,63
0,0,NA,0,-1,"3",12,64
0,0,NA,0,-1,"2",12,65
0,0,NA,0,-1,"2",12,66
0,0,NA,0,-1,"2",12,67
0,0,NA,0,-1,"2",12,68
0,0,NA,0,-1,"2",12,69
0,0,NA,0,-1,"6",12,70
0,0,NA,0,-1,"3",12,71
0,0,NA,0,-1,"3",12,72
0,0,NA,0,-1,"6",12,73
0,0,NA,0,-1,"3",12,74
0,0,NA,0,-1,"6",12,75
0,0,NA,0,-1,"6",12,76
0,0,NA,0,-1,"3",12,77
0,0,NA,0,-1,"3",12,78
0,0,NA,0,-1,"3",12,79
0,0,NA,0,-1,"2",12,80
0,0,NA,0,-1,"6",12,81
0,0,NA,0,-1,"6",12,82
0,0,NA,0,-1,"3",12,83
0,0,NA,0,-1,"1",12,84
0,0,NA,0,-1,"1",12,85
0,0,NA,0,-1,"1",12,86
0,0,NA,0,-1,"7",12,87
0,0,NA,0,-1,"1",12,88
0,0,NA,0,-1,"7",12,89
0,0,NA,0,-1,"7",12,90
0,0,NA,0,-1,"7",12,91
0,0,NA,0,-1,"1",12,92
0,0,NA,0,-1,"1",12,93
0,0,NA,0,-1,"7",12,94
0,0,NA,0,-1,"7",12,95
0,0,NA,0,-1,"1",12,96
0,0,NA,0,-1,"1",12,97
0,0,NA,0,-1,"1",12,98
0,0,NA,0,-1,"1",12,99
2,3,"Elevation",3041.5,1,NA,13,1
4,5,"Wilderness_Area_1",0.5,1,NA,13,2
6,7,"Elevation",3325.5,1,NA,13,3
8,9,"Wilderness_Area_4",0.5,1,NA,13,4
10,11,"Horizontal_Distance_To_Hydrology",101.5,1,NA,13,5
12,13,"Soil_Type_22",0.5,1,NA,13,6
14,15,"Soil_Type_32",0.5,1,NA,13,7
16,17,"Aspect",74.5,1,NA,13,8
18,19,"Slope",25.5,1,NA,13,9
20,21,"Soil_Type_12",0.5,1,NA,13,10
22,23,"Soil_Type_20",0.5,1,NA,13,11
24,25,"Soil_Type_32",0.5,1,NA,13,12
26,27,"Horizontal_Distance_To_Fire_Points",1305,1,NA,13,13
28,29,"Wilderness_Area_1",0.5,1,NA,13,14
30,31,"Horizontal_Distance_To_Hydrology",333,1,NA,13,15
32,33,"Horizontal_Distance_To_Roadways",2018,1,NA,13,16
34,35,"Soil_Type_33",0.5,1,NA,13,17
36,37,"Soil_Type_17",0.5,1,NA,13,18
38,39,"Soil_Type_3",0.5,1,NA,13,19
40,41,"Soil_Type_30",0.5,1,NA,13,20
0,0,NA,0,-1,"2",13,21
42,43,"Elevation",2988.5,1,NA,13,22
0,0,NA,0,-1,"2",13,23
44,45,"Soil_Type_34",0.5,1,NA,13,24
46,47,"Elevation",3184.5,1,NA,13,25
48,49,"Horizontal_Distance_To_Roadways",1133,1,NA,13,26
50,51,"Wilderness_Area_2",0.5,1,NA,13,27
52,53,"Wilderness_Area_3",0.5,1,NA,13,28
54,55,"Soil_Type_30",0.5,1,NA,13,29
56,57,"Wilderness_Area_2",0.5,1,NA,13,30
58,59,"Horizontal_Distance_To_Fire_Points",1108,1,NA,13,31
60,61,"Slope",18.5,1,NA,13,32
62,63,"Vertical_Distance_To_Hydrology",103,1,NA,13,33
64,65,"Soil_Type_4",0.5,1,NA,13,34
0,0,NA,0,-1,"2",13,35
66,67,"Horizontal_Distance_To_Roadways",970.5,1,NA,13,36
0,0,NA,0,-1,"4",13,37
68,69,"Soil_Type_6",0.5,1,NA,13,38
70,71,"Slope",31.5,1,NA,13,39
72,73,"Soil_Type_20",0.5,1,NA,13,40
74,75,"Hillshade_3pm",77.5,1,NA,13,41
76,77,"Hillshade_9am",248.5,1,NA,13,42
78,79,"Vertical_Distance_To_Hydrology",51.5,1,NA,13,43
80,81,"Elevation",3162.5,1,NA,13,44
82,83,"Hillshade_3pm",109.5,1,NA,13,45
84,85,"Elevation",3125.5,1,NA,13,46
86,87,"Hillshade_9am",221.5,1,NA,13,47
0,0,NA,0,-1,"1",13,48
88,89,"Wilderness_Area_3",0.5,1,NA,13,49
0,0,NA,0,-1,"1",13,50
90,91,"Horizontal_Distance_To_Roadways",1573.5,1,NA,13,51
92,93,"Soil_Type_23",0.5,1,NA,13,52
94,95,"Horizontal_Distance_To_Fire_Points",448.5,1,NA,13,53
96,97,"Hillshade_9am",216.5,1,NA,13,54
0,0,NA,0,-1,"7",13,55
98,99,"Hillshade_Noon",191.5,1,NA,13,56
0,0,NA,0,-1,"1",13,57
0,0,NA,0,-1,"1",13,58
0,0,NA,0,-1,"1",13,59
0,0,NA,0,-1,"2",13,60
0,0,NA,0,-1,"2",13,61
0,0,NA,0,-1,"2",13,62
0,0,NA,0,-1,"2",13,63
0,0,NA,0,-1,"2",13,64
0,0,NA,0,-1,"3",13,65
0,0,NA,0,-1,"3",13,66
0,0,NA,0,-1,"6",13,67
0,0,NA,0,-1,"3",13,68
0,0,NA,0,-1,"3",13,69
0,0,NA,0,-1,"3",13,70
0,0,NA,0,-1,"4",13,71
0,0,NA,0,-1,"2",13,72
0,0,NA,0,-1,"2",13,73
0,0,NA,0,-1,"5",13,74
0,0,NA,0,-1,"2",13,75
0,0,NA,0,-1,"2",13,76
0,0,NA,0,-1,"2",13,77
0,0,NA,0,-1,"2",13,78
0,0,NA,0,-1,"2",13,79
0,0,NA,0,-1,"1",13,80
0,0,NA,0,-1,"1",13,81
0,0,NA,0,-1,"1",13,82
0,0,NA,0,-1,"2",13,83
0,0,NA,0,-1,"2",13,84
0,0,NA,0,-1,"2",13,85
0,0,NA,0,-1,"1",13,86
0,0,NA,0,-1,"1",13,87
0,0,NA,0,-1,"1",13,88
0,0,NA,0,-1,"1",13,89
0,0,NA,0,-1,"1",13,90
0,0,NA,0,-1,"1",13,91
0,0,NA,0,-1,"1",13,92
0,0,NA,0,-1,"1",13,93
0,0,NA,0,-1,"1",13,94
0,0,NA,0,-1,"7",13,95
0,0,NA,0,-1,"1",13,96
0,0,NA,0,-1,"1",13,97
0,0,NA,0,-1,"2",13,98
0,0,NA,0,-1,"1",13,99
2,3,"Soil_Type_22",0.5,1,NA,14,1
4,5,"Soil_Type_23",0.5,1,NA,14,2
6,7,"Hillshade_9am",228.5,1,NA,14,3
8,9,"Wilderness_Area_1",0.5,1,NA,14,4
10,11,"Hillshade_Noon",224.5,1,NA,14,5
0,0,NA,0,-1,"1",14,6
12,13,"Horizontal_Distance_To_Hydrology",125.5,1,NA,14,7
14,15,"Soil_Type_2",0.5,1,NA,14,8
16,17,"Vertical_Distance_To_Hydrology",293.5,1,NA,14,9
0,0,NA,0,-1,"1",14,10
18,19,"Horizontal_Distance_To_Roadways",1274,1,NA,14,11
20,21,"Aspect",101.5,1,NA,14,12
22,23,"Hillshade_3pm",129.5,1,NA,14,13
24,25,"Soil_Type_39",0.5,1,NA,14,14
26,27,"Vertical_Distance_To_Hydrology",-6.5,1,NA,14,15
0,0,NA,0,-1,"2",14,16
28,29,"Hillshade_3pm",58.5,1,NA,14,17
30,31,"Wilderness_Area_3",0.5,1,NA,14,18
32,33,"Hillshade_Noon",252.5,1,NA,14,19
34,35,"Aspect",100.5,1,NA,14,20
36,37,"Horizontal_Distance_To_Roadways",495.5,1,NA,14,21
0,0,NA,0,-1,"1",14,22
38,39,"Vertical_Distance_To_Hydrology",21.5,1,NA,14,23
40,41,"Soil_Type_4",0.5,1,NA,14,24
0,0,NA,0,-1,"7",14,25
42,43,"Horizontal_Distance_To_Fire_Points",1382.5,1,NA,14,26
44,45,"Slope",18.5,1,NA,14,27
46,47,"Hillshade_9am",253,1,NA,14,28
0,0,NA,0,-1,"1",14,29
48,49,"Horizontal_Distance_To_Fire_Points",843,1,NA,14,30
50,51,"Slope",10.5,1,NA,14,31
52,53,"Elevation",2918,1,NA,14,32
54,55,"Wilderness_Area_3",0.5,1,NA,14,33
56,57,"Wilderness_Area_2",0.5,1,NA,14,34
0,0,NA,0,-1,"1",14,35
0,0,NA,0,-1,"1",14,36
58,59,"Horizontal_Distance_To_Fire_Points",780,1,NA,14,37
0,0,NA,0,-1,"1",14,38
60,61,"Horizontal_Distance_To_Roadways",788.5,1,NA,14,39
62,63,"Elevation",2504.5,1,NA,14,40
64,65,"Aspect",144.5,1,NA,14,41
66,67,"Elevation",2584.5,1,NA,14,42
68,69,"Horizontal_Distance_To_Fire_Points",2019.5,1,NA,14,43
70,71,"Hillshade_3pm",200.5,1,NA,14,44
72,73,"Wilderness_Area_4",0.5,1,NA,14,45
74,75,"Horizontal_Distance_To_Hydrology",822.5,1,NA,14,46
76,77,"Horizontal_Distance_To_Roadways",1815,1,NA,14,47
0,0,NA,0,-1,"2",14,48
78,79,"Elevation",2965,1,NA,14,49
80,81,"Horizontal_Distance_To_Roadways",572.5,1,NA,14,50
0,0,NA,0,-1,"2",14,51
0,0,NA,0,-1,"2",14,52
82,83,"Horizontal_Distance_To_Roadways",5253.5,1,NA,14,53
0,0,NA,0,-1,"1",14,54
84,85,"Vertical_Distance_To_Hydrology",36,1,NA,14,55
86,87,"Vertical_Distance_To_Hydrology",17.5,1,NA,14,56
88,89,"Horizontal_Distance_To_Hydrology",54.5,1,NA,14,57
90,91,"Hillshade_9am",230,1,NA,14,58
92,93,"Elevation",3277.5,1,NA,14,59
94,95,"Hillshade_9am",235.5,1,NA,14,60
96,97,"Aspect",105.5,1,NA,14,61
98,99,"Horizontal_Distance_To_Roadways",570.5,1,NA,14,62
0,0,NA,0,-1,"2",14,63
0,0,NA,0,-1,"3",14,64
0,0,NA,0,-1,"3",14,65
0,0,NA,0,-1,"3",14,66
0,0,NA,0,-1,"5",14,67
0,0,NA,0,-1,"2",14,68
0,0,NA,0,-1,"2",14,69
0,0,NA,0,-1,"3",14,70
0,0,NA,0,-1,"6",14,71
0,0,NA,0,-1,"3",14,72
0,0,NA,0,-1,"3",14,73
0,0,NA,0,-1,"1",14,74
0,0,NA,0,-1,"1",14,75
0,0,NA,0,-1,"2",14,76
0,0,NA,0,-1,"1",14,77
0,0,NA,0,-1,"2",14,78
0,0,NA,0,-1,"1",14,79
0,0,NA,0,-1,"2",14,80
0,0,NA,0,-1,"1",14,81
0,0,NA,0,-1,"1",14,82
0,0,NA,0,-1,"2",14,83
0,0,NA,0,-1,"2",14,84
0,0,NA,0,-1,"2",14,85
0,0,NA,0,-1,"1",14,86
0,0,NA,0,-1,"1",14,87
0,0,NA,0,-1,"2",14,88
0,0,NA,0,-1,"1",14,89
0,0,NA,0,-1,"1",14,90
0,0,NA,0,-1,"2",14,91
0,0,NA,0,-1,"1",14,92
0,0,NA,0,-1,"2",14,93
0,0,NA,0,-1,"2",14,94
0,0,NA,0,-1,"2",14,95
0,0,NA,0,-1,"2",14,96
0,0,NA,0,-1,"1",14,97
0,0,NA,0,-1,"3",14,98
0,0,NA,0,-1,"3",14,99
2,3,"Wilderness_Area_4",0.5,1,NA,15,1
4,5,"Soil_Type_38",0.5,1,NA,15,2
6,7,"Soil_Type_1",0.5,1,NA,15,3
8,9,"Soil_Type_4",0.5,1,NA,15,4
10,11,"Hillshade_9am",207.5,1,NA,15,5
12,13,"Aspect",231.5,1,NA,15,6
14,15,"Horizontal_Distance_To_Hydrology",51,1,NA,15,7
16,17,"Soil_Type_40",0.5,1,NA,15,8
18,19,"Aspect",175.5,1,NA,15,9
20,21,"Wilderness_Area_3",0.5,1,NA,15,10
22,23,"Horizontal_Distance_To_Hydrology",696.5,1,NA,15,11
24,25,"Horizontal_Distance_To_Hydrology",15,1,NA,15,12
26,27,"Soil_Type_10",0.5,1,NA,15,13
28,29,"Hillshade_Noon",244.5,1,NA,15,14
30,31,"Elevation",1970.5,1,NA,15,15
32,33,"Horizontal_Distance_To_Hydrology",76,1,NA,15,16
34,35,"Wilderness_Area_2",0.5,1,NA,15,17
36,37,"Slope",18.5,1,NA,15,18
0,0,NA,0,-1,"3",15,19
38,39,"Wilderness_Area_2",0.5,1,NA,15,20
40,41,"Elevation",3300.5,1,NA,15,21
42,43,"Horizontal_Distance_To_Fire_Points",3202,1,NA,15,22
44,45,"Horizontal_Distance_To_Roadways",948,1,NA,15,23
46,47,"Hillshade_3pm",66.5,1,NA,15,24
48,49,"Soil_Type_2",0.5,1,NA,15,25
50,51,"Hillshade_Noon",228.5,1,NA,15,26
52,53,"Hillshade_9am",160.5,1,NA,15,27
54,55,"Slope",32.5,1,NA,15,28
0,0,NA,0,-1,"3",15,29
56,57,"Horizontal_Distance_To_Fire_Points",524,1,NA,15,30
58,59,"Horizontal_Distance_To_Hydrology",401.5,1,NA,15,31
60,61,"Soil_Type_12",0.5,1,NA,15,32
62,63,"Soil_Type_29",0.5,1,NA,15,33
64,65,"Horizontal_Distance_To_Roadways",3934.5,1,NA,15,34
66,67,"Horizontal_Distance_To_Hydrology",101.5,1,NA,15,35
68,69,"Horizontal_Distance_To_Fire_Points",744.5,1,NA,15,36
70,71,"Slope",29.5,1,NA,15,37
72,73,"Horizontal_Distance_To_Fire_Points",1279.5,1,NA,15,38
74,75,"Hillshade_Noon",213.5,1,NA,15,39
76,77,"Horizontal_Distance_To_Roadways",3429.5,1,NA,15,40
78,79,"Elevation",3357,1,NA,15,41
80,81,"Hillshade_Noon",238.5,1,NA,15,42
82,83,"Hillshade_3pm",107,1,NA,15,43
0,0,NA,0,-1,"7",15,44
84,85,"Hillshade_3pm",164,1,NA,15,45
0,0,NA,0,-1,"6",15,46
86,87,"Soil_Type_10",0.5,1,NA,15,47
88,89,"Soil_Type_10",0.5,1,NA,15,48
90,91,"Hillshade_9am",247,1,NA,15,49
92,93,"Soil_Type_11",0.5,1,NA,15,50
94,95,"Soil_Type_6",0.5,1,NA,15,51
0,0,NA,0,-1,"3",15,52
96,97,"Hillshade_3pm",149.5,1,NA,15,53
98,99,"Horizontal_Distance_To_Hydrology",15,1,NA,15,54
0,0,NA,0,-1,"3",15,55
0,0,NA,0,-1,"3",15,56
0,0,NA,0,-1,"6",15,57
0,0,NA,0,-1,"3",15,58
0,0,NA,0,-1,"3",15,59
0,0,NA,0,-1,"1",15,60
0,0,NA,0,-1,"2",15,61
0,0,NA,0,-1,"2",15,62
0,0,NA,0,-1,"2",15,63
0,0,NA,0,-1,"1",15,64
0,0,NA,0,-1,"7",15,65
0,0,NA,0,-1,"1",15,66
0,0,NA,0,-1,"7",15,67
0,0,NA,0,-1,"3",15,68
0,0,NA,0,-1,"3",15,69
0,0,NA,0,-1,"3",15,70
0,0,NA,0,-1,"3",15,71
0,0,NA,0,-1,"1",15,72
0,0,NA,0,-1,"1",15,73
0,0,NA,0,-1,"1",15,74
0,0,NA,0,-1,"1",15,75
0,0,NA,0,-1,"7",15,76
0,0,NA,0,-1,"1",15,77
0,0,NA,0,-1,"7",15,78
0,0,NA,0,-1,"7",15,79
0,0,NA,0,-1,"1",15,80
0,0,NA,0,-1,"1",15,81
0,0,NA,0,-1,"7",15,82
0,0,NA,0,-1,"1",15,83
0,0,NA,0,-1,"7",15,84
0,0,NA,0,-1,"1",15,85
0,0,NA,0,-1,"4",15,86
0,0,NA,0,-1,"4",15,87
0,0,NA,0,-1,"3",15,88
0,0,NA,0,-1,"3",15,89
0,0,NA,0,-1,"3",15,90
0,0,NA,0,-1,"6",15,91
0,0,NA,0,-1,"3",15,92
0,0,NA,0,-1,"6",15,93
0,0,NA,0,-1,"3",15,94
0,0,NA,0,-1,"3",15,95
0,0,NA,0,-1,"3",15,96
0,0,NA,0,-1,"6",15,97
0,0,NA,0,-1,"4",15,98
0,0,NA,0,-1,"4",15,99
2,3,"Soil_Type_12",0.5,1,NA,16,1
4,5,"Soil_Type_29",0.5,1,NA,16,2
6,7,"Hillshade_3pm",115.5,1,NA,16,3
8,9,"Elevation",3051.5,1,NA,16,4
10,11,"Wilderness_Area_1",0.5,1,NA,16,5
12,13,"Horizontal_Distance_To_Hydrology",101.5,1,NA,16,6
14,15,"Elevation",3009.5,1,NA,16,7
16,17,"Horizontal_Distance_To_Roadways",1291.5,1,NA,16,8
18,19,"Soil_Type_40",0.5,1,NA,16,9
0,0,NA,0,-1,"1",16,10
20,21,"Slope",22.5,1,NA,16,11
0,0,NA,0,-1,"2",16,12
0,0,NA,0,-1,"2",16,13
22,23,"Aspect",43.5,1,NA,16,14
24,25,"Aspect",91,1,NA,16,15
26,27,"Soil_Type_2",0.5,1,NA,16,16
28,29,"Soil_Type_31",0.5,1,NA,16,17
30,31,"Horizontal_Distance_To_Hydrology",196.5,1,NA,16,18
32,33,"Horizontal_Distance_To_Hydrology",996.5,1,NA,16,19
34,35,"Hillshade_3pm",129.5,1,NA,16,20
36,37,"Elevation",2997.5,1,NA,16,21
38,39,"Elevation",2683.5,1,NA,16,22
40,41,"Horizontal_Distance_To_Roadways",4921,1,NA,16,23
42,43,"Hillshade_9am",217.5,1,NA,16,24
44,45,"Horizontal_Distance_To_Hydrology",663.5,1,NA,16,25
46,47,"Wilderness_Area_3",0.5,1,NA,16,26
48,49,"Hillshade_Noon",205.5,1,NA,16,27
50,51,"Wilderness_Area_4",0.5,1,NA,16,28
52,53,"Aspect",198.5,1,NA,16,29
54,55,"Hillshade_3pm",124.5,1,NA,16,30
56,57,"Soil_Type_38",0.5,1,NA,16,31
58,59,"Wilderness_Area_1",0.5,1,NA,16,32
60,61,"Horizontal_Distance_To_Fire_Points",2246.5,1,NA,16,33
0,0,NA,0,-1,"2",16,34
62,63,"Slope",7.5,1,NA,16,35
64,65,"Horizontal_Distance_To_Roadways",501,1,NA,16,36
66,67,"Horizontal_Distance_To_Roadways",5350,1,NA,16,37
0,0,NA,0,-1,"2",16,38
68,69,"Horizontal_Distance_To_Hydrology",303,1,NA,16,39
0,0,NA,0,-1,"2",16,40
70,71,"Hillshade_3pm",152,1,NA,16,41
72,73,"Hillshade_Noon",219.5,1,NA,16,42
74,75,"Horizontal_Distance_To_Roadways",5368,1,NA,16,43
0,0,NA,0,-1,"2",16,44
0,0,NA,0,-1,"2",16,45
76,77,"Soil_Type_30",0.5,1,NA,16,46
78,79,"Soil_Type_33",0.5,1,NA,16,47
80,81,"Elevation",2454,1,NA,16,48
82,83,"Horizontal_Distance_To_Fire_Points",217,1,NA,16,49
84,85,"Horizontal_Distance_To_Fire_Points",2066.5,1,NA,16,50
86,87,"Hillshade_Noon",218.5,1,NA,16,51
88,89,"Vertical_Distance_To_Hydrology",9.5,1,NA,16,52
90,91,"Horizontal_Distance_To_Fire_Points",835,1,NA,16,53
92,93,"Hillshade_9am",245.5,1,NA,16,54
94,95,"Wilderness_Area_1",0.5,1,NA,16,55
96,97,"Elevation",3181.5,1,NA,16,56
98,99,"Wilderness_Area_3",0.5,1,NA,16,57
0,0,NA,0,-1,"7",16,58
0,0,NA,0,-1,"1",16,59
0,0,NA,0,-1,"1",16,60
0,0,NA,0,-1,"7",16,61
0,0,NA,0,-1,"2",16,62
0,0,NA,0,-1,"2",16,63
0,0,NA,0,-1,"1",16,64
0,0,NA,0,-1,"2",16,65
0,0,NA,0,-1,"1",16,66
0,0,NA,0,-1,"2",16,67
0,0,NA,0,-1,"2",16,68
0,0,NA,0,-1,"2",16,69
0,0,NA,0,-1,"2",16,70
0,0,NA,0,-1,"1",16,71
0,0,NA,0,-1,"1",16,72
0,0,NA,0,-1,"2",16,73
0,0,NA,0,-1,"1",16,74
0,0,NA,0,-1,"1",16,75
0,0,NA,0,-1,"3",16,76
0,0,NA,0,-1,"2",16,77
0,0,NA,0,-1,"2",16,78
0,0,NA,0,-1,"2",16,79
0,0,NA,0,-1,"3",16,80
0,0,NA,0,-1,"6",16,81
0,0,NA,0,-1,"6",16,82
0,0,NA,0,-1,"3",16,83
0,0,NA,0,-1,"2",16,84
0,0,NA,0,-1,"2",16,85
0,0,NA,0,-1,"3",16,86
0,0,NA,0,-1,"6",16,87
0,0,NA,0,-1,"2",16,88
0,0,NA,0,-1,"2",16,89
0,0,NA,0,-1,"2",16,90
0,0,NA,0,-1,"2",16,91
0,0,NA,0,-1,"1",16,92
0,0,NA,0,-1,"1",16,93
0,0,NA,0,-1,"1",16,94
0,0,NA,0,-1,"1",16,95
0,0,NA,0,-1,"1",16,96
0,0,NA,0,-1,"1",16,97
0,0,NA,0,-1,"1",16,98
0,0,NA,0,-1,"7",16,99
2,3,"Soil_Type_22",0.5,1,NA,17,1
4,5,"Soil_Type_38",0.5,1,NA,17,2
6,7,"Hillshade_Noon",239.5,1,NA,17,3
8,9,"Soil_Type_40",0.5,1,NA,17,4
10,11,"Horizontal_Distance_To_Fire_Points",933,1,NA,17,5
12,13,"Aspect",81.5,1,NA,17,6
0,0,NA,0,-1,"1",17,7
14,15,"Soil_Type_23",0.5,1,NA,17,8
16,17,"Horizontal_Distance_To_Fire_Points",2628.5,1,NA,17,9
18,19,"Elevation",3355.5,1,NA,17,10
20,21,"Slope",19.5,1,NA,17,11
22,23,"Hillshade_3pm",109.5,1,NA,17,12
24,25,"Elevation",2998.5,1,NA,17,13
26,27,"Soil_Type_12",0.5,1,NA,17,14
28,29,"Horizontal_Distance_To_Hydrology",263,1,NA,17,15
30,31,"Wilderness_Area_3",0.5,1,NA,17,16
0,0,NA,0,-1,"7",17,17
32,33,"Hillshade_Noon",250.5,1,NA,17,18
34,35,"Hillshade_Noon",247.5,1,NA,17,19
36,37,"Elevation",3363.5,1,NA,17,20
38,39,"Hillshade_9am",166.5,1,NA,17,21
40,41,"Vertical_Distance_To_Hydrology",37.5,1,NA,17,22
42,43,"Wilderness_Area_1",0.5,1,NA,17,23
44,45,"Aspect",216,1,NA,17,24
46,47,"Wilderness_Area_1",0.5,1,NA,17,25
48,49,"Soil_Type_29",0.5,1,NA,17,26
50,51,"Horizontal_Distance_To_Roadways",4921,1,NA,17,27
52,53,"Wilderness_Area_1",0.5,1,NA,17,28
54,55,"Hillshade_Noon",230.5,1,NA,17,29
56,57,"Hillshade_3pm",118.5,1,NA,17,30
58,59,"Horizontal_Distance_To_Roadways",1134.5,1,NA,17,31
60,61,"Elevation",3275,1,NA,17,32
0,0,NA,0,-1,"7",17,33
62,63,"Elevation",3369.5,1,NA,17,34
64,65,"Slope",9.5,1,NA,17,35
66,67,"Wilderness_Area_2",0.5,1,NA,17,36
68,69,"Hillshade_3pm",144.5,1,NA,17,37
70,71,"Wilderness_Area_1",0.5,1,NA,17,38
72,73,"Hillshade_Noon",216,1,NA,17,39
74,75,"Slope",18.5,1,NA,17,40
76,77,"Horizontal_Distance_To_Fire_Points",3053.5,1,NA,17,41
78,79,"Hillshade_9am",228.5,1,NA,17,42
0,0,NA,0,-1,"1",17,43
80,81,"Horizontal_Distance_To_Roadways",576.5,1,NA,17,44
82,83,"Horizontal_Distance_To_Hydrology",51,1,NA,17,45
84,85,"Hillshade_3pm",137.5,1,NA,17,46
86,87,"Hillshade_3pm",176,1,NA,17,47
88,89,"Soil_Type_13",0.5,1,NA,17,48
90,91,"Hillshade_Noon",226.5,1,NA,17,49
92,93,"Horizontal_Distance_To_Hydrology",157.5,1,NA,17,50
94,95,"Horizontal_Distance_To_Hydrology",537.5,1,NA,17,51
96,97,"Wilderness_Area_3",0.5,1,NA,17,52
0,0,NA,0,-1,"1",17,53
98,99,"Elevation",2927.5,1,NA,17,54
0,0,NA,0,-1,"2",17,55
0,0,NA,0,-1,"1",17,56
0,0,NA,0,-1,"1",17,57
0,0,NA,0,-1,"2",17,58
0,0,NA,0,-1,"7",17,59
0,0,NA,0,-1,"1",17,60
0,0,NA,0,-1,"1",17,61
0,0,NA,0,-1,"7",17,62
0,0,NA,0,-1,"7",17,63
0,0,NA,0,-1,"1",17,64
0,0,NA,0,-1,"1",17,65
0,0,NA,0,-1,"1",17,66
0,0,NA,0,-1,"1",17,67
0,0,NA,0,-1,"1",17,68
0,0,NA,0,-1,"7",17,69
0,0,NA,0,-1,"1",17,70
0,0,NA,0,-1,"1",17,71
0,0,NA,0,-1,"1",17,72
0,0,NA,0,-1,"2",17,73
0,0,NA,0,-1,"1",17,74
0,0,NA,0,-1,"1",17,75
0,0,NA,0,-1,"1",17,76
0,0,NA,0,-1,"1",17,77
0,0,NA,0,-1,"1",17,78
0,0,NA,0,-1,"1",17,79
0,0,NA,0,-1,"1",17,80
0,0,NA,0,-1,"2",17,81
0,0,NA,0,-1,"1",17,82
0,0,NA,0,-1,"1",17,83
0,0,NA,0,-1,"2",17,84
0,0,NA,0,-1,"1",17,85
0,0,NA,0,-1,"1",17,86
0,0,NA,0,-1,"1",17,87
0,0,NA,0,-1,"2",17,88
0,0,NA,0,-1,"2",17,89
0,0,NA,0,-1,"2",17,90
0,0,NA,0,-1,"2",17,91
0,0,NA,0,-1,"2",17,92
0,0,NA,0,-1,"2",17,93
0,0,NA,0,-1,"2",17,94
0,0,NA,0,-1,"2",17,95
0,0,NA,0,-1,"1",17,96
0,0,NA,0,-1,"1",17,97
0,0,NA,0,-1,"2",17,98
0,0,NA,0,-1,"1",17,99
2,3,"Wilderness_Area_2",0.5,1,NA,18,1
4,5,"Wilderness_Area_1",0.5,1,NA,18,2
6,7,"Soil_Type_40",0.5,1,NA,18,3
8,9,"Wilderness_Area_4",0.5,1,NA,18,4
10,11,"Soil_Type_38",0.5,1,NA,18,5
12,13,"Soil_Type_25",0.5,1,NA,18,6
14,15,"Hillshade_3pm",174,1,NA,18,7
16,17,"Soil_Type_4",0.5,1,NA,18,8
18,19,"Soil_Type_6",0.5,1,NA,18,9
20,21,"Soil_Type_39",0.5,1,NA,18,10
22,23,"Vertical_Distance_To_Hydrology",9.5,1,NA,18,11
24,25,"Soil_Type_19",0.5,1,NA,18,12
26,27,"Vertical_Distance_To_Hydrology",58,1,NA,18,13
0,0,NA,0,-1,"7",18,14
0,0,NA,0,-1,"1",18,15
28,29,"Soil_Type_38",0.5,1,NA,18,16
0,0,NA,0,-1,"3",18,17
30,31,"Horizontal_Distance_To_Hydrology",15,1,NA,18,18
0,0,NA,0,-1,"3",18,19
32,33,"Soil_Type_30",0.5,1,NA,18,20
34,35,"Hillshade_9am",213.5,1,NA,18,21
0,0,NA,0,-1,"1",18,22
36,37,"Horizontal_Distance_To_Fire_Points",2350.5,1,NA,18,23
38,39,"Soil_Type_33",0.5,1,NA,18,24
0,0,NA,0,-1,"1",18,25
0,0,NA,0,-1,"2",18,26
40,41,"Horizontal_Distance_To_Hydrology",542.5,1,NA,18,27
42,43,"Elevation",3042.5,1,NA,18,28
44,45,"Hillshade_Noon",235.5,1,NA,18,29
46,47,"Soil_Type_10",0.5,1,NA,18,30
48,49,"Elevation",2492.5,1,NA,18,31
50,51,"Soil_Type_22",0.5,1,NA,18,32
52,53,"Horizontal_Distance_To_Roadways",420.5,1,NA,18,33
54,55,"Hillshade_Noon",237.5,1,NA,18,34
56,57,"Horizontal_Distance_To_Roadways",1999,1,NA,18,35
58,59,"Hillshade_9am",226.5,1,NA,18,36
60,61,"Horizontal_Distance_To_Hydrology",327,1,NA,18,37
62,63,"Elevation",3361.5,1,NA,18,38
0,0,NA,0,-1,"1",18,39
0,0,NA,0,-1,"1",18,40
0,0,NA,0,-1,"2",18,41
64,65,"Soil_Type_22",0.5,1,NA,18,42
66,67,"Elevation",3325.5,1,NA,18,43
68,69,"Horizontal_Distance_To_Hydrology",166,1,NA,18,44
0,0,NA,0,-1,"1",18,45
70,71,"Hillshade_9am",188.5,1,NA,18,46
0,0,NA,0,-1,"3",18,47
72,73,"Hillshade_3pm",92.5,1,NA,18,48
74,75,"Slope",20.5,1,NA,18,49
76,77,"Elevation",3041.5,1,NA,18,50
78,79,"Hillshade_9am",203.5,1,NA,18,51
0,0,NA,0,-1,"5",18,52
80,81,"Hillshade_Noon",235.5,1,NA,18,53
0,0,NA,0,-1,"1",18,54
0,0,NA,0,-1,"1",18,55
82,83,"Horizontal_Distance_To_Roadways",1492,1,NA,18,56
84,85,"Horizontal_Distance_To_Fire_Points",4240,1,NA,18,57
86,87,"Hillshade_Noon",174,1,NA,18,58
0,0,NA,0,-1,"1",18,59
0,0,NA,0,-1,"7",18,60
0,0,NA,0,-1,"1",18,61
88,89,"Aspect",140.5,1,NA,18,62
90,91,"Horizontal_Distance_To_Roadways",1034,1,NA,18,63
92,93,"Soil_Type_17",0.5,1,NA,18,64
0,0,NA,0,-1,"1",18,65
94,95,"Horizontal_Distance_To_Roadways",903,1,NA,18,66
96,97,"Soil_Type_33",0.5,1,NA,18,67
98,99,"Hillshade_Noon",223.5,1,NA,18,68
0,0,NA,0,-1,"7",18,69
0,0,NA,0,-1,"3",18,70
0,0,NA,0,-1,"4",18,71
0,0,NA,0,-1,"3",18,72
0,0,NA,0,-1,"3",18,73
0,0,NA,0,-1,"2",18,74
0,0,NA,0,-1,"3",18,75
0,0,NA,0,-1,"2",18,76
0,0,NA,0,-1,"1",18,77
0,0,NA,0,-1,"1",18,78
0,0,NA,0,-1,"1",18,79
0,0,NA,0,-1,"2",18,80
0,0,NA,0,-1,"2",18,81
0,0,NA,0,-1,"1",18,82
0,0,NA,0,-1,"1",18,83
0,0,NA,0,-1,"1",18,84
0,0,NA,0,-1,"1",18,85
0,0,NA,0,-1,"2",18,86
0,0,NA,0,-1,"1",18,87
0,0,NA,0,-1,"1",18,88
0,0,NA,0,-1,"1",18,89
0,0,NA,0,-1,"7",18,90
0,0,NA,0,-1,"1",18,91
0,0,NA,0,-1,"2",18,92
0,0,NA,0,-1,"2",18,93
0,0,NA,0,-1,"2",18,94
0,0,NA,0,-1,"1",18,95
0,0,NA,0,-1,"7",18,96
0,0,NA,0,-1,"7",18,97
0,0,NA,0,-1,"7",18,98
0,0,NA,0,-1,"1",18,99
2,3,"Soil_Type_10",0.5,1,NA,19,1
4,5,"Soil_Type_12",0.5,1,NA,19,2
0,0,NA,0,-1,"3",19,3
6,7,"Soil_Type_6",0.5,1,NA,19,4
8,9,"Hillshade_Noon",209.5,1,NA,19,5
10,11,"Soil_Type_29",0.5,1,NA,19,6
0,0,NA,0,-1,"3",19,7
0,0,NA,0,-1,"2",19,8
12,13,"Horizontal_Distance_To_Roadways",4948,1,NA,19,9
14,15,"Soil_Type_39",0.5,1,NA,19,10
16,17,"Hillshade_3pm",91.5,1,NA,19,11
18,19,"Slope",18.5,1,NA,19,12
20,21,"Horizontal_Distance_To_Fire_Points",5124.5,1,NA,19,13
22,23,"Elevation",3042.5,1,NA,19,14
24,25,"Horizontal_Distance_To_Roadways",2732.5,1,NA,19,15
26,27,"Horizontal_Distance_To_Hydrology",521.5,1,NA,19,16
0,0,NA,0,-1,"2",19,17
28,29,"Hillshade_3pm",124.5,1,NA,19,18
0,0,NA,0,-1,"2",19,19
0,0,NA,0,-1,"2",19,20
30,31,"Horizontal_Distance_To_Hydrology",460,1,NA,19,21
32,33,"Soil_Type_32",0.5,1,NA,19,22
34,35,"Soil_Type_38",0.5,1,NA,19,23
36,37,"Wilderness_Area_2",0.5,1,NA,19,24
38,39,"Horizontal_Distance_To_Fire_Points",1824.5,1,NA,19,25
0,0,NA,0,-1,"2",19,26
40,41,"Horizontal_Distance_To_Fire_Points",1795.5,1,NA,19,27
42,43,"Aspect",103.5,1,NA,19,28
44,45,"Elevation",2882.5,1,NA,19,29
46,47,"Vertical_Distance_To_Hydrology",37.5,1,NA,19,30
0,0,NA,0,-1,"2",19,31
48,49,"Elevation",2559.5,1,NA,19,32
50,51,"Hillshade_Noon",230.5,1,NA,19,33
52,53,"Elevation",3319.5,1,NA,19,34
54,55,"Vertical_Distance_To_Hydrology",172.5,1,NA,19,35
0,0,NA,0,-1,"7",19,36
0,0,NA,0,-1,"7",19,37
56,57,"Horizontal_Distance_To_Roadways",3754.5,1,NA,19,38
58,59,"Hillshade_Noon",218.5,1,NA,19,39
60,61,"Aspect",94.5,1,NA,19,40
62,63,"Hillshade_3pm",82,1,NA,19,41
64,65,"Vertical_Distance_To_Hydrology",66.5,1,NA,19,42
66,67,"Horizontal_Distance_To_Hydrology",302,1,NA,19,43
68,69,"Slope",12.5,1,NA,19,44
70,71,"Hillshade_3pm",148.5,1,NA,19,45
72,73,"Hillshade_3pm",109,1,NA,19,46
74,75,"Slope",12.5,1,NA,19,47
76,77,"Wilderness_Area_1",0.5,1,NA,19,48
78,79,"Horizontal_Distance_To_Hydrology",101.5,1,NA,19,49
80,81,"Aspect",46.5,1,NA,19,50
82,83,"Vertical_Distance_To_Hydrology",25.5,1,NA,19,51
84,85,"Soil_Type_22",0.5,1,NA,19,52
86,87,"Soil_Type_22",0.5,1,NA,19,53
88,89,"Horizontal_Distance_To_Roadways",5330,1,NA,19,54
90,91,"Hillshade_9am",220.5,1,NA,19,55
92,93,"Wilderness_Area_3",0.5,1,NA,19,56
94,95,"Horizontal_Distance_To_Fire_Points",1778.5,1,NA,19,57
96,97,"Hillshade_Noon",199.5,1,NA,19,58
98,99,"Wilderness_Area_1",0.5,1,NA,19,59
0,0,NA,0,-1,"1",19,60
0,0,NA,0,-1,"2",19,61
0,0,NA,0,-1,"1",19,62
0,0,NA,0,-1,"1",19,63
0,0,NA,0,-1,"2",19,64
0,0,NA,0,-1,"2",19,65
0,0,NA,0,-1,"2",19,66
0,0,NA,0,-1,"2",19,67
0,0,NA,0,-1,"2",19,68
0,0,NA,0,-1,"2",19,69
0,0,NA,0,-1,"2",19,70
0,0,NA,0,-1,"2",19,71
0,0,NA,0,-1,"1",19,72
0,0,NA,0,-1,"2",19,73
0,0,NA,0,-1,"1",19,74
0,0,NA,0,-1,"2",19,75
0,0,NA,0,-1,"3",19,76
0,0,NA,0,-1,"2",19,77
0,0,NA,0,-1,"2",19,78
0,0,NA,0,-1,"2",19,79
0,0,NA,0,-1,"2",19,80
0,0,NA,0,-1,"2",19,81
0,0,NA,0,-1,"2",19,82
0,0,NA,0,-1,"2",19,83
0,0,NA,0,-1,"1",19,84
0,0,NA,0,-1,"1",19,85
0,0,NA,0,-1,"1",19,86
0,0,NA,0,-1,"1",19,87
0,0,NA,0,-1,"1",19,88
0,0,NA,0,-1,"1",19,89
0,0,NA,0,-1,"7",19,90
0,0,NA,0,-1,"7",19,91
0,0,NA,0,-1,"1",19,92
0,0,NA,0,-1,"1",19,93
0,0,NA,0,-1,"1",19,94
0,0,NA,0,-1,"2",19,95
0,0,NA,0,-1,"1",19,96
0,0,NA,0,-1,"7",19,97
0,0,NA,0,-1,"7",19,98
0,0,NA,0,-1,"1",19,99
2,3,"Soil_Type_23",0.5,1,NA,20,1
4,5,"Soil_Type_10",0.5,1,NA,20,2
6,7,"Vertical_Distance_To_Hydrology",83.5,1,NA,20,3
8,9,"Soil_Type_38",0.5,1,NA,20,4
10,11,"Hillshade_9am",199.5,1,NA,20,5
12,13,"Elevation",2944.5,1,NA,20,6
14,15,"Elevation",3277.5,1,NA,20,7
16,17,"Soil_Type_40",0.5,1,NA,20,8
18,19,"Wilderness_Area_3",0.5,1,NA,20,9
20,21,"Horizontal_Distance_To_Fire_Points",1419.5,1,NA,20,10
22,23,"Horizontal_Distance_To_Fire_Points",2581,1,NA,20,11
24,25,"Hillshade_3pm",142.5,1,NA,20,12
26,27,"Horizontal_Distance_To_Fire_Points",3322.5,1,NA,20,13
28,29,"Horizontal_Distance_To_Fire_Points",2203.5,1,NA,20,14
0,0,NA,0,-1,"1",20,15
30,31,"Wilderness_Area_1",0.5,1,NA,20,16
0,0,NA,0,-1,"1",20,17
32,33,"Hillshade_9am",218.5,1,NA,20,18
0,0,NA,0,-1,"7",20,19
34,35,"Hillshade_Noon",197.5,1,NA,20,20
36,37,"Wilderness_Area_3",0.5,1,NA,20,21
38,39,"Hillshade_Noon",187.5,1,NA,20,22
40,41,"Hillshade_9am",203.5,1,NA,20,23
42,43,"Aspect",77.5,1,NA,20,24
44,45,"Hillshade_9am",181.5,1,NA,20,25
46,47,"Elevation",3081.5,1,NA,20,26
48,49,"Wilderness_Area_1",0.5,1,NA,20,27
50,51,"Hillshade_Noon",248.5,1,NA,20,28
52,53,"Horizontal_Distance_To_Roadways",2345.5,1,NA,20,29
54,55,"Wilderness_Area_3",0.5,1,NA,20,30
56,57,"Hillshade_Noon",199.5,1,NA,20,31
58,59,"Vertical_Distance_To_Hydrology",15.5,1,NA,20,32
60,61,"Vertical_Distance_To_Hydrology",34,1,NA,20,33
62,63,"Horizontal_Distance_To_Fire_Points",682,1,NA,20,34
64,65,"Hillshade_9am",129.5,1,NA,20,35
66,67,"Hillshade_3pm",190.5,1,NA,20,36
68,69,"Hillshade_Noon",227,1,NA,20,37
70,71,"Hillshade_Noon",170,1,NA,20,38
72,73,"Elevation",2625.5,1,NA,20,39
0,0,NA,0,-1,"6",20,40
0,0,NA,0,-1,"1",20,41
74,75,"Wilderness_Area_3",0.5,1,NA,20,42
76,77,"Wilderness_Area_1",0.5,1,NA,20,43
78,79,"Hillshade_3pm",197.5,1,NA,20,44
80,81,"Vertical_Distance_To_Hydrology",-1.5,1,NA,20,45
82,83,"Vertical_Distance_To_Hydrology",8.5,1,NA,20,46
84,85,"Horizontal_Distance_To_Roadways",980,1,NA,20,47
86,87,"Horizontal_Distance_To_Roadways",4473.5,1,NA,20,48
88,89,"Horizontal_Distance_To_Hydrology",191,1,NA,20,49
90,91,"Hillshade_Noon",239,1,NA,20,50
0,0,NA,0,-1,"2",20,51
92,93,"Wilderness_Area_3",0.5,1,NA,20,52
0,0,NA,0,-1,"1",20,53
94,95,"Wilderness_Area_2",0.5,1,NA,20,54
96,97,"Elevation",3041.5,1,NA,20,55
98,99,"Horizontal_Distance_To_Roadways",390.5,1,NA,20,56
0,0,NA,0,-1,"2",20,57
0,0,NA,0,-1,"1",20,58
0,0,NA,0,-1,"1",20,59
0,0,NA,0,-1,"1",20,60
0,0,NA,0,-1,"1",20,61
0,0,NA,0,-1,"3",20,62
0,0,NA,0,-1,"3",20,63
0,0,NA,0,-1,"3",20,64
0,0,NA,0,-1,"6",20,65
0,0,NA,0,-1,"3",20,66
0,0,NA,0,-1,"3",20,67
0,0,NA,0,-1,"2",20,68
0,0,NA,0,-1,"2",20,69
0,0,NA,0,-1,"3",20,70
0,0,NA,0,-1,"2",20,71
0,0,NA,0,-1,"6",20,72
0,0,NA,0,-1,"2",20,73
0,0,NA,0,-1,"2",20,74
0,0,NA,0,-1,"2",20,75
0,0,NA,0,-1,"2",20,76
0,0,NA,0,-1,"2",20,77
0,0,NA,0,-1,"2",20,78
0,0,NA,0,-1,"5",20,79
0,0,NA,0,-1,"2",20,80
0,0,NA,0,-1,"2",20,81
0,0,NA,0,-1,"1",20,82
0,0,NA,0,-1,"1",20,83
0,0,NA,0,-1,"1",20,84
0,0,NA,0,-1,"1",20,85
0,0,NA,0,-1,"1",20,86
0,0,NA,0,-1,"7",20,87
0,0,NA,0,-1,"1",20,88
0,0,NA,0,-1,"1",20,89
0,0,NA,0,-1,"2",20,90
0,0,NA,0,-1,"1",20,91
0,0,NA,0,-1,"2",20,92
0,0,NA,0,-1,"2",20,93
0,0,NA,0,-1,"3",20,94
0,0,NA,0,-1,"1",20,95
0,0,NA,0,-1,"2",20,96
0,0,NA,0,-1,"1",20,97
0,0,NA,0,-1,"5",20,98
0,0,NA,0,-1,"1",20,99
2,3,"Slope",20.5,1,NA,21,1
4,5,"Wilderness_Area_4",0.5,1,NA,21,2
6,7,"Elevation",2590.5,1,NA,21,3
8,9,"Soil_Type_2",0.5,1,NA,21,4
10,11,"Horizontal_Distance_To_Hydrology",15,1,NA,21,5
12,13,"Soil_Type_4",0.5,1,NA,21,6
14,15,"Soil_Type_22",0.5,1,NA,21,7
16,17,"Soil_Type_38",0.5,1,NA,21,8
18,19,"Aspect",48.5,1,NA,21,9
20,21,"Horizontal_Distance_To_Fire_Points",883.5,1,NA,21,10
22,23,"Soil_Type_10",0.5,1,NA,21,11
24,25,"Wilderness_Area_3",0.5,1,NA,21,12
26,27,"Vertical_Distance_To_Hydrology",40,1,NA,21,13
28,29,"Soil_Type_30",0.5,1,NA,21,14
30,31,"Hillshade_3pm",165.5,1,NA,21,15
32,33,"Soil_Type_35",0.5,1,NA,21,16
34,35,"Wilderness_Area_3",0.5,1,NA,21,17
36,37,"Horizontal_Distance_To_Fire_Points",1040.5,1,NA,21,18
38,39,"Horizontal_Distance_To_Hydrology",122,1,NA,21,19
40,41,"Soil_Type_1",0.5,1,NA,21,20
0,0,NA,0,-1,"4",21,21
42,43,"Hillshade_9am",219.5,1,NA,21,22
0,0,NA,0,-1,"6",21,23
44,45,"Soil_Type_3",0.5,1,NA,21,24
46,47,"Hillshade_Noon",245.5,1,NA,21,25
48,49,"Wilderness_Area_3",0.5,1,NA,21,26
50,51,"Horizontal_Distance_To_Fire_Points",438,1,NA,21,27
52,53,"Horizontal_Distance_To_Fire_Points",2292,1,NA,21,28
54,55,"Horizontal_Distance_To_Fire_Points",3455,1,NA,21,29
56,57,"Hillshade_Noon",208.5,1,NA,21,30
58,59,"Hillshade_Noon",249.5,1,NA,21,31
60,61,"Wilderness_Area_2",0.5,1,NA,21,32
62,63,"Wilderness_Area_3",0.5,1,NA,21,33
64,65,"Hillshade_Noon",210.5,1,NA,21,34
66,67,"Hillshade_3pm",189.5,1,NA,21,35
68,69,"Horizontal_Distance_To_Hydrology",329,1,NA,21,36
70,71,"Hillshade_Noon",226.5,1,NA,21,37
72,73,"Vertical_Distance_To_Hydrology",16,1,NA,21,38
74,75,"Aspect",310.5,1,NA,21,39
76,77,"Aspect",155,1,NA,21,40
0,0,NA,0,-1,"6",21,41
78,79,"Horizontal_Distance_To_Fire_Points",1552.5,1,NA,21,42
80,81,"Horizontal_Distance_To_Fire_Points",1019.5,1,NA,21,43
82,83,"Elevation",2469.5,1,NA,21,44
84,85,"Elevation",2061.5,1,NA,21,45
86,87,"Soil_Type_20",0.5,1,NA,21,46
88,89,"Aspect",214.5,1,NA,21,47
90,91,"Hillshade_9am",231.5,1,NA,21,48
92,93,"Horizontal_Distance_To_Hydrology",15,1,NA,21,49
94,95,"Slope",32.5,1,NA,21,50
0,0,NA,0,-1,"3",21,51
96,97,"Elevation",3006.5,1,NA,21,52
98,99,"Soil_Type_4",0.5,1,NA,21,53
0,0,NA,0,-1,"2",21,54
0,0,NA,0,-1,"2",21,55
0,0,NA,0,-1,"1",21,56
0,0,NA,0,-1,"2",21,57
0,0,NA,0,-1,"1",21,58
0,0,NA,0,-1,"1",21,59
0,0,NA,0,-1,"2",21,60
0,0,NA,0,-1,"1",21,61
0,0,NA,0,-1,"1",21,62
0,0,NA,0,-1,"7",21,63
0,0,NA,0,-1,"1",21,64
0,0,NA,0,-1,"1",21,65
0,0,NA,0,-1,"7",21,66
0,0,NA,0,-1,"1",21,67
0,0,NA,0,-1,"3",21,68
0,0,NA,0,-1,"2",21,69
0,0,NA,0,-1,"6",21,70
0,0,NA,0,-1,"5",21,71
0,0,NA,0,-1,"3",21,72
0,0,NA,0,-1,"2",21,73
0,0,NA,0,-1,"3",21,74
0,0,NA,0,-1,"2",21,75
0,0,NA,0,-1,"4",21,76
0,0,NA,0,-1,"3",21,77
0,0,NA,0,-1,"3",21,78
0,0,NA,0,-1,"3",21,79
0,0,NA,0,-1,"3",21,80
0,0,NA,0,-1,"3",21,81
0,0,NA,0,-1,"3",21,82
0,0,NA,0,-1,"2",21,83
0,0,NA,0,-1,"3",21,84
0,0,NA,0,-1,"3",21,85
0,0,NA,0,-1,"2",21,86
0,0,NA,0,-1,"3",21,87
0,0,NA,0,-1,"2",21,88
0,0,NA,0,-1,"3",21,89
0,0,NA,0,-1,"3",21,90
0,0,NA,0,-1,"6",21,91
0,0,NA,0,-1,"6",21,92
0,0,NA,0,-1,"3",21,93
0,0,NA,0,-1,"3",21,94
0,0,NA,0,-1,"3",21,95
0,0,NA,0,-1,"2",21,96
0,0,NA,0,-1,"1",21,97
0,0,NA,0,-1,"1",21,98
0,0,NA,0,-1,"3",21,99
2,3,"Elevation",3041.5,1,NA,22,1
4,5,"Wilderness_Area_4",0.5,1,NA,22,2
6,7,"Hillshade_Noon",238.5,1,NA,22,3
8,9,"Horizontal_Distance_To_Hydrology",76,1,NA,22,4
10,11,"Elevation",2492.5,1,NA,22,5
12,13,"Soil_Type_40",0.5,1,NA,22,6
14,15,"Horizontal_Distance_To_Hydrology",321,1,NA,22,7
16,17,"Elevation",2918.5,1,NA,22,8
18,19,"Soil_Type_12",0.5,1,NA,22,9
20,21,"Soil_Type_14",0.5,1,NA,22,10
22,23,"Elevation",2537.5,1,NA,22,11
24,25,"Soil_Type_29",0.5,1,NA,22,12
26,27,"Hillshade_3pm",128.5,1,NA,22,13
28,29,"Soil_Type_38",0.5,1,NA,22,14
30,31,"Horizontal_Distance_To_Roadways",5859,1,NA,22,15
32,33,"Horizontal_Distance_To_Fire_Points",3270.5,1,NA,22,16
34,35,"Soil_Type_22",0.5,1,NA,22,17
36,37,"Soil_Type_2",0.5,1,NA,22,18
38,39,"Elevation",3003,1,NA,22,19
40,41,"Horizontal_Distance_To_Hydrology",15,1,NA,22,20
42,43,"Slope",9.5,1,NA,22,21
44,45,"Hillshade_Noon",196.5,1,NA,22,22
0,0,NA,0,-1,"2",22,23
46,47,"Soil_Type_22",0.5,1,NA,22,24
48,49,"Horizontal_Distance_To_Hydrology",151.5,1,NA,22,25
50,51,"Hillshade_3pm",31,1,NA,22,26
52,53,"Wilderness_Area_2",0.5,1,NA,22,27
54,55,"Soil_Type_30",0.5,1,NA,22,28
56,57,"Horizontal_Distance_To_Hydrology",298.5,1,NA,22,29
58,59,"Horizontal_Distance_To_Roadways",988.5,1,NA,22,30
60,61,"Hillshade_9am",169.5,1,NA,22,31
62,63,"Soil_Type_20",0.5,1,NA,22,32
64,65,"Elevation",2848,1,NA,22,33
66,67,"Soil_Type_23",0.5,1,NA,22,34
68,69,"Horizontal_Distance_To_Hydrology",51,1,NA,22,35
70,71,"Hillshade_9am",245.5,1,NA,22,36
72,73,"Hillshade_3pm",155.5,1,NA,22,37
74,75,"Slope",12.5,1,NA,22,38
0,0,NA,0,-1,"2",22,39
76,77,"Aspect",223.5,1,NA,22,40
78,79,"Soil_Type_1",0.5,1,NA,22,41
80,81,"Elevation",2224,1,NA,22,42
82,83,"Hillshade_Noon",203,1,NA,22,43
0,0,NA,0,-1,"3",22,44
84,85,"Soil_Type_6",0.5,1,NA,22,45
86,87,"Hillshade_3pm",124.5,1,NA,22,46
88,89,"Elevation",3192.5,1,NA,22,47
90,91,"Horizontal_Distance_To_Fire_Points",3121.5,1,NA,22,48
92,93,"Vertical_Distance_To_Hydrology",-64.5,1,NA,22,49
94,95,"Horizontal_Distance_To_Hydrology",581.5,1,NA,22,50
96,97,"Hillshade_Noon",207.5,1,NA,22,51
98,99,"Wilderness_Area_3",0.5,1,NA,22,52
0,0,NA,0,-1,"7",22,53
0,0,NA,0,-1,"1",22,54
0,0,NA,0,-1,"1",22,55
0,0,NA,0,-1,"1",22,56
0,0,NA,0,-1,"7",22,57
0,0,NA,0,-1,"2",22,58
0,0,NA,0,-1,"1",22,59
0,0,NA,0,-1,"2",22,60
0,0,NA,0,-1,"2",22,61
0,0,NA,0,-1,"2",22,62
0,0,NA,0,-1,"2",22,63
0,0,NA,0,-1,"2",22,64
0,0,NA,0,-1,"2",22,65
0,0,NA,0,-1,"2",22,66
0,0,NA,0,-1,"1",22,67
0,0,NA,0,-1,"1",22,68
0,0,NA,0,-1,"1",22,69
0,0,NA,0,-1,"2",22,70
0,0,NA,0,-1,"2",22,71
0,0,NA,0,-1,"3",22,72
0,0,NA,0,-1,"3",22,73
0,0,NA,0,-1,"2",22,74
0,0,NA,0,-1,"2",22,75
0,0,NA,0,-1,"4",22,76
0,0,NA,0,-1,"3",22,77
0,0,NA,0,-1,"3",22,78
0,0,NA,0,-1,"3",22,79
0,0,NA,0,-1,"4",22,80
0,0,NA,0,-1,"6",22,81
0,0,NA,0,-1,"3",22,82
0,0,NA,0,-1,"6",22,83
0,0,NA,0,-1,"2",22,84
0,0,NA,0,-1,"2",22,85
0,0,NA,0,-1,"1",22,86
0,0,NA,0,-1,"1",22,87
0,0,NA,0,-1,"1",22,88
0,0,NA,0,-1,"1",22,89
0,0,NA,0,-1,"1",22,90
0,0,NA,0,-1,"1",22,91
0,0,NA,0,-1,"1",22,92
0,0,NA,0,-1,"1",22,93
0,0,NA,0,-1,"7",22,94
0,0,NA,0,-1,"1",22,95
0,0,NA,0,-1,"1",22,96
0,0,NA,0,-1,"1",22,97
0,0,NA,0,-1,"1",22,98
0,0,NA,0,-1,"7",22,99
2,3,"Soil_Type_12",0.5,1,NA,23,1
4,5,"Soil_Type_4",0.5,1,NA,23,2
0,0,NA,0,-1,"2",23,3
6,7,"Soil_Type_29",0.5,1,NA,23,4
8,9,"Vertical_Distance_To_Hydrology",110.5,1,NA,23,5
10,11,"Soil_Type_10",0.5,1,NA,23,6
0,0,NA,0,-1,"2",23,7
0,0,NA,0,-1,"3",23,8
12,13,"Hillshade_3pm",102.5,1,NA,23,9
14,15,"Soil_Type_13",0.5,1,NA,23,10
16,17,"Slope",21.5,1,NA,23,11
18,19,"Hillshade_3pm",83.5,1,NA,23,12
20,21,"Elevation",2712,1,NA,23,13
22,23,"Wilderness_Area_4",0.5,1,NA,23,14
24,25,"Elevation",2571,1,NA,23,15
0,0,NA,0,-1,"2",23,16
26,27,"Elevation",2435.5,1,NA,23,17
0,0,NA,0,-1,"3",23,18
28,29,"Horizontal_Distance_To_Fire_Points",1393,1,NA,23,19
0,0,NA,0,-1,"3",23,20
30,31,"Horizontal_Distance_To_Roadways",1134.5,1,NA,23,21
32,33,"Soil_Type_2",0.5,1,NA,23,22
34,35,"Horizontal_Distance_To_Hydrology",15,1,NA,23,23
36,37,"Aspect",43.5,1,NA,23,24
38,39,"Horizontal_Distance_To_Hydrology",87.5,1,NA,23,25
40,41,"Aspect",279.5,1,NA,23,26
42,43,"Elevation",2587,1,NA,23,27
0,0,NA,0,-1,"3",23,28
44,45,"Hillshade_Noon",223.5,1,NA,23,29
46,47,"Hillshade_Noon",239.5,1,NA,23,30
48,49,"Hillshade_3pm",128.5,1,NA,23,31
50,51,"Soil_Type_11",0.5,1,NA,23,32
52,53,"Horizontal_Distance_To_Fire_Points",1351.5,1,NA,23,33
54,55,"Soil_Type_17",0.5,1,NA,23,34
56,57,"Slope",13.5,1,NA,23,35
0,0,NA,0,-1,"6",23,36
0,0,NA,0,-1,"3",23,37
58,59,"Vertical_Distance_To_Hydrology",11.5,1,NA,23,38
60,61,"Horizontal_Distance_To_Roadways",528,1,NA,23,39
62,63,"Vertical_Distance_To_Hydrology",61.5,1,NA,23,40
64,65,"Horizontal_Distance_To_Roadways",377.5,1,NA,23,41
66,67,"Horizontal_Distance_To_Fire_Points",1201,1,NA,23,42
68,69,"Hillshade_9am",161.5,1,NA,23,43
0,0,NA,0,-1,"2",23,44
70,71,"Elevation",2813,1,NA,23,45
0,0,NA,0,-1,"2",23,46
72,73,"Hillshade_9am",192,1,NA,23,47
74,75,"Horizontal_Distance_To_Roadways",2153.5,1,NA,23,48
76,77,"Slope",16.5,1,NA,23,49
78,79,"Horizontal_Distance_To_Fire_Points",4461.5,1,NA,23,50
0,0,NA,0,-1,"2",23,51
80,81,"Aspect",71,1,NA,23,52
0,0,NA,0,-1,"3",23,53
82,83,"Aspect",210.5,1,NA,23,54
84,85,"Hillshade_Noon",239,1,NA,23,55
86,87,"Horizontal_Distance_To_Roadways",1596,1,NA,23,56
88,89,"Hillshade_3pm",100.5,1,NA,23,57
90,91,"Hillshade_3pm",154,1,NA,23,58
92,93,"Hillshade_3pm",229.5,1,NA,23,59
94,95,"Hillshade_3pm",162,1,NA,23,60
96,97,"Hillshade_9am",238.5,1,NA,23,61
98,99,"Vertical_Distance_To_Hydrology",41.5,1,NA,23,62
0,0,NA,0,-1,"3",23,63
0,0,NA,0,-1,"3",23,64
0,0,NA,0,-1,"3",23,65
0,0,NA,0,-1,"6",23,66
0,0,NA,0,-1,"2",23,67
0,0,NA,0,-1,"6",23,68
0,0,NA,0,-1,"2",23,69
0,0,NA,0,-1,"3",23,70
0,0,NA,0,-1,"2",23,71
0,0,NA,0,-1,"2",23,72
0,0,NA,0,-1,"5",23,73
0,0,NA,0,-1,"2",23,74
0,0,NA,0,-1,"7",23,75
0,0,NA,0,-1,"2",23,76
0,0,NA,0,-1,"2",23,77
0,0,NA,0,-1,"1",23,78
0,0,NA,0,-1,"2",23,79
0,0,NA,0,-1,"3",23,80
0,0,NA,0,-1,"3",23,81
0,0,NA,0,-1,"4",23,82
0,0,NA,0,-1,"3",23,83
0,0,NA,0,-1,"4",23,84
0,0,NA,0,-1,"3",23,85
0,0,NA,0,-1,"3",23,86
0,0,NA,0,-1,"6",23,87
0,0,NA,0,-1,"3",23,88
0,0,NA,0,-1,"3",23,89
0,0,NA,0,-1,"2",23,90
0,0,NA,0,-1,"1",23,91
0,0,NA,0,-1,"2",23,92
0,0,NA,0,-1,"1",23,93
0,0,NA,0,-1,"5",23,94
0,0,NA,0,-1,"2",23,95
0,0,NA,0,-1,"2",23,96
0,0,NA,0,-1,"2",23,97
0,0,NA,0,-1,"3",23,98
0,0,NA,0,-1,"6",23,99
2,3,"Wilderness_Area_4",0.5,1,NA,24,1
4,5,"Soil_Type_2",0.5,1,NA,24,2
6,7,"Horizontal_Distance_To_Hydrology",15,1,NA,24,3
8,9,"Soil_Type_12",0.5,1,NA,24,4
10,11,"Elevation",2480,1,NA,24,5
12,13,"Hillshade_9am",203,1,NA,24,6
14,15,"Soil_Type_14",0.5,1,NA,24,7
16,17,"Soil_Type_39",0.5,1,NA,24,8
18,19,"Horizontal_Distance_To_Roadways",4921,1,NA,24,9
20,21,"Hillshade_9am",167,1,NA,24,10
22,23,"Horizontal_Distance_To_Roadways",2348,1,NA,24,11
24,25,"Soil_Type_5",0.5,1,NA,24,12
26,27,"Elevation",2341.5,1,NA,24,13
28,29,"Soil_Type_3",0.5,1,NA,24,14
30,31,"Horizontal_Distance_To_Roadways",786.5,1,NA,24,15
32,33,"Soil_Type_4",0.5,1,NA,24,16
34,35,"Hillshade_3pm",146.5,1,NA,24,17
36,37,"Vertical_Distance_To_Hydrology",81,1,NA,24,18
38,39,"Horizontal_Distance_To_Fire_Points",5202.5,1,NA,24,19
0,0,NA,0,-1,"6",24,20
40,41,"Slope",10.5,1,NA,24,21
0,0,NA,0,-1,"3",24,22
42,43,"Horizontal_Distance_To_Hydrology",299,1,NA,24,23
44,45,"Hillshade_9am",153,1,NA,24,24
0,0,NA,0,-1,"6",24,25
46,47,"Hillshade_Noon",176.5,1,NA,24,26
48,49,"Horizontal_Distance_To_Roadways",786.5,1,NA,24,27
50,51,"Soil_Type_6",0.5,1,NA,24,28
52,53,"Elevation",2326,1,NA,24,29
54,55,"Horizontal_Distance_To_Fire_Points",385,1,NA,24,30
56,57,"Horizontal_Distance_To_Fire_Points",496,1,NA,24,31
58,59,"Soil_Type_10",0.5,1,NA,24,32
60,61,"Horizontal_Distance_To_Fire_Points",1356.5,1,NA,24,33
62,63,"Horizontal_Distance_To_Roadways",1036,1,NA,24,34
64,65,"Wilderness_Area_1",0.5,1,NA,24,35
66,67,"Horizontal_Distance_To_Roadways",2550.5,1,NA,24,36
0,0,NA,0,-1,"2",24,37
68,69,"Hillshade_9am",218.5,1,NA,24,38
70,71,"Aspect",27.5,1,NA,24,39
0,0,NA,0,-1,"3",24,40
72,73,"Horizontal_Distance_To_Hydrology",114,1,NA,24,41
74,75,"Slope",5.5,1,NA,24,42
76,77,"Elevation",2606.5,1,NA,24,43
0,0,NA,0,-1,"3",24,44
78,79,"Soil_Type_10",0.5,1,NA,24,45
80,81,"Elevation",2118.5,1,NA,24,46
82,83,"Soil_Type_6",0.5,1,NA,24,47
84,85,"Slope",11.5,1,NA,24,48
86,87,"Slope",8,1,NA,24,49
88,89,"Horizontal_Distance_To_Hydrology",257,1,NA,24,50
90,91,"Hillshade_3pm",143.5,1,NA,24,51
92,93,"Hillshade_Noon",246.5,1,NA,24,52
94,95,"Horizontal_Distance_To_Hydrology",342.5,1,NA,24,53
0,0,NA,0,-1,"3",24,54
0,0,NA,0,-1,"6",24,55
0,0,NA,0,-1,"3",24,56
96,97,"Slope",13.5,1,NA,24,57
98,99,"Soil_Type_11",0.5,1,NA,24,58
0,0,NA,0,-1,"2",24,59
0,0,NA,0,-1,"3",24,60
0,0,NA,0,-1,"3",24,61
0,0,NA,0,-1,"7",24,62
0,0,NA,0,-1,"7",24,63
0,0,NA,0,-1,"7",24,64
0,0,NA,0,-1,"1",24,65
0,0,NA,0,-1,"2",24,66
0,0,NA,0,-1,"2",24,67
0,0,NA,0,-1,"1",24,68
0,0,NA,0,-1,"2",24,69
0,0,NA,0,-1,"2",24,70
0,0,NA,0,-1,"2",24,71
0,0,NA,0,-1,"3",24,72
0,0,NA,0,-1,"3",24,73
0,0,NA,0,-1,"3",24,74
0,0,NA,0,-1,"2",24,75
0,0,NA,0,-1,"3",24,76
0,0,NA,0,-1,"3",24,77
0,0,NA,0,-1,"3",24,78
0,0,NA,0,-1,"3",24,79
0,0,NA,0,-1,"3",24,80
0,0,NA,0,-1,"3",24,81
0,0,NA,0,-1,"4",24,82
0,0,NA,0,-1,"4",24,83
0,0,NA,0,-1,"4",24,84
0,0,NA,0,-1,"6",24,85
0,0,NA,0,-1,"6",24,86
0,0,NA,0,-1,"3",24,87
0,0,NA,0,-1,"3",24,88
0,0,NA,0,-1,"3",24,89
0,0,NA,0,-1,"3",24,90
0,0,NA,0,-1,"3",24,91
0,0,NA,0,-1,"4",24,92
0,0,NA,0,-1,"4",24,93
0,0,NA,0,-1,"3",24,94
0,0,NA,0,-1,"3",24,95
0,0,NA,0,-1,"4",24,96
0,0,NA,0,-1,"6",24,97
0,0,NA,0,-1,"2",24,98
0,0,NA,0,-1,"2",24,99
2,3,"Wilderness_Area_1",0.5,1,NA,25,1
4,5,"Soil_Type_4",0.5,1,NA,25,2
6,7,"Soil_Type_38",0.5,1,NA,25,3
8,9,"Wilderness_Area_4",0.5,1,NA,25,4
0,0,NA,0,-1,"3",25,5
10,11,"Elevation",3031.5,1,NA,25,6
12,13,"Aspect",36.5,1,NA,25,7
14,15,"Horizontal_Distance_To_Roadways",3377,1,NA,25,8
16,17,"Horizontal_Distance_To_Hydrology",15,1,NA,25,9
18,19,"Elevation",2950.5,1,NA,25,10
20,21,"Soil_Type_40",0.5,1,NA,25,11
0,0,NA,0,-1,"1",25,12
22,23,"Horizontal_Distance_To_Hydrology",695,1,NA,25,13
24,25,"Soil_Type_11",0.5,1,NA,25,14
26,27,"Horizontal_Distance_To_Hydrology",574.5,1,NA,25,15
28,29,"Horizontal_Distance_To_Roadways",163,1,NA,25,16
30,31,"Soil_Type_17",0.5,1,NA,25,17
32,33,"Horizontal_Distance_To_Roadways",303.5,1,NA,25,18
34,35,"Aspect",40.5,1,NA,25,19
36,37,"Horizontal_Distance_To_Roadways",5184.5,1,NA,25,20
38,39,"Elevation",3435.5,1,NA,25,21
40,41,"Horizontal_Distance_To_Fire_Points",3165,1,NA,25,22
0,0,NA,0,-1,"7",25,23
42,43,"Soil_Type_10",0.5,1,NA,25,24
44,45,"Horizontal_Distance_To_Fire_Points",2697,1,NA,25,25
46,47,"Aspect",253.5,1,NA,25,26
48,49,"Horizontal_Distance_To_Roadways",3740,1,NA,25,27
50,51,"Horizontal_Distance_To_Roadways",108.5,1,NA,25,28
52,53,"Horizontal_Distance_To_Fire_Points",893,1,NA,25,29
54,55,"Vertical_Distance_To_Hydrology",121.5,1,NA,25,30
56,57,"Aspect",308.5,1,NA,25,31
58,59,"Soil_Type_30",0.5,1,NA,25,32
60,61,"Soil_Type_22",0.5,1,NA,25,33
0,0,NA,0,-1,"2",25,34
62,63,"Soil_Type_30",0.5,1,NA,25,35
0,0,NA,0,-1,"1",25,36
64,65,"Vertical_Distance_To_Hydrology",114.5,1,NA,25,37
66,67,"Vertical_Distance_To_Hydrology",24,1,NA,25,38
68,69,"Aspect",82,1,NA,25,39
0,0,NA,0,-1,"1",25,40
70,71,"Horizontal_Distance_To_Roadways",2799,1,NA,25,41
72,73,"Soil_Type_17",0.5,1,NA,25,42
0,0,NA,0,-1,"2",25,43
74,75,"Hillshade_3pm",132.5,1,NA,25,44
76,77,"Slope",18,1,NA,25,45
78,79,"Hillshade_3pm",203.5,1,NA,25,46
80,81,"Hillshade_9am",183.5,1,NA,25,47
82,83,"Hillshade_3pm",136.5,1,NA,25,48
84,85,"Soil_Type_27",0.5,1,NA,25,49
0,0,NA,0,-1,"3",25,50
86,87,"Hillshade_3pm",156,1,NA,25,51
88,89,"Elevation",2332,1,NA,25,52
90,91,"Hillshade_9am",212.5,1,NA,25,53
92,93,"Soil_Type_5",0.5,1,NA,25,54
94,95,"Hillshade_9am",244.5,1,NA,25,55
96,97,"Hillshade_Noon",205,1,NA,25,56
98,99,"Hillshade_Noon",216.5,1,NA,25,57
0,0,NA,0,-1,"2",25,58
0,0,NA,0,-1,"5",25,59
0,0,NA,0,-1,"2",25,60
0,0,NA,0,-1,"2",25,61
0,0,NA,0,-1,"2",25,62
0,0,NA,0,-1,"2",25,63
0,0,NA,0,-1,"2",25,64
0,0,NA,0,-1,"2",25,65
0,0,NA,0,-1,"7",25,66
0,0,NA,0,-1,"1",25,67
0,0,NA,0,-1,"1",25,68
0,0,NA,0,-1,"1",25,69
0,0,NA,0,-1,"7",25,70
0,0,NA,0,-1,"7",25,71
0,0,NA,0,-1,"2",25,72
0,0,NA,0,-1,"2",25,73
0,0,NA,0,-1,"2",25,74
0,0,NA,0,-1,"2",25,75
0,0,NA,0,-1,"2",25,76
0,0,NA,0,-1,"5",25,77
0,0,NA,0,-1,"1",25,78
0,0,NA,0,-1,"2",25,79
0,0,NA,0,-1,"1",25,80
0,0,NA,0,-1,"1",25,81
0,0,NA,0,-1,"7",25,82
0,0,NA,0,-1,"1",25,83
0,0,NA,0,-1,"2",25,84
0,0,NA,0,-1,"2",25,85
0,0,NA,0,-1,"3",25,86
0,0,NA,0,-1,"4",25,87
0,0,NA,0,-1,"4",25,88
0,0,NA,0,-1,"6",25,89
0,0,NA,0,-1,"3",25,90
0,0,NA,0,-1,"4",25,91
0,0,NA,0,-1,"3",25,92
0,0,NA,0,-1,"3",25,93
0,0,NA,0,-1,"3",25,94
0,0,NA,0,-1,"3",25,95
0,0,NA,0,-1,"3",25,96
0,0,NA,0,-1,"4",25,97
0,0,NA,0,-1,"6",25,98
0,0,NA,0,-1,"3",25,99
2,3,"Soil_Type_10",0.5,1,NA,26,1
4,5,"Soil_Type_12",0.5,1,NA,26,2
6,7,"Hillshade_3pm",161.5,1,NA,26,3
8,9,"Wilderness_Area_4",0.5,1,NA,26,4
10,11,"Vertical_Distance_To_Hydrology",84.5,1,NA,26,5
12,13,"Hillshade_Noon",189.5,1,NA,26,6
14,15,"Horizontal_Distance_To_Roadways",559.5,1,NA,26,7
16,17,"Soil_Type_29",0.5,1,NA,26,8
18,19,"Horizontal_Distance_To_Roadways",1051.5,1,NA,26,9
20,21,"Hillshade_Noon",223.5,1,NA,26,10
0,0,NA,0,-1,"2",26,11
22,23,"Elevation",2509.5,1,NA,26,12
24,25,"Wilderness_Area_3",0.5,1,NA,26,13
26,27,"Wilderness_Area_4",0.5,1,NA,26,14
28,29,"Wilderness_Area_4",0.5,1,NA,26,15
30,31,"Soil_Type_2",0.5,1,NA,26,16
32,33,"Hillshade_3pm",91.5,1,NA,26,17
34,35,"Elevation",2507.5,1,NA,26,18
36,37,"Hillshade_3pm",137.5,1,NA,26,19
0,0,NA,0,-1,"2",26,20
38,39,"Aspect",16.5,1,NA,26,21
0,0,NA,0,-1,"3",26,22
40,41,"Hillshade_3pm",45.5,1,NA,26,23
42,43,"Hillshade_Noon",215,1,NA,26,24
44,45,"Horizontal_Distance_To_Roadways",3270.5,1,NA,26,25
46,47,"Horizontal_Distance_To_Roadways",347.5,1,NA,26,26
0,0,NA,0,-1,"3",26,27
48,49,"Horizontal_Distance_To_Roadways",2249.5,1,NA,26,28
50,51,"Slope",30.5,1,NA,26,29
52,53,"Soil_Type_33",0.5,1,NA,26,30
54,55,"Elevation",2444,1,NA,26,31
56,57,"Hillshade_9am",224.5,1,NA,26,32
58,59,"Hillshade_9am",141.5,1,NA,26,33
60,61,"Vertical_Distance_To_Hydrology",0.5,1,NA,26,34
0,0,NA,0,-1,"2",26,35
62,63,"Soil_Type_3",0.5,1,NA,26,36
64,65,"Vertical_Distance_To_Hydrology",0.5,1,NA,26,37
66,67,"Horizontal_Distance_To_Roadways",4317.5,1,NA,26,38
68,69,"Horizontal_Distance_To_Roadways",5015.5,1,NA,26,39
0,0,NA,0,-1,"2",26,40
70,71,"Horizontal_Distance_To_Fire_Points",2422,1,NA,26,41
72,73,"Elevation",2481.5,1,NA,26,42
74,75,"Hillshade_Noon",233.5,1,NA,26,43
76,77,"Horizontal_Distance_To_Roadways",956,1,NA,26,44
78,79,"Hillshade_Noon",214,1,NA,26,45
80,81,"Horizontal_Distance_To_Roadways",251,1,NA,26,46
82,83,"Horizontal_Distance_To_Hydrology",189,1,NA,26,47
84,85,"Horizontal_Distance_To_Fire_Points",2192.5,1,NA,26,48
86,87,"Horizontal_Distance_To_Fire_Points",1114.5,1,NA,26,49
0,0,NA,0,-1,"6",26,50
88,89,"Horizontal_Distance_To_Roadways",990.5,1,NA,26,51
90,91,"Soil_Type_4",0.5,1,NA,26,52
92,93,"Elevation",3161.5,1,NA,26,53
94,95,"Slope",8.5,1,NA,26,54
96,97,"Horizontal_Distance_To_Roadways",2415.5,1,NA,26,55
0,0,NA,0,-1,"1",26,56
98,99,"Aspect",130.5,1,NA,26,57
0,0,NA,0,-1,"1",26,58
0,0,NA,0,-1,"2",26,59
0,0,NA,0,-1,"3",26,60
0,0,NA,0,-1,"3",26,61
0,0,NA,0,-1,"3",26,62
0,0,NA,0,-1,"3",26,63
0,0,NA,0,-1,"4",26,64
0,0,NA,0,-1,"6",26,65
0,0,NA,0,-1,"2",26,66
0,0,NA,0,-1,"1",26,67
0,0,NA,0,-1,"2",26,68
0,0,NA,0,-1,"2",26,69
0,0,NA,0,-1,"2",26,70
0,0,NA,0,-1,"1",26,71
0,0,NA,0,-1,"6",26,72
0,0,NA,0,-1,"2",26,73
0,0,NA,0,-1,"2",26,74
0,0,NA,0,-1,"3",26,75
0,0,NA,0,-1,"2",26,76
0,0,NA,0,-1,"2",26,77
0,0,NA,0,-1,"1",26,78
0,0,NA,0,-1,"1",26,79
0,0,NA,0,-1,"2",26,80
0,0,NA,0,-1,"2",26,81
0,0,NA,0,-1,"6",26,82
0,0,NA,0,-1,"2",26,83
0,0,NA,0,-1,"2",26,84
0,0,NA,0,-1,"6",26,85
0,0,NA,0,-1,"2",26,86
0,0,NA,0,-1,"2",26,87
0,0,NA,0,-1,"3",26,88
0,0,NA,0,-1,"3",26,89
0,0,NA,0,-1,"1",26,90
0,0,NA,0,-1,"3",26,91
0,0,NA,0,-1,"2",26,92
0,0,NA,0,-1,"1",26,93
0,0,NA,0,-1,"3",26,94
0,0,NA,0,-1,"3",26,95
0,0,NA,0,-1,"3",26,96
0,0,NA,0,-1,"2",26,97
0,0,NA,0,-1,"2",26,98
0,0,NA,0,-1,"1",26,99
2,3,"Elevation",3042.5,1,NA,27,1
4,5,"Wilderness_Area_4",0.5,1,NA,27,2
6,7,"Horizontal_Distance_To_Roadways",5290,1,NA,27,3
8,9,"Horizontal_Distance_To_Fire_Points",1242.5,1,NA,27,4
10,11,"Soil_Type_10",0.5,1,NA,27,5
12,13,"Soil_Type_40",0.5,1,NA,27,6
14,15,"Hillshade_Noon",239.5,1,NA,27,7
16,17,"Soil_Type_10",0.5,1,NA,27,8
18,19,"Soil_Type_4",0.5,1,NA,27,9
20,21,"Soil_Type_3",0.5,1,NA,27,10
22,23,"Horizontal_Distance_To_Roadways",665,1,NA,27,11
24,25,"Soil_Type_38",0.5,1,NA,27,12
26,27,"Horizontal_Distance_To_Fire_Points",2624,1,NA,27,13
28,29,"Soil_Type_12",0.5,1,NA,27,14
30,31,"Aspect",230.5,1,NA,27,15
32,33,"Soil_Type_12",0.5,1,NA,27,16
34,35,"Hillshade_3pm",161.5,1,NA,27,17
36,37,"Soil_Type_23",0.5,1,NA,27,18
38,39,"Vertical_Distance_To_Hydrology",119.5,1,NA,27,19
40,41,"Horizontal_Distance_To_Fire_Points",811.5,1,NA,27,20
0,0,NA,0,-1,"3",27,21
42,43,"Horizontal_Distance_To_Fire_Points",809,1,NA,27,22
44,45,"Aspect",330.5,1,NA,27,23
46,47,"Elevation",3299.5,1,NA,27,24
0,0,NA,0,-1,"1",27,25
48,49,"Hillshade_Noon",207.5,1,NA,27,26
50,51,"Wilderness_Area_1",0.5,1,NA,27,27
52,53,"Horizontal_Distance_To_Fire_Points",2349,1,NA,27,28
54,55,"Hillshade_Noon",227.5,1,NA,27,29
0,0,NA,0,-1,"2",27,30
56,57,"Soil_Type_38",0.5,1,NA,27,31
58,59,"Soil_Type_4",0.5,1,NA,27,32
0,0,NA,0,-1,"2",27,33
60,61,"Horizontal_Distance_To_Fire_Points",454,1,NA,27,34
0,0,NA,0,-1,"6",27,35
62,63,"Elevation",2956.5,1,NA,27,36
0,0,NA,0,-1,"2",27,37
64,65,"Horizontal_Distance_To_Fire_Points",1896.5,1,NA,27,38
66,67,"Vertical_Distance_To_Hydrology",227,1,NA,27,39
68,69,"Hillshade_9am",230.5,1,NA,27,40
70,71,"Slope",12.5,1,NA,27,41
72,73,"Hillshade_9am",165.5,1,NA,27,42
74,75,"Hillshade_9am",165.5,1,NA,27,43
76,77,"Slope",25.5,1,NA,27,44
0,0,NA,0,-1,"3",27,45
78,79,"Horizontal_Distance_To_Roadways",988.5,1,NA,27,46
80,81,"Soil_Type_22",0.5,1,NA,27,47
82,83,"Vertical_Distance_To_Hydrology",191,1,NA,27,48
84,85,"Wilderness_Area_1",0.5,1,NA,27,49
86,87,"Horizontal_Distance_To_Roadways",3286.5,1,NA,27,50
88,89,"Vertical_Distance_To_Hydrology",14.5,1,NA,27,51
90,91,"Soil_Type_30",0.5,1,NA,27,52
92,93,"Soil_Type_29",0.5,1,NA,27,53
94,95,"Aspect",70,1,NA,27,54
0,0,NA,0,-1,"2",27,55
96,97,"Soil_Type_22",0.5,1,NA,27,56
98,99,"Wilderness_Area_1",0.5,1,NA,27,57
0,0,NA,0,-1,"2",27,58
0,0,NA,0,-1,"3",27,59
0,0,NA,0,-1,"2",27,60
0,0,NA,0,-1,"2",27,61
0,0,NA,0,-1,"2",27,62
0,0,NA,0,-1,"2",27,63
0,0,NA,0,-1,"2",27,64
0,0,NA,0,-1,"3",27,65
0,0,NA,0,-1,"2",27,66
0,0,NA,0,-1,"3",27,67
0,0,NA,0,-1,"3",27,68
0,0,NA,0,-1,"3",27,69
0,0,NA,0,-1,"3",27,70
0,0,NA,0,-1,"3",27,71
0,0,NA,0,-1,"3",27,72
0,0,NA,0,-1,"3",27,73
0,0,NA,0,-1,"3",27,74
0,0,NA,0,-1,"3",27,75
0,0,NA,0,-1,"6",27,76
0,0,NA,0,-1,"3",27,77
0,0,NA,0,-1,"1",27,78
0,0,NA,0,-1,"1",27,79
0,0,NA,0,-1,"1",27,80
0,0,NA,0,-1,"1",27,81
0,0,NA,0,-1,"1",27,82
0,0,NA,0,-1,"1",27,83
0,0,NA,0,-1,"7",27,84
0,0,NA,0,-1,"1",27,85
0,0,NA,0,-1,"1",27,86
0,0,NA,0,-1,"7",27,87
0,0,NA,0,-1,"7",27,88
0,0,NA,0,-1,"1",27,89
0,0,NA,0,-1,"1",27,90
0,0,NA,0,-1,"2",27,91
0,0,NA,0,-1,"2",27,92
0,0,NA,0,-1,"2",27,93
0,0,NA,0,-1,"1",27,94
0,0,NA,0,-1,"2",27,95
0,0,NA,0,-1,"2",27,96
0,0,NA,0,-1,"2",27,97
0,0,NA,0,-1,"7",27,98
0,0,NA,0,-1,"1",27,99
2,3,"Soil_Type_10",0.5,1,NA,28,1
4,5,"Soil_Type_22",0.5,1,NA,28,2
6,7,"Vertical_Distance_To_Hydrology",87.5,1,NA,28,3
8,9,"Wilderness_Area_1",0.5,1,NA,28,4
10,11,"Horizontal_Distance_To_Roadways",736.5,1,NA,28,5
12,13,"Hillshade_Noon",174.5,1,NA,28,6
0,0,NA,0,-1,"3",28,7
14,15,"Wilderness_Area_2",0.5,1,NA,28,8
16,17,"Aspect",1.5,1,NA,28,9
18,19,"Hillshade_9am",203.5,1,NA,28,10
20,21,"Slope",11.5,1,NA,28,11
0,0,NA,0,-1,"3",28,12
22,23,"Wilderness_Area_4",0.5,1,NA,28,13
24,25,"Soil_Type_6",0.5,1,NA,28,14
26,27,"Soil_Type_39",0.5,1,NA,28,15
28,29,"Hillshade_9am",182.5,1,NA,28,16
30,31,"Elevation",3031.5,1,NA,28,17
0,0,NA,0,-1,"1",28,18
32,33,"Horizontal_Distance_To_Roadways",346.5,1,NA,28,19
34,35,"Horizontal_Distance_To_Roadways",5011,1,NA,28,20
36,37,"Elevation",2857.5,1,NA,28,21
38,39,"Hillshade_9am",193.5,1,NA,28,22
40,41,"Horizontal_Distance_To_Fire_Points",1563,1,NA,28,23
42,43,"Slope",16.5,1,NA,28,24
44,45,"Horizontal_Distance_To_Roadways",366,1,NA,28,25
46,47,"Vertical_Distance_To_Hydrology",-12.5,1,NA,28,26
48,49,"Vertical_Distance_To_Hydrology",-28.5,1,NA,28,27
50,51,"Slope",30.5,1,NA,28,28
52,53,"Soil_Type_12",0.5,1,NA,28,29
54,55,"Vertical_Distance_To_Hydrology",7.5,1,NA,28,30
56,57,"Slope",19.5,1,NA,28,31
58,59,"Aspect",118,1,NA,28,32
0,0,NA,0,-1,"1",28,33
0,0,NA,0,-1,"1",28,34
60,61,"Hillshade_3pm",168.5,1,NA,28,35
62,63,"Horizontal_Distance_To_Fire_Points",1824,1,NA,28,36
64,65,"Elevation",3032.5,1,NA,28,37
0,0,NA,0,-1,"6",28,38
66,67,"Hillshade_Noon",238,1,NA,28,39
68,69,"Elevation",2461.5,1,NA,28,40
0,0,NA,0,-1,"3",28,41
70,71,"Soil_Type_23",0.5,1,NA,28,42
72,73,"Slope",25.5,1,NA,28,43
74,75,"Hillshade_Noon",213,1,NA,28,44
76,77,"Elevation",2501.5,1,NA,28,45
78,79,"Elevation",3317,1,NA,28,46
80,81,"Hillshade_Noon",228.5,1,NA,28,47
0,0,NA,0,-1,"1",28,48
82,83,"Hillshade_Noon",205.5,1,NA,28,49
84,85,"Horizontal_Distance_To_Hydrology",63.5,1,NA,28,50
0,0,NA,0,-1,"2",28,51
86,87,"Soil_Type_38",0.5,1,NA,28,52
88,89,"Slope",7.5,1,NA,28,53
90,91,"Elevation",2919.5,1,NA,28,54
92,93,"Slope",19.5,1,NA,28,55
94,95,"Soil_Type_29",0.5,1,NA,28,56
96,97,"Horizontal_Distance_To_Roadways",5287.5,1,NA,28,57
98,99,"Slope",10,1,NA,28,58
0,0,NA,0,-1,"2",28,59
0,0,NA,0,-1,"1",28,60
0,0,NA,0,-1,"2",28,61
0,0,NA,0,-1,"2",28,62
0,0,NA,0,-1,"1",28,63
0,0,NA,0,-1,"1",28,64
0,0,NA,0,-1,"1",28,65
0,0,NA,0,-1,"2",28,66
0,0,NA,0,-1,"2",28,67
0,0,NA,0,-1,"3",28,68
0,0,NA,0,-1,"2",28,69
0,0,NA,0,-1,"2",28,70
0,0,NA,0,-1,"1",28,71
0,0,NA,0,-1,"2",28,72
0,0,NA,0,-1,"2",28,73
0,0,NA,0,-1,"3",28,74
0,0,NA,0,-1,"3",28,75
0,0,NA,0,-1,"3",28,76
0,0,NA,0,-1,"2",28,77
0,0,NA,0,-1,"2",28,78
0,0,NA,0,-1,"1",28,79
0,0,NA,0,-1,"1",28,80
0,0,NA,0,-1,"1",28,81
0,0,NA,0,-1,"7",28,82
0,0,NA,0,-1,"7",28,83
0,0,NA,0,-1,"2",28,84
0,0,NA,0,-1,"1",28,85
0,0,NA,0,-1,"1",28,86
0,0,NA,0,-1,"1",28,87
0,0,NA,0,-1,"2",28,88
0,0,NA,0,-1,"2",28,89
0,0,NA,0,-1,"2",28,90
0,0,NA,0,-1,"2",28,91
0,0,NA,0,-1,"2",28,92
0,0,NA,0,-1,"2",28,93
0,0,NA,0,-1,"1",28,94
0,0,NA,0,-1,"1",28,95
0,0,NA,0,-1,"1",28,96
0,0,NA,0,-1,"2",28,97
0,0,NA,0,-1,"1",28,98
0,0,NA,0,-1,"2",28,99
2,3,"Soil_Type_38",0.5,1,NA,29,1
4,5,"Soil_Type_39",0.5,1,NA,29,2
6,7,"Horizontal_Distance_To_Roadways",5330,1,NA,29,3
8,9,"Soil_Type_4",0.5,1,NA,29,4
10,11,"Horizontal_Distance_To_Roadways",3007.5,1,NA,29,5
12,13,"Horizontal_Distance_To_Hydrology",781.5,1,NA,29,6
14,15,"Horizontal_Distance_To_Fire_Points",399,1,NA,29,7
16,17,"Wilderness_Area_4",0.5,1,NA,29,8
18,19,"Hillshade_3pm",138.5,1,NA,29,9
20,21,"Slope",8.5,1,NA,29,10
22,23,"Elevation",3391.5,1,NA,29,11
24,25,"Hillshade_Noon",246.5,1,NA,29,12
26,27,"Hillshade_9am",225.5,1,NA,29,13
28,29,"Aspect",292.5,1,NA,29,14
30,31,"Hillshade_3pm",142.5,1,NA,29,15
32,33,"Soil_Type_12",0.5,1,NA,29,16
34,35,"Elevation",2469.5,1,NA,29,17
36,37,"Elevation",2672.5,1,NA,29,18
38,39,"Hillshade_Noon",252.5,1,NA,29,19
40,41,"Slope",7.5,1,NA,29,20
42,43,"Wilderness_Area_3",0.5,1,NA,29,21
44,45,"Wilderness_Area_3",0.5,1,NA,29,22
46,47,"Hillshade_Noon",236,1,NA,29,23
48,49,"Hillshade_3pm",168.5,1,NA,29,24
50,51,"Hillshade_Noon",251.5,1,NA,29,25
0,0,NA,0,-1,"7",29,26
0,0,NA,0,-1,"7",29,27
0,0,NA,0,-1,"1",29,28
0,0,NA,0,-1,"2",29,29
0,0,NA,0,-1,"1",29,30
0,0,NA,0,-1,"1",29,31
52,53,"Soil_Type_40",0.5,1,NA,29,32
54,55,"Hillshade_3pm",115.5,1,NA,29,33
56,57,"Soil_Type_3",0.5,1,NA,29,34
58,59,"Horizontal_Distance_To_Hydrology",518.5,1,NA,29,35
60,61,"Slope",6.5,1,NA,29,36
0,0,NA,0,-1,"2",29,37
62,63,"Horizontal_Distance_To_Fire_Points",1141,1,NA,29,38
64,65,"Horizontal_Distance_To_Roadways",1203.5,1,NA,29,39
66,67,"Elevation",3321.5,1,NA,29,40
0,0,NA,0,-1,"1",29,41
68,69,"Horizontal_Distance_To_Fire_Points",2064,1,NA,29,42
0,0,NA,0,-1,"7",29,43
0,0,NA,0,-1,"1",29,44
70,71,"Vertical_Distance_To_Hydrology",7.5,1,NA,29,45
72,73,"Hillshade_3pm",197.5,1,NA,29,46
0,0,NA,0,-1,"1",29,47
74,75,"Hillshade_3pm",104.5,1,NA,29,48
76,77,"Wilderness_Area_3",0.5,1,NA,29,49
78,79,"Elevation",3392.5,1,NA,29,50
80,81,"Slope",16.5,1,NA,29,51
82,83,"Soil_Type_13",0.5,1,NA,29,52
84,85,"Wilderness_Area_1",0.5,1,NA,29,53
86,87,"Hillshade_9am",213.5,1,NA,29,54
0,0,NA,0,-1,"2",29,55
88,89,"Horizontal_Distance_To_Fire_Points",704.5,1,NA,29,56
90,91,"Elevation",2326,1,NA,29,57
92,93,"Slope",29,1,NA,29,58
94,95,"Vertical_Distance_To_Hydrology",164,1,NA,29,59
0,0,NA,0,-1,"4",29,60
0,0,NA,0,-1,"3",29,61
96,97,"Wilderness_Area_3",0.5,1,NA,29,62
98,99,"Horizontal_Distance_To_Fire_Points",1786,1,NA,29,63
0,0,NA,0,-1,"5",29,64
0,0,NA,0,-1,"2",29,65
0,0,NA,0,-1,"1",29,66
0,0,NA,0,-1,"7",29,67
0,0,NA,0,-1,"7",29,68
0,0,NA,0,-1,"1",29,69
0,0,NA,0,-1,"7",29,70
0,0,NA,0,-1,"1",29,71
0,0,NA,0,-1,"7",29,72
0,0,NA,0,-1,"1",29,73
0,0,NA,0,-1,"7",29,74
0,0,NA,0,-1,"1",29,75
0,0,NA,0,-1,"1",29,76
0,0,NA,0,-1,"7",29,77
0,0,NA,0,-1,"1",29,78
0,0,NA,0,-1,"1",29,79
0,0,NA,0,-1,"1",29,80
0,0,NA,0,-1,"7",29,81
0,0,NA,0,-1,"2",29,82
0,0,NA,0,-1,"2",29,83
0,0,NA,0,-1,"7",29,84
0,0,NA,0,-1,"1",29,85
0,0,NA,0,-1,"1",29,86
0,0,NA,0,-1,"2",29,87
0,0,NA,0,-1,"3",29,88
0,0,NA,0,-1,"3",29,89
0,0,NA,0,-1,"4",29,90
0,0,NA,0,-1,"3",29,91
0,0,NA,0,-1,"2",29,92
0,0,NA,0,-1,"3",29,93
0,0,NA,0,-1,"6",29,94
0,0,NA,0,-1,"3",29,95
0,0,NA,0,-1,"3",29,96
0,0,NA,0,-1,"3",29,97
0,0,NA,0,-1,"2",29,98
0,0,NA,0,-1,"3",29,99
2,3,"Slope",24.5,1,NA,30,1
4,5,"Soil_Type_40",0.5,1,NA,30,2
6,7,"Soil_Type_10",0.5,1,NA,30,3
8,9,"Elevation",3048.5,1,NA,30,4
10,11,"Slope",20.5,1,NA,30,5
12,13,"Soil_Type_1",0.5,1,NA,30,6
14,15,"Wilderness_Area_4",0.5,1,NA,30,7
16,17,"Soil_Type_4",0.5,1,NA,30,8
18,19,"Horizontal_Distance_To_Roadways",980,1,NA,30,9
20,21,"Hillshade_3pm",128.5,1,NA,30,10
22,23,"Hillshade_9am",251.5,1,NA,30,11
24,25,"Horizontal_Distance_To_Roadways",1831.5,1,NA,30,12
26,27,"Horizontal_Distance_To_Hydrology",130.5,1,NA,30,13
28,29,"Elevation",2449.5,1,NA,30,14
30,31,"Vertical_Distance_To_Hydrology",54.5,1,NA,30,15
32,33,"Wilderness_Area_4",0.5,1,NA,30,16
0,0,NA,0,-1,"3",30,17
34,35,"Wilderness_Area_2",0.5,1,NA,30,18
36,37,"Horizontal_Distance_To_Hydrology",846,1,NA,30,19
38,39,"Horizontal_Distance_To_Roadways",1851.5,1,NA,30,20
40,41,"Hillshade_9am",171,1,NA,30,21
0,0,NA,0,-1,"1",30,22
42,43,"Hillshade_3pm",67.5,1,NA,30,23
44,45,"Soil_Type_13",0.5,1,NA,30,24
46,47,"Soil_Type_40",0.5,1,NA,30,25
48,49,"Hillshade_3pm",20.5,1,NA,30,26
50,51,"Hillshade_9am",214.5,1,NA,30,27
52,53,"Aspect",82,1,NA,30,28
54,55,"Vertical_Distance_To_Hydrology",-14,1,NA,30,29
56,57,"Hillshade_3pm",67.5,1,NA,30,30
58,59,"Horizontal_Distance_To_Roadways",1219.5,1,NA,30,31
60,61,"Elevation",2950.5,1,NA,30,32
62,63,"Soil_Type_16",0.5,1,NA,30,33
64,65,"Horizontal_Distance_To_Hydrology",211,1,NA,30,34
66,67,"Soil_Type_24",0.5,1,NA,30,35
68,69,"Soil_Type_38",0.5,1,NA,30,36
0,0,NA,0,-1,"2",30,37
70,71,"Horizontal_Distance_To_Roadways",1155,1,NA,30,38
72,73,"Wilderness_Area_3",0.5,1,NA,30,39
74,75,"Hillshade_9am",168.5,1,NA,30,40
76,77,"Horizontal_Distance_To_Hydrology",871,1,NA,30,41
0,0,NA,0,-1,"1",30,42
0,0,NA,0,-1,"7",30,43
78,79,"Soil_Type_33",0.5,1,NA,30,44
0,0,NA,0,-1,"2",30,45
80,81,"Soil_Type_13",0.5,1,NA,30,46
82,83,"Slope",33.5,1,NA,30,47
0,0,NA,0,-1,"3",30,48
0,0,NA,0,-1,"3",30,49
0,0,NA,0,-1,"3",30,50
84,85,"Hillshade_Noon",180.5,1,NA,30,51
86,87,"Hillshade_3pm",68,1,NA,30,52
0,0,NA,0,-1,"6",30,53
0,0,NA,0,-1,"1",30,54
88,89,"Horizontal_Distance_To_Roadways",965,1,NA,30,55
90,91,"Slope",37.5,1,NA,30,56
92,93,"Slope",34.5,1,NA,30,57
0,0,NA,0,-1,"3",30,58
94,95,"Elevation",2344.5,1,NA,30,59
96,97,"Horizontal_Distance_To_Roadways",2913,1,NA,30,60
98,99,"Vertical_Distance_To_Hydrology",47.5,1,NA,30,61
0,0,NA,0,-1,"3",30,62
0,0,NA,0,-1,"6",30,63
0,0,NA,0,-1,"1",30,64
0,0,NA,0,-1,"2",30,65
0,0,NA,0,-1,"1",30,66
0,0,NA,0,-1,"2",30,67
0,0,NA,0,-1,"1",30,68
0,0,NA,0,-1,"1",30,69
0,0,NA,0,-1,"1",30,70
0,0,NA,0,-1,"7",30,71
0,0,NA,0,-1,"1",30,72
0,0,NA,0,-1,"7",30,73
0,0,NA,0,-1,"1",30,74
0,0,NA,0,-1,"1",30,75
0,0,NA,0,-1,"7",30,76
0,0,NA,0,-1,"7",30,77
0,0,NA,0,-1,"2",30,78
0,0,NA,0,-1,"2",30,79
0,0,NA,0,-1,"1",30,80
0,0,NA,0,-1,"2",30,81
0,0,NA,0,-1,"1",30,82
0,0,NA,0,-1,"7",30,83
0,0,NA,0,-1,"3",30,84
0,0,NA,0,-1,"3",30,85
0,0,NA,0,-1,"2",30,86
0,0,NA,0,-1,"6",30,87
0,0,NA,0,-1,"2",30,88
0,0,NA,0,-1,"2",30,89
0,0,NA,0,-1,"6",30,90
0,0,NA,0,-1,"3",30,91
0,0,NA,0,-1,"3",30,92
0,0,NA,0,-1,"3",30,93
0,0,NA,0,-1,"3",30,94
0,0,NA,0,-1,"3",30,95
0,0,NA,0,-1,"2",30,96
0,0,NA,0,-1,"2",30,97
0,0,NA,0,-1,"2",30,98
0,0,NA,0,-1,"2",30,99
2,3,"Horizontal_Distance_To_Roadways",1318.5,1,NA,31,1
4,5,"Soil_Type_2",0.5,1,NA,31,2
6,7,"Soil_Type_12",0.5,1,NA,31,3
8,9,"Horizontal_Distance_To_Fire_Points",1265.5,1,NA,31,4
10,11,"Hillshade_Noon",202.5,1,NA,31,5
12,13,"Soil_Type_39",0.5,1,NA,31,6
0,0,NA,0,-1,"2",31,7
14,15,"Slope",17.5,1,NA,31,8
16,17,"Soil_Type_23",0.5,1,NA,31,9
18,19,"Horizontal_Distance_To_Fire_Points",366.5,1,NA,31,10
20,21,"Wilderness_Area_4",0.5,1,NA,31,11
22,23,"Soil_Type_4",0.5,1,NA,31,12
24,25,"Aspect",210.5,1,NA,31,13
26,27,"Elevation",2498.5,1,NA,31,14
28,29,"Wilderness_Area_1",0.5,1,NA,31,15
30,31,"Horizontal_Distance_To_Fire_Points",1977,1,NA,31,16
32,33,"Hillshade_Noon",249.5,1,NA,31,17
0,0,NA,0,-1,"6",31,18
34,35,"Hillshade_Noon",188.5,1,NA,31,19
0,0,NA,0,-1,"3",31,20
36,37,"Horizontal_Distance_To_Fire_Points",238,1,NA,31,21
38,39,"Soil_Type_23",0.5,1,NA,31,22
40,41,"Elevation",2713,1,NA,31,23
42,43,"Slope",8.5,1,NA,31,24
44,45,"Hillshade_9am",195.5,1,NA,31,25
46,47,"Horizontal_Distance_To_Hydrology",51,1,NA,31,26
48,49,"Soil_Type_23",0.5,1,NA,31,27
50,51,"Wilderness_Area_3",0.5,1,NA,31,28
52,53,"Soil_Type_29",0.5,1,NA,31,29
54,55,"Soil_Type_22",0.5,1,NA,31,30
56,57,"Soil_Type_31",0.5,1,NA,31,31
58,59,"Horizontal_Distance_To_Hydrology",448,1,NA,31,32
60,61,"Elevation",3217,1,NA,31,33
0,0,NA,0,-1,"3",31,34
62,63,"Slope",19.5,1,NA,31,35
0,0,NA,0,-1,"6",31,36
64,65,"Vertical_Distance_To_Hydrology",185,1,NA,31,37
66,67,"Soil_Type_40",0.5,1,NA,31,38
68,69,"Horizontal_Distance_To_Hydrology",321,1,NA,31,39
70,71,"Slope",7.5,1,NA,31,40
72,73,"Horizontal_Distance_To_Fire_Points",2035.5,1,NA,31,41
74,75,"Hillshade_3pm",147,1,NA,31,42
76,77,"Wilderness_Area_1",0.5,1,NA,31,43
78,79,"Horizontal_Distance_To_Hydrology",101.5,1,NA,31,44
80,81,"Horizontal_Distance_To_Fire_Points",2190,1,NA,31,45
82,83,"Wilderness_Area_3",0.5,1,NA,31,46
84,85,"Aspect",305.5,1,NA,31,47
86,87,"Soil_Type_38",0.5,1,NA,31,48
88,89,"Elevation",3211.5,1,NA,31,49
90,91,"Wilderness_Area_4",0.5,1,NA,31,50
92,93,"Soil_Type_4",0.5,1,NA,31,51
94,95,"Slope",25.5,1,NA,31,52
96,97,"Horizontal_Distance_To_Roadways",1060,1,NA,31,53
98,99,"Soil_Type_6",0.5,1,NA,31,54
0,0,NA,0,-1,"1",31,55
0,0,NA,0,-1,"2",31,56
0,0,NA,0,-1,"2",31,57
0,0,NA,0,-1,"1",31,58
0,0,NA,0,-1,"2",31,59
0,0,NA,0,-1,"2",31,60
0,0,NA,0,-1,"1",31,61
0,0,NA,0,-1,"3",31,62
0,0,NA,0,-1,"6",31,63
0,0,NA,0,-1,"3",31,64
0,0,NA,0,-1,"6",31,65
0,0,NA,0,-1,"2",31,66
0,0,NA,0,-1,"1",31,67
0,0,NA,0,-1,"1",31,68
0,0,NA,0,-1,"1",31,69
0,0,NA,0,-1,"2",31,70
0,0,NA,0,-1,"3",31,71
0,0,NA,0,-1,"2",31,72
0,0,NA,0,-1,"3",31,73
0,0,NA,0,-1,"1",31,74
0,0,NA,0,-1,"1",31,75
0,0,NA,0,-1,"7",31,76
0,0,NA,0,-1,"1",31,77
0,0,NA,0,-1,"1",31,78
0,0,NA,0,-1,"1",31,79
0,0,NA,0,-1,"1",31,80
0,0,NA,0,-1,"1",31,81
0,0,NA,0,-1,"4",31,82
0,0,NA,0,-1,"6",31,83
0,0,NA,0,-1,"3",31,84
0,0,NA,0,-1,"6",31,85
0,0,NA,0,-1,"2",31,86
0,0,NA,0,-1,"7",31,87
0,0,NA,0,-1,"2",31,88
0,0,NA,0,-1,"1",31,89
0,0,NA,0,-1,"1",31,90
0,0,NA,0,-1,"3",31,91
0,0,NA,0,-1,"2",31,92
0,0,NA,0,-1,"3",31,93
0,0,NA,0,-1,"2",31,94
0,0,NA,0,-1,"1",31,95
0,0,NA,0,-1,"1",31,96
0,0,NA,0,-1,"2",31,97
0,0,NA,0,-1,"2",31,98
0,0,NA,0,-1,"3",31,99
2,3,"Soil_Type_6",0.5,1,NA,32,1
4,5,"Elevation",3048.5,1,NA,32,2
0,0,NA,0,-1,"3",32,3
6,7,"Wilderness_Area_4",0.5,1,NA,32,4
8,9,"Soil_Type_40",0.5,1,NA,32,5
10,11,"Soil_Type_14",0.5,1,NA,32,6
12,13,"Horizontal_Distance_To_Fire_Points",648.5,1,NA,32,7
14,15,"Soil_Type_35",0.5,1,NA,32,8
0,0,NA,0,-1,"1",32,9
16,17,"Wilderness_Area_1",0.5,1,NA,32,10
18,19,"Vertical_Distance_To_Hydrology",2,1,NA,32,11
20,21,"Soil_Type_10",0.5,1,NA,32,12
22,23,"Hillshade_9am",224.5,1,NA,32,13
24,25,"Elevation",3298.5,1,NA,32,14
26,27,"Horizontal_Distance_To_Fire_Points",1162.5,1,NA,32,15
28,29,"Elevation",2655.5,1,NA,32,16
30,31,"Elevation",2966.5,1,NA,32,17
32,33,"Horizontal_Distance_To_Fire_Points",1117,1,NA,32,18
0,0,NA,0,-1,"6",32,19
34,35,"Soil_Type_2",0.5,1,NA,32,20
36,37,"Slope",25.5,1,NA,32,21
0,0,NA,0,-1,"3",32,22
38,39,"Soil_Type_3",0.5,1,NA,32,23
40,41,"Vertical_Distance_To_Hydrology",23.5,1,NA,32,24
42,43,"Hillshade_3pm",138.5,1,NA,32,25
44,45,"Hillshade_9am",235.5,1,NA,32,26
46,47,"Wilderness_Area_3",0.5,1,NA,32,27
48,49,"Soil_Type_20",0.5,1,NA,32,28
50,51,"Soil_Type_2",0.5,1,NA,32,29
52,53,"Slope",18.5,1,NA,32,30
54,55,"Soil_Type_30",0.5,1,NA,32,31
0,0,NA,0,-1,"6",32,32
0,0,NA,0,-1,"3",32,33
56,57,"Soil_Type_5",0.5,1,NA,32,34
58,59,"Hillshade_3pm",101.5,1,NA,32,35
60,61,"Slope",22.5,1,NA,32,36
0,0,NA,0,-1,"3",32,37
62,63,"Hillshade_9am",234.5,1,NA,32,38
64,65,"Horizontal_Distance_To_Fire_Points",1096,1,NA,32,39
66,67,"Soil_Type_39",0.5,1,NA,32,40
68,69,"Soil_Type_22",0.5,1,NA,32,41
70,71,"Wilderness_Area_3",0.5,1,NA,32,42
72,73,"Vertical_Distance_To_Hydrology",231.5,1,NA,32,43
0,0,NA,0,-1,"7",32,44
74,75,"Slope",11.5,1,NA,32,45
76,77,"Elevation",3450.5,1,NA,32,46
0,0,NA,0,-1,"7",32,47
78,79,"Soil_Type_4",0.5,1,NA,32,48
0,0,NA,0,-1,"6",32,49
80,81,"Hillshade_Noon",236.5,1,NA,32,50
82,83,"Hillshade_9am",249,1,NA,32,51
84,85,"Elevation",2776.5,1,NA,32,52
86,87,"Hillshade_3pm",72.5,1,NA,32,53
88,89,"Aspect",44.5,1,NA,32,54
90,91,"Horizontal_Distance_To_Hydrology",130.5,1,NA,32,55
92,93,"Aspect",318,1,NA,32,56
94,95,"Aspect",17.5,1,NA,32,57
96,97,"Elevation",2275.5,1,NA,32,58
98,99,"Hillshade_Noon",250.5,1,NA,32,59
0,0,NA,0,-1,"6",32,60
0,0,NA,0,-1,"3",32,61
0,0,NA,0,-1,"3",32,62
0,0,NA,0,-1,"3",32,63
0,0,NA,0,-1,"3",32,64
0,0,NA,0,-1,"4",32,65
0,0,NA,0,-1,"1",32,66
0,0,NA,0,-1,"1",32,67
0,0,NA,0,-1,"1",32,68
0,0,NA,0,-1,"1",32,69
0,0,NA,0,-1,"1",32,70
0,0,NA,0,-1,"7",32,71
0,0,NA,0,-1,"1",32,72
0,0,NA,0,-1,"2",32,73
0,0,NA,0,-1,"1",32,74
0,0,NA,0,-1,"7",32,75
0,0,NA,0,-1,"1",32,76
0,0,NA,0,-1,"7",32,77
0,0,NA,0,-1,"2",32,78
0,0,NA,0,-1,"3",32,79
0,0,NA,0,-1,"2",32,80
0,0,NA,0,-1,"2",32,81
0,0,NA,0,-1,"3",32,82
0,0,NA,0,-1,"2",32,83
0,0,NA,0,-1,"2",32,84
0,0,NA,0,-1,"2",32,85
0,0,NA,0,-1,"2",32,86
0,0,NA,0,-1,"2",32,87
0,0,NA,0,-1,"2",32,88
0,0,NA,0,-1,"2",32,89
0,0,NA,0,-1,"2",32,90
0,0,NA,0,-1,"2",32,91
0,0,NA,0,-1,"3",32,92
0,0,NA,0,-1,"6",32,93
0,0,NA,0,-1,"3",32,94
0,0,NA,0,-1,"3",32,95
0,0,NA,0,-1,"6",32,96
0,0,NA,0,-1,"3",32,97
0,0,NA,0,-1,"3",32,98
0,0,NA,0,-1,"6",32,99
2,3,"Soil_Type_12",0.5,1,NA,33,1
4,5,"Soil_Type_39",0.5,1,NA,33,2
0,0,NA,0,-1,"2",33,3
6,7,"Soil_Type_4",0.5,1,NA,33,4
8,9,"Horizontal_Distance_To_Roadways",2656,1,NA,33,5
10,11,"Soil_Type_6",0.5,1,NA,33,6
0,0,NA,0,-1,"3",33,7
12,13,"Hillshade_3pm",207.5,1,NA,33,8
14,15,"Wilderness_Area_3",0.5,1,NA,33,9
16,17,"Elevation",3048.5,1,NA,33,10
18,19,"Elevation",2521.5,1,NA,33,11
20,21,"Elevation",3376.5,1,NA,33,12
22,23,"Slope",25.5,1,NA,33,13
24,25,"Horizontal_Distance_To_Fire_Points",2076,1,NA,33,14
0,0,NA,0,-1,"7",33,15
26,27,"Horizontal_Distance_To_Roadways",1541.5,1,NA,33,16
28,29,"Soil_Type_32",0.5,1,NA,33,17
30,31,"Hillshade_9am",242.5,1,NA,33,18
32,33,"Slope",5.5,1,NA,33,19
34,35,"Vertical_Distance_To_Hydrology",10.5,1,NA,33,20
36,37,"Wilderness_Area_1",0.5,1,NA,33,21
38,39,"Horizontal_Distance_To_Hydrology",434,1,NA,33,22
0,0,NA,0,-1,"1",33,23
40,41,"Horizontal_Distance_To_Hydrology",342.5,1,NA,33,24
0,0,NA,0,-1,"1",33,25
42,43,"Aspect",234.5,1,NA,33,26
44,45,"Soil_Type_22",0.5,1,NA,33,27
46,47,"Soil_Type_37",0.5,1,NA,33,28
0,0,NA,0,-1,"1",33,29
48,49,"Aspect",351.5,1,NA,33,30
0,0,NA,0,-1,"3",33,31
50,51,"Horizontal_Distance_To_Fire_Points",958,1,NA,33,32
52,53,"Horizontal_Distance_To_Fire_Points",1490.5,1,NA,33,33
54,55,"Hillshade_Noon",207.5,1,NA,33,34
56,57,"Hillshade_9am",236.5,1,NA,33,35
58,59,"Hillshade_3pm",112.5,1,NA,33,36
60,61,"Slope",13,1,NA,33,37
62,63,"Hillshade_Noon",233.5,1,NA,33,38
0,0,NA,0,-1,"1",33,39
64,65,"Horizontal_Distance_To_Roadways",3185.5,1,NA,33,40
66,67,"Hillshade_3pm",105.5,1,NA,33,41
68,69,"Hillshade_9am",245.5,1,NA,33,42
70,71,"Soil_Type_31",0.5,1,NA,33,43
72,73,"Hillshade_Noon",240.5,1,NA,33,44
74,75,"Horizontal_Distance_To_Hydrology",122,1,NA,33,45
76,77,"Soil_Type_38",0.5,1,NA,33,46
0,0,NA,0,-1,"7",33,47
78,79,"Elevation",2408.5,1,NA,33,48
80,81,"Horizontal_Distance_To_Hydrology",222,1,NA,33,49
0,0,NA,0,-1,"2",33,50
82,83,"Aspect",80.5,1,NA,33,51
84,85,"Slope",12.5,1,NA,33,52
0,0,NA,0,-1,"3",33,53
0,0,NA,0,-1,"7",33,54
86,87,"Wilderness_Area_1",0.5,1,NA,33,55
88,89,"Horizontal_Distance_To_Hydrology",547,1,NA,33,56
90,91,"Wilderness_Area_1",0.5,1,NA,33,57
92,93,"Wilderness_Area_3",0.5,1,NA,33,58
94,95,"Slope",9.5,1,NA,33,59
0,0,NA,0,-1,"7",33,60
96,97,"Horizontal_Distance_To_Hydrology",642,1,NA,33,61
0,0,NA,0,-1,"7",33,62
0,0,NA,0,-1,"1",33,63
98,99,"Elevation",3369.5,1,NA,33,64
0,0,NA,0,-1,"1",33,65
0,0,NA,0,-1,"7",33,66
0,0,NA,0,-1,"1",33,67
0,0,NA,0,-1,"2",33,68
0,0,NA,0,-1,"2",33,69
0,0,NA,0,-1,"2",33,70
0,0,NA,0,-1,"2",33,71
0,0,NA,0,-1,"2",33,72
0,0,NA,0,-1,"2",33,73
0,0,NA,0,-1,"1",33,74
0,0,NA,0,-1,"1",33,75
0,0,NA,0,-1,"1",33,76
0,0,NA,0,-1,"1",33,77
0,0,NA,0,-1,"3",33,78
0,0,NA,0,-1,"3",33,79
0,0,NA,0,-1,"6",33,80
0,0,NA,0,-1,"6",33,81
0,0,NA,0,-1,"6",33,82
0,0,NA,0,-1,"3",33,83
0,0,NA,0,-1,"2",33,84
0,0,NA,0,-1,"2",33,85
0,0,NA,0,-1,"7",33,86
0,0,NA,0,-1,"7",33,87
0,0,NA,0,-1,"1",33,88
0,0,NA,0,-1,"7",33,89
0,0,NA,0,-1,"7",33,90
0,0,NA,0,-1,"1",33,91
0,0,NA,0,-1,"7",33,92
0,0,NA,0,-1,"7",33,93
0,0,NA,0,-1,"7",33,94
0,0,NA,0,-1,"7",33,95
0,0,NA,0,-1,"1",33,96
0,0,NA,0,-1,"7",33,97
0,0,NA,0,-1,"7",33,98
0,0,NA,0,-1,"1",33,99
2,3,"Wilderness_Area_1",0.5,1,NA,34,1
4,5,"Horizontal_Distance_To_Fire_Points",1379.5,1,NA,34,2
6,7,"Vertical_Distance_To_Hydrology",3.5,1,NA,34,3
8,9,"Slope",20.5,1,NA,34,4
10,11,"Soil_Type_40",0.5,1,NA,34,5
12,13,"Soil_Type_30",0.5,1,NA,34,6
14,15,"Soil_Type_40",0.5,1,NA,34,7
16,17,"Soil_Type_2",0.5,1,NA,34,8
18,19,"Horizontal_Distance_To_Fire_Points",751.5,1,NA,34,9
20,21,"Elevation",3014.5,1,NA,34,10
22,23,"Hillshade_Noon",195.5,1,NA,34,11
24,25,"Soil_Type_12",0.5,1,NA,34,12
26,27,"Hillshade_Noon",239.5,1,NA,34,13
28,29,"Horizontal_Distance_To_Fire_Points",4200.5,1,NA,34,14
30,31,"Horizontal_Distance_To_Hydrology",272.5,1,NA,34,15
32,33,"Soil_Type_1",0.5,1,NA,34,16
34,35,"Hillshade_Noon",205.5,1,NA,34,17
36,37,"Slope",26.5,1,NA,34,18
38,39,"Soil_Type_13",0.5,1,NA,34,19
40,41,"Soil_Type_6",0.5,1,NA,34,20
42,43,"Hillshade_Noon",222.5,1,NA,34,21
44,45,"Wilderness_Area_2",0.5,1,NA,34,22
0,0,NA,0,-1,"7",34,23
46,47,"Horizontal_Distance_To_Roadways",6344.5,1,NA,34,24
0,0,NA,0,-1,"2",34,25
48,49,"Horizontal_Distance_To_Roadways",753.5,1,NA,34,26
50,51,"Elevation",3086,1,NA,34,27
52,53,"Soil_Type_38",0.5,1,NA,34,28
54,55,"Horizontal_Distance_To_Roadways",2364.5,1,NA,34,29
56,57,"Slope",22.5,1,NA,34,30
58,59,"Horizontal_Distance_To_Fire_Points",3306,1,NA,34,31
60,61,"Soil_Type_23",0.5,1,NA,34,32
62,63,"Vertical_Distance_To_Hydrology",43.5,1,NA,34,33
64,65,"Slope",18.5,1,NA,34,34
66,67,"Vertical_Distance_To_Hydrology",26.5,1,NA,34,35
68,69,"Horizontal_Distance_To_Roadways",2241.5,1,NA,34,36
70,71,"Hillshade_9am",175.5,1,NA,34,37
72,73,"Elevation",2631,1,NA,34,38
74,75,"Horizontal_Distance_To_Roadways",771.5,1,NA,34,39
76,77,"Soil_Type_23",0.5,1,NA,34,40
78,79,"Hillshade_Noon",218.5,1,NA,34,41
80,81,"Elevation",3324.5,1,NA,34,42
82,83,"Elevation",3329.5,1,NA,34,43
84,85,"Horizontal_Distance_To_Hydrology",302,1,NA,34,44
86,87,"Horizontal_Distance_To_Fire_Points",1575.5,1,NA,34,45
88,89,"Hillshade_9am",180.5,1,NA,34,46
90,91,"Hillshade_Noon",237.5,1,NA,34,47
92,93,"Elevation",2904,1,NA,34,48
94,95,"Hillshade_Noon",201.5,1,NA,34,49
0,0,NA,0,-1,"2",34,50
0,0,NA,0,-1,"1",34,51
96,97,"Elevation",3042.5,1,NA,34,52
98,99,"Aspect",62.5,1,NA,34,53
0,0,NA,0,-1,"2",34,54
0,0,NA,0,-1,"2",34,55
0,0,NA,0,-1,"7",34,56
0,0,NA,0,-1,"1",34,57
0,0,NA,0,-1,"1",34,58
0,0,NA,0,-1,"1",34,59
0,0,NA,0,-1,"2",34,60
0,0,NA,0,-1,"1",34,61
0,0,NA,0,-1,"6",34,62
0,0,NA,0,-1,"3",34,63
0,0,NA,0,-1,"2",34,64
0,0,NA,0,-1,"6",34,65
0,0,NA,0,-1,"3",34,66
0,0,NA,0,-1,"3",34,67
0,0,NA,0,-1,"3",34,68
0,0,NA,0,-1,"1",34,69
0,0,NA,0,-1,"3",34,70
0,0,NA,0,-1,"3",34,71
0,0,NA,0,-1,"3",34,72
0,0,NA,0,-1,"2",34,73
0,0,NA,0,-1,"5",34,74
0,0,NA,0,-1,"2",34,75
0,0,NA,0,-1,"2",34,76
0,0,NA,0,-1,"1",34,77
0,0,NA,0,-1,"3",34,78
0,0,NA,0,-1,"3",34,79
0,0,NA,0,-1,"1",34,80
0,0,NA,0,-1,"7",34,81
0,0,NA,0,-1,"1",34,82
0,0,NA,0,-1,"1",34,83
0,0,NA,0,-1,"1",34,84
0,0,NA,0,-1,"7",34,85
0,0,NA,0,-1,"7",34,86
0,0,NA,0,-1,"1",34,87
0,0,NA,0,-1,"1",34,88
0,0,NA,0,-1,"1",34,89
0,0,NA,0,-1,"2",34,90
0,0,NA,0,-1,"2",34,91
0,0,NA,0,-1,"5",34,92
0,0,NA,0,-1,"2",34,93
0,0,NA,0,-1,"2",34,94
0,0,NA,0,-1,"2",34,95
0,0,NA,0,-1,"2",34,96
0,0,NA,0,-1,"1",34,97
0,0,NA,0,-1,"1",34,98
0,0,NA,0,-1,"1",34,99
2,3,"Soil_Type_4",0.5,1,NA,35,1
4,5,"Wilderness_Area_1",0.5,1,NA,35,2
0,0,NA,0,-1,"3",35,3
6,7,"Soil_Type_2",0.5,1,NA,35,4
8,9,"Hillshade_3pm",81.5,1,NA,35,5
10,11,"Wilderness_Area_3",0.5,1,NA,35,6
12,13,"Elevation",2488.5,1,NA,35,7
14,15,"Soil_Type_29",0.5,1,NA,35,8
16,17,"Hillshade_9am",140.5,1,NA,35,9
18,19,"Horizontal_Distance_To_Fire_Points",963,1,NA,35,10
20,21,"Soil_Type_24",0.5,1,NA,35,11
22,23,"Hillshade_3pm",207,1,NA,35,12
0,0,NA,0,-1,"3",35,13
24,25,"Soil_Type_37",0.5,1,NA,35,14
26,27,"Elevation",2833.5,1,NA,35,15
28,29,"Soil_Type_39",0.5,1,NA,35,16
30,31,"Elevation",3048.5,1,NA,35,17
32,33,"Elevation",2499.5,1,NA,35,18
34,35,"Elevation",2604.5,1,NA,35,19
36,37,"Slope",15.5,1,NA,35,20
38,39,"Horizontal_Distance_To_Fire_Points",2034.5,1,NA,35,21
40,41,"Horizontal_Distance_To_Hydrology",237,1,NA,35,22
42,43,"Horizontal_Distance_To_Roadways",872,1,NA,35,23
0,0,NA,0,-1,"1",35,24
0,0,NA,0,-1,"7",35,25
44,45,"Horizontal_Distance_To_Fire_Points",1841.5,1,NA,35,26
0,0,NA,0,-1,"1",35,27
46,47,"Hillshade_3pm",196.5,1,NA,35,28
48,49,"Elevation",3252.5,1,NA,35,29
50,51,"Vertical_Distance_To_Hydrology",6.5,1,NA,35,30
52,53,"Horizontal_Distance_To_Hydrology",196.5,1,NA,35,31
54,55,"Hillshade_9am",228.5,1,NA,35,32
56,57,"Horizontal_Distance_To_Roadways",346,1,NA,35,33
58,59,"Soil_Type_11",0.5,1,NA,35,34
60,61,"Hillshade_Noon",222.5,1,NA,35,35
62,63,"Elevation",3109.5,1,NA,35,36
64,65,"Soil_Type_16",0.5,1,NA,35,37
66,67,"Horizontal_Distance_To_Fire_Points",574.5,1,NA,35,38
0,0,NA,0,-1,"1",35,39
68,69,"Aspect",348.5,1,NA,35,40
0,0,NA,0,-1,"3",35,41
0,0,NA,0,-1,"3",35,42
70,71,"Elevation",2329,1,NA,35,43
72,73,"Horizontal_Distance_To_Fire_Points",833,1,NA,35,44
0,0,NA,0,-1,"2",35,45
74,75,"Hillshade_9am",128.5,1,NA,35,46
76,77,"Vertical_Distance_To_Hydrology",120.5,1,NA,35,47
78,79,"Horizontal_Distance_To_Roadways",1213,1,NA,35,48
80,81,"Horizontal_Distance_To_Fire_Points",3502.5,1,NA,35,49
82,83,"Hillshade_3pm",151.5,1,NA,35,50
84,85,"Soil_Type_12",0.5,1,NA,35,51
86,87,"Soil_Type_35",0.5,1,NA,35,52
88,89,"Soil_Type_29",0.5,1,NA,35,53
90,91,"Hillshade_9am",148.5,1,NA,35,54
92,93,"Slope",15.5,1,NA,35,55
94,95,"Aspect",205.5,1,NA,35,56
96,97,"Horizontal_Distance_To_Fire_Points",404,1,NA,35,57
98,99,"Hillshade_9am",245.5,1,NA,35,58
0,0,NA,0,-1,"6",35,59
0,0,NA,0,-1,"1",35,60
0,0,NA,0,-1,"1",35,61
0,0,NA,0,-1,"2",35,62
0,0,NA,0,-1,"1",35,63
0,0,NA,0,-1,"2",35,64
0,0,NA,0,-1,"6",35,65
0,0,NA,0,-1,"1",35,66
0,0,NA,0,-1,"1",35,67
0,0,NA,0,-1,"3",35,68
0,0,NA,0,-1,"6",35,69
0,0,NA,0,-1,"6",35,70
0,0,NA,0,-1,"3",35,71
0,0,NA,0,-1,"2",35,72
0,0,NA,0,-1,"5",35,73
0,0,NA,0,-1,"1",35,74
0,0,NA,0,-1,"1",35,75
0,0,NA,0,-1,"1",35,76
0,0,NA,0,-1,"2",35,77
0,0,NA,0,-1,"2",35,78
0,0,NA,0,-1,"1",35,79
0,0,NA,0,-1,"1",35,80
0,0,NA,0,-1,"7",35,81
0,0,NA,0,-1,"2",35,82
0,0,NA,0,-1,"2",35,83
0,0,NA,0,-1,"2",35,84
0,0,NA,0,-1,"2",35,85
0,0,NA,0,-1,"1",35,86
0,0,NA,0,-1,"7",35,87
0,0,NA,0,-1,"1",35,88
0,0,NA,0,-1,"1",35,89
0,0,NA,0,-1,"3",35,90
0,0,NA,0,-1,"3",35,91
0,0,NA,0,-1,"3",35,92
0,0,NA,0,-1,"3",35,93
0,0,NA,0,-1,"2",35,94
0,0,NA,0,-1,"2",35,95
0,0,NA,0,-1,"7",35,96
0,0,NA,0,-1,"1",35,97
0,0,NA,0,-1,"3",35,98
0,0,NA,0,-1,"4",35,99
2,3,"Soil_Type_22",0.5,1,NA,36,1
4,5,"Soil_Type_4",0.5,1,NA,36,2
6,7,"Hillshade_3pm",201.5,1,NA,36,3
8,9,"Soil_Type_12",0.5,1,NA,36,4
10,11,"Aspect",142.5,1,NA,36,5
12,13,"Hillshade_Noon",238.5,1,NA,36,6
14,15,"Horizontal_Distance_To_Hydrology",290,1,NA,36,7
16,17,"Soil_Type_2",0.5,1,NA,36,8
18,19,"Aspect",3.5,1,NA,36,9
20,21,"Horizontal_Distance_To_Hydrology",15,1,NA,36,10
22,23,"Horizontal_Distance_To_Fire_Points",1208.5,1,NA,36,11
24,25,"Aspect",64.5,1,NA,36,12
26,27,"Hillshade_9am",203.5,1,NA,36,13
28,29,"Aspect",262.5,1,NA,36,14
0,0,NA,0,-1,"1",36,15
30,31,"Horizontal_Distance_To_Roadways",1449.5,1,NA,36,16
32,33,"Hillshade_Noon",202.5,1,NA,36,17
0,0,NA,0,-1,"2",36,18
34,35,"Vertical_Distance_To_Hydrology",84.5,1,NA,36,19
0,0,NA,0,-1,"4",36,20
36,37,"Horizontal_Distance_To_Roadways",1421.5,1,NA,36,21
38,39,"Elevation",2684.5,1,NA,36,22
0,0,NA,0,-1,"2",36,23
0,0,NA,0,-1,"1",36,24
40,41,"Wilderness_Area_3",0.5,1,NA,36,25
42,43,"Wilderness_Area_1",0.5,1,NA,36,26
44,45,"Horizontal_Distance_To_Fire_Points",4557,1,NA,36,27
0,0,NA,0,-1,"1",36,28
0,0,NA,0,-1,"1",36,29
46,47,"Elevation",2491.5,1,NA,36,30
48,49,"Soil_Type_39",0.5,1,NA,36,31
50,51,"Aspect",35.5,1,NA,36,32
52,53,"Elevation",2489.5,1,NA,36,33
54,55,"Hillshade_9am",190.5,1,NA,36,34
0,0,NA,0,-1,"2",36,35
56,57,"Hillshade_3pm",32,1,NA,36,36
58,59,"Hillshade_3pm",124.5,1,NA,36,37
60,61,"Slope",5.5,1,NA,36,38
62,63,"Elevation",2719.5,1,NA,36,39
64,65,"Wilderness_Area_1",0.5,1,NA,36,40
0,0,NA,0,-1,"1",36,41
66,67,"Horizontal_Distance_To_Hydrology",196.5,1,NA,36,42
68,69,"Slope",16.5,1,NA,36,43
70,71,"Horizontal_Distance_To_Hydrology",361.5,1,NA,36,44
0,0,NA,0,-1,"2",36,45
72,73,"Soil_Type_1",0.5,1,NA,36,46
74,75,"Elevation",2980.5,1,NA,36,47
76,77,"Soil_Type_29",0.5,1,NA,36,48
78,79,"Elevation",3374.5,1,NA,36,49
80,81,"Horizontal_Distance_To_Roadways",1588,1,NA,36,50
82,83,"Slope",25.5,1,NA,36,51
84,85,"Horizontal_Distance_To_Roadways",675,1,NA,36,52
86,87,"Aspect",312.5,1,NA,36,53
0,0,NA,0,-1,"2",36,54
88,89,"Horizontal_Distance_To_Roadways",5020.5,1,NA,36,55
90,91,"Horizontal_Distance_To_Roadways",466.5,1,NA,36,56
92,93,"Elevation",2307.5,1,NA,36,57
0,0,NA,0,-1,"3",36,58
94,95,"Hillshade_9am",234,1,NA,36,59
96,97,"Hillshade_9am",217.5,1,NA,36,60
0,0,NA,0,-1,"3",36,61
98,99,"Horizontal_Distance_To_Roadways",2363.5,1,NA,36,62
0,0,NA,0,-1,"2",36,63
0,0,NA,0,-1,"1",36,64
0,0,NA,0,-1,"1",36,65
0,0,NA,0,-1,"1",36,66
0,0,NA,0,-1,"2",36,67
0,0,NA,0,-1,"2",36,68
0,0,NA,0,-1,"1",36,69
0,0,NA,0,-1,"1",36,70
0,0,NA,0,-1,"2",36,71
0,0,NA,0,-1,"3",36,72
0,0,NA,0,-1,"3",36,73
0,0,NA,0,-1,"2",36,74
0,0,NA,0,-1,"1",36,75
0,0,NA,0,-1,"2",36,76
0,0,NA,0,-1,"2",36,77
0,0,NA,0,-1,"1",36,78
0,0,NA,0,-1,"7",36,79
0,0,NA,0,-1,"3",36,80
0,0,NA,0,-1,"6",36,81
0,0,NA,0,-1,"6",36,82
0,0,NA,0,-1,"3",36,83
0,0,NA,0,-1,"3",36,84
0,0,NA,0,-1,"3",36,85
0,0,NA,0,-1,"3",36,86
0,0,NA,0,-1,"2",36,87
0,0,NA,0,-1,"2",36,88
0,0,NA,0,-1,"2",36,89
0,0,NA,0,-1,"6",36,90
0,0,NA,0,-1,"2",36,91
0,0,NA,0,-1,"3",36,92
0,0,NA,0,-1,"3",36,93
0,0,NA,0,-1,"2",36,94
0,0,NA,0,-1,"6",36,95
0,0,NA,0,-1,"6",36,96
0,0,NA,0,-1,"1",36,97
0,0,NA,0,-1,"3",36,98
0,0,NA,0,-1,"2",36,99
2,3,"Elevation",3034.5,1,NA,37,1
4,5,"Soil_Type_1",0.5,1,NA,37,2
6,7,"Soil_Type_29",0.5,1,NA,37,3
8,9,"Horizontal_Distance_To_Fire_Points",1387.5,1,NA,37,4
10,11,"Elevation",1970.5,1,NA,37,5
12,13,"Soil_Type_40",0.5,1,NA,37,6
14,15,"Hillshade_9am",179.5,1,NA,37,7
16,17,"Elevation",2532.5,1,NA,37,8
18,19,"Horizontal_Distance_To_Hydrology",92.5,1,NA,37,9
20,21,"Horizontal_Distance_To_Fire_Points",593.5,1,NA,37,10
22,23,"Aspect",58,1,NA,37,11
24,25,"Soil_Type_39",0.5,1,NA,37,12
0,0,NA,0,-1,"1",37,13
26,27,"Elevation",3139.5,1,NA,37,14
28,29,"Horizontal_Distance_To_Fire_Points",3400,1,NA,37,15
30,31,"Horizontal_Distance_To_Hydrology",15,1,NA,37,16
32,33,"Soil_Type_4",0.5,1,NA,37,17
34,35,"Horizontal_Distance_To_Roadways",5070,1,NA,37,18
36,37,"Soil_Type_22",0.5,1,NA,37,19
0,0,NA,0,-1,"3",37,20
0,0,NA,0,-1,"6",37,21
38,39,"Horizontal_Distance_To_Roadways",622,1,NA,37,22
40,41,"Horizontal_Distance_To_Fire_Points",873.5,1,NA,37,23
42,43,"Soil_Type_38",0.5,1,NA,37,24
44,45,"Aspect",209,1,NA,37,25
46,47,"Horizontal_Distance_To_Roadways",3074.5,1,NA,37,26
48,49,"Elevation",3221,1,NA,37,27
50,51,"Hillshade_Noon",223.5,1,NA,37,28
0,0,NA,0,-1,"1",37,29
52,53,"Hillshade_9am",208.5,1,NA,37,30
54,55,"Soil_Type_11",0.5,1,NA,37,31
56,57,"Soil_Type_12",0.5,1,NA,37,32
0,0,NA,0,-1,"3",37,33
58,59,"Horizontal_Distance_To_Fire_Points",3896,1,NA,37,34
0,0,NA,0,-1,"1",37,35
60,61,"Slope",19.5,1,NA,37,36
62,63,"Horizontal_Distance_To_Roadways",1727,1,NA,37,37
64,65,"Horizontal_Distance_To_Roadways",397.5,1,NA,37,38
0,0,NA,0,-1,"3",37,39
66,67,"Slope",15.5,1,NA,37,40
68,69,"Slope",25.5,1,NA,37,41
70,71,"Elevation",3160.5,1,NA,37,42
72,73,"Hillshade_Noon",204.5,1,NA,37,43
74,75,"Elevation",3343.5,1,NA,37,44
0,0,NA,0,-1,"1",37,45
0,0,NA,0,-1,"1",37,46
76,77,"Elevation",3132.5,1,NA,37,47
78,79,"Hillshade_3pm",205.5,1,NA,37,48
80,81,"Elevation",3229,1,NA,37,49
82,83,"Elevation",3120.5,1,NA,37,50
84,85,"Vertical_Distance_To_Hydrology",145,1,NA,37,51
86,87,"Hillshade_3pm",206,1,NA,37,52
88,89,"Wilderness_Area_3",0.5,1,NA,37,53
90,91,"Soil_Type_10",0.5,1,NA,37,54
92,93,"Slope",11.5,1,NA,37,55
94,95,"Elevation",2812.5,1,NA,37,56
96,97,"Horizontal_Distance_To_Roadways",1387,1,NA,37,57
98,99,"Soil_Type_10",0.5,1,NA,37,58
0,0,NA,0,-1,"2",37,59
0,0,NA,0,-1,"2",37,60
0,0,NA,0,-1,"2",37,61
0,0,NA,0,-1,"1",37,62
0,0,NA,0,-1,"1",37,63
0,0,NA,0,-1,"6",37,64
0,0,NA,0,-1,"6",37,65
0,0,NA,0,-1,"3",37,66
0,0,NA,0,-1,"3",37,67
0,0,NA,0,-1,"6",37,68
0,0,NA,0,-1,"3",37,69
0,0,NA,0,-1,"1",37,70
0,0,NA,0,-1,"1",37,71
0,0,NA,0,-1,"1",37,72
0,0,NA,0,-1,"1",37,73
0,0,NA,0,-1,"1",37,74
0,0,NA,0,-1,"7",37,75
0,0,NA,0,-1,"1",37,76
0,0,NA,0,-1,"2",37,77
0,0,NA,0,-1,"1",37,78
0,0,NA,0,-1,"1",37,79
0,0,NA,0,-1,"2",37,80
0,0,NA,0,-1,"1",37,81
0,0,NA,0,-1,"1",37,82
0,0,NA,0,-1,"1",37,83
0,0,NA,0,-1,"2",37,84
0,0,NA,0,-1,"2",37,85
0,0,NA,0,-1,"3",37,86
0,0,NA,0,-1,"3",37,87
0,0,NA,0,-1,"4",37,88
0,0,NA,0,-1,"6",37,89
0,0,NA,0,-1,"3",37,90
0,0,NA,0,-1,"3",37,91
0,0,NA,0,-1,"6",37,92
0,0,NA,0,-1,"3",37,93
0,0,NA,0,-1,"2",37,94
0,0,NA,0,-1,"2",37,95
0,0,NA,0,-1,"2",37,96
0,0,NA,0,-1,"2",37,97
0,0,NA,0,-1,"2",37,98
0,0,NA,0,-1,"2",37,99
2,3,"Elevation",3042.5,1,NA,38,1
4,5,"Soil_Type_6",0.5,1,NA,38,2
6,7,"Soil_Type_33",0.5,1,NA,38,3
8,9,"Hillshade_Noon",189.5,1,NA,38,4
0,0,NA,0,-1,"3",38,5
10,11,"Elevation",3323.5,1,NA,38,6
12,13,"Horizontal_Distance_To_Fire_Points",874.5,1,NA,38,7
14,15,"Elevation",2511,1,NA,38,8
16,17,"Slope",20.5,1,NA,38,9
18,19,"Soil_Type_39",0.5,1,NA,38,10
20,21,"Soil_Type_32",0.5,1,NA,38,11
22,23,"Wilderness_Area_3",0.5,1,NA,38,12
24,25,"Horizontal_Distance_To_Roadways",1368.5,1,NA,38,13
26,27,"Horizontal_Distance_To_Fire_Points",1169.5,1,NA,38,14
28,29,"Wilderness_Area_3",0.5,1,NA,38,15
30,31,"Wilderness_Area_3",0.5,1,NA,38,16
32,33,"Elevation",2592.5,1,NA,38,17
34,35,"Elevation",3162.5,1,NA,38,18
36,37,"Wilderness_Area_3",0.5,1,NA,38,19
38,39,"Soil_Type_29",0.5,1,NA,38,20
40,41,"Horizontal_Distance_To_Hydrology",368,1,NA,38,21
0,0,NA,0,-1,"1",38,22
42,43,"Vertical_Distance_To_Hydrology",33,1,NA,38,23
44,45,"Wilderness_Area_3",0.5,1,NA,38,24
46,47,"Hillshade_9am",247.5,1,NA,38,25
48,49,"Vertical_Distance_To_Hydrology",87,1,NA,38,26
0,0,NA,0,-1,"3",38,27
50,51,"Soil_Type_29",0.5,1,NA,38,28
52,53,"Slope",25.5,1,NA,38,29
54,55,"Horizontal_Distance_To_Hydrology",76,1,NA,38,30
56,57,"Soil_Type_22",0.5,1,NA,38,31
58,59,"Soil_Type_33",0.5,1,NA,38,32
60,61,"Horizontal_Distance_To_Roadways",817.5,1,NA,38,33
62,63,"Elevation",3078.5,1,NA,38,34
64,65,"Wilderness_Area_2",0.5,1,NA,38,35
66,67,"Vertical_Distance_To_Hydrology",14.5,1,NA,38,36
68,69,"Horizontal_Distance_To_Hydrology",166,1,NA,38,37
70,71,"Wilderness_Area_2",0.5,1,NA,38,38
0,0,NA,0,-1,"1",38,39
72,73,"Hillshade_9am",231.5,1,NA,38,40
74,75,"Aspect",80,1,NA,38,41
76,77,"Elevation",3237.5,1,NA,38,42
78,79,"Horizontal_Distance_To_Hydrology",238,1,NA,38,43
80,81,"Aspect",250.5,1,NA,38,44
0,0,NA,0,-1,"2",38,45
0,0,NA,0,-1,"1",38,46
82,83,"Horizontal_Distance_To_Hydrology",237,1,NA,38,47
0,0,NA,0,-1,"3",38,48
84,85,"Elevation",2374,1,NA,38,49
86,87,"Hillshade_Noon",182.5,1,NA,38,50
88,89,"Horizontal_Distance_To_Roadways",456.5,1,NA,38,51
90,91,"Soil_Type_10",0.5,1,NA,38,52
92,93,"Vertical_Distance_To_Hydrology",-7.5,1,NA,38,53
94,95,"Elevation",2454,1,NA,38,54
96,97,"Soil_Type_12",0.5,1,NA,38,55
98,99,"Soil_Type_11",0.5,1,NA,38,56
0,0,NA,0,-1,"1",38,57
0,0,NA,0,-1,"3",38,58
0,0,NA,0,-1,"2",38,59
0,0,NA,0,-1,"2",38,60
0,0,NA,0,-1,"2",38,61
0,0,NA,0,-1,"1",38,62
0,0,NA,0,-1,"1",38,63
0,0,NA,0,-1,"1",38,64
0,0,NA,0,-1,"1",38,65
0,0,NA,0,-1,"1",38,66
0,0,NA,0,-1,"1",38,67
0,0,NA,0,-1,"7",38,68
0,0,NA,0,-1,"7",38,69
0,0,NA,0,-1,"7",38,70
0,0,NA,0,-1,"1",38,71
0,0,NA,0,-1,"1",38,72
0,0,NA,0,-1,"1",38,73
0,0,NA,0,-1,"7",38,74
0,0,NA,0,-1,"1",38,75
0,0,NA,0,-1,"2",38,76
0,0,NA,0,-1,"1",38,77
0,0,NA,0,-1,"2",38,78
0,0,NA,0,-1,"1",38,79
0,0,NA,0,-1,"1",38,80
0,0,NA,0,-1,"1",38,81
0,0,NA,0,-1,"1",38,82
0,0,NA,0,-1,"1",38,83
0,0,NA,0,-1,"3",38,84
0,0,NA,0,-1,"3",38,85
0,0,NA,0,-1,"5",38,86
0,0,NA,0,-1,"2",38,87
0,0,NA,0,-1,"1",38,88
0,0,NA,0,-1,"2",38,89
0,0,NA,0,-1,"2",38,90
0,0,NA,0,-1,"2",38,91
0,0,NA,0,-1,"1",38,92
0,0,NA,0,-1,"2",38,93
0,0,NA,0,-1,"3",38,94
0,0,NA,0,-1,"2",38,95
0,0,NA,0,-1,"2",38,96
0,0,NA,0,-1,"2",38,97
0,0,NA,0,-1,"2",38,98
0,0,NA,0,-1,"2",38,99
2,3,"Soil_Type_23",0.5,1,NA,39,1
4,5,"Soil_Type_22",0.5,1,NA,39,2
6,7,"Aspect",138.5,1,NA,39,3
8,9,"Soil_Type_39",0.5,1,NA,39,4
10,11,"Hillshade_Noon",239.5,1,NA,39,5
12,13,"Horizontal_Distance_To_Fire_Points",3040.5,1,NA,39,6
14,15,"Wilderness_Area_3",0.5,1,NA,39,7
16,17,"Horizontal_Distance_To_Roadways",1453,1,NA,39,8
18,19,"Elevation",3356.5,1,NA,39,9
0,0,NA,0,-1,"1",39,10
20,21,"Horizontal_Distance_To_Roadways",5031,1,NA,39,11
22,23,"Horizontal_Distance_To_Hydrology",244.5,1,NA,39,12
24,25,"Slope",6.5,1,NA,39,13
26,27,"Horizontal_Distance_To_Roadways",5341.5,1,NA,39,14
28,29,"Elevation",2707.5,1,NA,39,15
30,31,"Elevation",2488.5,1,NA,39,16
32,33,"Elevation",3048.5,1,NA,39,17
34,35,"Hillshade_3pm",133.5,1,NA,39,18
36,37,"Hillshade_Noon",227.5,1,NA,39,19
38,39,"Horizontal_Distance_To_Fire_Points",4511,1,NA,39,20
40,41,"Hillshade_3pm",180,1,NA,39,21
42,43,"Vertical_Distance_To_Hydrology",-0.5,1,NA,39,22
44,45,"Vertical_Distance_To_Hydrology",168.5,1,NA,39,23
46,47,"Wilderness_Area_3",0.5,1,NA,39,24
48,49,"Hillshade_Noon",236.5,1,NA,39,25
50,51,"Elevation",2935.5,1,NA,39,26
0,0,NA,0,-1,"2",39,27
52,53,"Hillshade_9am",162.5,1,NA,39,28
54,55,"Horizontal_Distance_To_Roadways",1292.5,1,NA,39,29
56,57,"Hillshade_9am",238.5,1,NA,39,30
58,59,"Wilderness_Area_2",0.5,1,NA,39,31
60,61,"Wilderness_Area_4",0.5,1,NA,39,32
62,63,"Horizontal_Distance_To_Fire_Points",3235.5,1,NA,39,33
64,65,"Horizontal_Distance_To_Hydrology",244.5,1,NA,39,34
66,67,"Horizontal_Distance_To_Roadways",976,1,NA,39,35
68,69,"Elevation",3389,1,NA,39,36
70,71,"Vertical_Distance_To_Hydrology",202.5,1,NA,39,37
72,73,"Elevation",3208,1,NA,39,38
0,0,NA,0,-1,"2",39,39
74,75,"Horizontal_Distance_To_Fire_Points",1699,1,NA,39,40
76,77,"Horizontal_Distance_To_Roadways",6010.5,1,NA,39,41
78,79,"Wilderness_Area_3",0.5,1,NA,39,42
80,81,"Slope",11.5,1,NA,39,43
82,83,"Vertical_Distance_To_Hydrology",86,1,NA,39,44
0,0,NA,0,-1,"1",39,45
84,85,"Slope",2.5,1,NA,39,46
0,0,NA,0,-1,"1",39,47
86,87,"Horizontal_Distance_To_Roadways",5385.5,1,NA,39,48
0,0,NA,0,-1,"7",39,49
88,89,"Hillshade_3pm",189.5,1,NA,39,50
90,91,"Aspect",259.5,1,NA,39,51
0,0,NA,0,-1,"5",39,52
0,0,NA,0,-1,"2",39,53
0,0,NA,0,-1,"2",39,54
92,93,"Slope",17.5,1,NA,39,55
94,95,"Wilderness_Area_3",0.5,1,NA,39,56
96,97,"Horizontal_Distance_To_Hydrology",51,1,NA,39,57
98,99,"Horizontal_Distance_To_Fire_Points",3708,1,NA,39,58
0,0,NA,0,-1,"1",39,59
0,0,NA,0,-1,"2",39,60
0,0,NA,0,-1,"6",39,61
0,0,NA,0,-1,"1",39,62
0,0,NA,0,-1,"1",39,63
0,0,NA,0,-1,"7",39,64
0,0,NA,0,-1,"1",39,65
0,0,NA,0,-1,"2",39,66
0,0,NA,0,-1,"1",39,67
0,0,NA,0,-1,"7",39,68
0,0,NA,0,-1,"7",39,69
0,0,NA,0,-1,"1",39,70
0,0,NA,0,-1,"7",39,71
0,0,NA,0,-1,"1",39,72
0,0,NA,0,-1,"1",39,73
0,0,NA,0,-1,"1",39,74
0,0,NA,0,-1,"2",39,75
0,0,NA,0,-1,"2",39,76
0,0,NA,0,-1,"1",39,77
0,0,NA,0,-1,"1",39,78
0,0,NA,0,-1,"1",39,79
0,0,NA,0,-1,"1",39,80
0,0,NA,0,-1,"1",39,81
0,0,NA,0,-1,"2",39,82
0,0,NA,0,-1,"2",39,83
0,0,NA,0,-1,"2",39,84
0,0,NA,0,-1,"1",39,85
0,0,NA,0,-1,"1",39,86
0,0,NA,0,-1,"2",39,87
0,0,NA,0,-1,"2",39,88
0,0,NA,0,-1,"1",39,89
0,0,NA,0,-1,"1",39,90
0,0,NA,0,-1,"1",39,91
0,0,NA,0,-1,"1",39,92
0,0,NA,0,-1,"2",39,93
0,0,NA,0,-1,"3",39,94
0,0,NA,0,-1,"6",39,95
0,0,NA,0,-1,"3",39,96
0,0,NA,0,-1,"3",39,97
0,0,NA,0,-1,"2",39,98
0,0,NA,0,-1,"2",39,99
2,3,"Soil_Type_10",0.5,1,NA,40,1
4,5,"Elevation",3042.5,1,NA,40,2
6,7,"Wilderness_Area_4",0.5,1,NA,40,3
8,9,"Wilderness_Area_4",0.5,1,NA,40,4
10,11,"Soil_Type_38",0.5,1,NA,40,5
12,13,"Vertical_Distance_To_Hydrology",73.5,1,NA,40,6
14,15,"Elevation",2352.5,1,NA,40,7
16,17,"Wilderness_Area_3",0.5,1,NA,40,8
18,19,"Vertical_Distance_To_Hydrology",1.5,1,NA,40,9
20,21,"Aspect",77.5,1,NA,40,10
22,23,"Horizontal_Distance_To_Roadways",5323.5,1,NA,40,11
24,25,"Aspect",242,1,NA,40,12
26,27,"Hillshade_Noon",227.5,1,NA,40,13
0,0,NA,0,-1,"3",40,14
28,29,"Elevation",2471.5,1,NA,40,15
30,31,"Hillshade_Noon",197.5,1,NA,40,16
32,33,"Horizontal_Distance_To_Hydrology",36,1,NA,40,17
34,35,"Horizontal_Distance_To_Hydrology",15,1,NA,40,18
36,37,"Soil_Type_6",0.5,1,NA,40,19
38,39,"Soil_Type_22",0.5,1,NA,40,20
40,41,"Hillshade_3pm",97.5,1,NA,40,21
0,0,NA,0,-1,"1",40,22
0,0,NA,0,-1,"1",40,23
42,43,"Vertical_Distance_To_Hydrology",3.5,1,NA,40,24
0,0,NA,0,-1,"6",40,25
0,0,NA,0,-1,"2",40,26
44,45,"Elevation",2906.5,1,NA,40,27
46,47,"Vertical_Distance_To_Hydrology",150.5,1,NA,40,28
48,49,"Aspect",52,1,NA,40,29
50,51,"Horizontal_Distance_To_Roadways",327,1,NA,40,30
52,53,"Soil_Type_9",0.5,1,NA,40,31
54,55,"Soil_Type_23",0.5,1,NA,40,32
56,57,"Soil_Type_2",0.5,1,NA,40,33
58,59,"Hillshade_Noon",204,1,NA,40,34
60,61,"Slope",25.5,1,NA,40,35
0,0,NA,0,-1,"3",40,36
62,63,"Horizontal_Distance_To_Roadways",269,1,NA,40,37
64,65,"Wilderness_Area_3",0.5,1,NA,40,38
66,67,"Slope",24.5,1,NA,40,39
68,69,"Hillshade_9am",233,1,NA,40,40
70,71,"Soil_Type_22",0.5,1,NA,40,41
72,73,"Aspect",97.5,1,NA,40,42
74,75,"Elevation",2609.5,1,NA,40,43
0,0,NA,0,-1,"2",40,44
0,0,NA,0,-1,"1",40,45
76,77,"Hillshade_Noon",188.5,1,NA,40,46
78,79,"Slope",25.5,1,NA,40,47
80,81,"Horizontal_Distance_To_Hydrology",77.5,1,NA,40,48
0,0,NA,0,-1,"2",40,49
82,83,"Hillshade_3pm",76.5,1,NA,40,50
84,85,"Horizontal_Distance_To_Fire_Points",2742.5,1,NA,40,51
86,87,"Hillshade_Noon",239.5,1,NA,40,52
88,89,"Aspect",342,1,NA,40,53
90,91,"Slope",24.5,1,NA,40,54
92,93,"Hillshade_Noon",244.5,1,NA,40,55
94,95,"Hillshade_9am",239.5,1,NA,40,56
96,97,"Aspect",72.5,1,NA,40,57
98,99,"Elevation",2001,1,NA,40,58
0,0,NA,0,-1,"4",40,59
0,0,NA,0,-1,"3",40,60
0,0,NA,0,-1,"3",40,61
0,0,NA,0,-1,"2",40,62
0,0,NA,0,-1,"3",40,63
0,0,NA,0,-1,"1",40,64
0,0,NA,0,-1,"1",40,65
0,0,NA,0,-1,"1",40,66
0,0,NA,0,-1,"1",40,67
0,0,NA,0,-1,"2",40,68
0,0,NA,0,-1,"1",40,69
0,0,NA,0,-1,"1",40,70
0,0,NA,0,-1,"1",40,71
0,0,NA,0,-1,"6",40,72
0,0,NA,0,-1,"2",40,73
0,0,NA,0,-1,"6",40,74
0,0,NA,0,-1,"2",40,75
0,0,NA,0,-1,"3",40,76
0,0,NA,0,-1,"6",40,77
0,0,NA,0,-1,"3",40,78
0,0,NA,0,-1,"3",40,79
0,0,NA,0,-1,"2",40,80
0,0,NA,0,-1,"3",40,81
0,0,NA,0,-1,"5",40,82
0,0,NA,0,-1,"1",40,83
0,0,NA,0,-1,"2",40,84
0,0,NA,0,-1,"1",40,85
0,0,NA,0,-1,"2",40,86
0,0,NA,0,-1,"2",40,87
0,0,NA,0,-1,"2",40,88
0,0,NA,0,-1,"1",40,89
0,0,NA,0,-1,"2",40,90
0,0,NA,0,-1,"2",40,91
0,0,NA,0,-1,"1",40,92
0,0,NA,0,-1,"2",40,93
0,0,NA,0,-1,"2",40,94
0,0,NA,0,-1,"2",40,95
0,0,NA,0,-1,"6",40,96
0,0,NA,0,-1,"3",40,97
0,0,NA,0,-1,"3",40,98
0,0,NA,0,-1,"4",40,99
2,3,"Wilderness_Area_4",0.5,1,NA,41,1
4,5,"Elevation",3042.5,1,NA,41,2
6,7,"Slope",25.5,1,NA,41,3
8,9,"Horizontal_Distance_To_Hydrology",92.5,1,NA,41,4
10,11,"Soil_Type_38",0.5,1,NA,41,5
12,13,"Horizontal_Distance_To_Hydrology",15,1,NA,41,6
14,15,"Soil_Type_3",0.5,1,NA,41,7
16,17,"Elevation",2918.5,1,NA,41,8
18,19,"Horizontal_Distance_To_Hydrology",569.5,1,NA,41,9
20,21,"Horizontal_Distance_To_Hydrology",237,1,NA,41,10
22,23,"Wilderness_Area_2",0.5,1,NA,41,11
24,25,"Slope",23.5,1,NA,41,12
26,27,"Soil_Type_14",0.5,1,NA,41,13
28,29,"Aspect",72,1,NA,41,14
30,31,"Hillshade_Noon",170,1,NA,41,15
32,33,"Soil_Type_23",0.5,1,NA,41,16
34,35,"Soil_Type_21",0.5,1,NA,41,17
36,37,"Elevation",2656.5,1,NA,41,18
38,39,"Hillshade_3pm",99.5,1,NA,41,19
40,41,"Horizontal_Distance_To_Hydrology",130.5,1,NA,41,20
42,43,"Soil_Type_22",0.5,1,NA,41,21
44,45,"Wilderness_Area_1",0.5,1,NA,41,22
46,47,"Horizontal_Distance_To_Fire_Points",1692.5,1,NA,41,23
48,49,"Hillshade_9am",208.5,1,NA,41,24
0,0,NA,0,-1,"3",41,25
50,51,"Soil_Type_11",0.5,1,NA,41,26
52,53,"Vertical_Distance_To_Hydrology",3,1,NA,41,27
54,55,"Elevation",2410,1,NA,41,28
56,57,"Horizontal_Distance_To_Roadways",593,1,NA,41,29
58,59,"Horizontal_Distance_To_Roadways",310.5,1,NA,41,30
60,61,"Slope",35.5,1,NA,41,31
62,63,"Wilderness_Area_3",0.5,1,NA,41,32
64,65,"Hillshade_9am",200.5,1,NA,41,33
66,67,"Horizontal_Distance_To_Roadways",5065.5,1,NA,41,34
0,0,NA,0,-1,"1",41,35
68,69,"Soil_Type_4",0.5,1,NA,41,36
70,71,"Soil_Type_4",0.5,1,NA,41,37
72,73,"Horizontal_Distance_To_Roadways",950,1,NA,41,38
74,75,"Elevation",2652,1,NA,41,39
76,77,"Soil_Type_39",0.5,1,NA,41,40
78,79,"Hillshade_Noon",200.5,1,NA,41,41
80,81,"Hillshade_3pm",92.5,1,NA,41,42
82,83,"Wilderness_Area_3",0.5,1,NA,41,43
84,85,"Hillshade_9am",207.5,1,NA,41,44
86,87,"Hillshade_9am",223.5,1,NA,41,45
88,89,"Horizontal_Distance_To_Fire_Points",1429,1,NA,41,46
90,91,"Slope",5.5,1,NA,41,47
92,93,"Elevation",2311,1,NA,41,48
94,95,"Horizontal_Distance_To_Roadways",248.5,1,NA,41,49
96,97,"Horizontal_Distance_To_Fire_Points",1499.5,1,NA,41,50
98,99,"Hillshade_9am",235,1,NA,41,51
0,0,NA,0,-1,"6",41,52
0,0,NA,0,-1,"3",41,53
0,0,NA,0,-1,"3",41,54
0,0,NA,0,-1,"3",41,55
0,0,NA,0,-1,"3",41,56
0,0,NA,0,-1,"3",41,57
0,0,NA,0,-1,"3",41,58
0,0,NA,0,-1,"4",41,59
0,0,NA,0,-1,"4",41,60
0,0,NA,0,-1,"3",41,61
0,0,NA,0,-1,"2",41,62
0,0,NA,0,-1,"2",41,63
0,0,NA,0,-1,"2",41,64
0,0,NA,0,-1,"2",41,65
0,0,NA,0,-1,"1",41,66
0,0,NA,0,-1,"1",41,67
0,0,NA,0,-1,"2",41,68
0,0,NA,0,-1,"3",41,69
0,0,NA,0,-1,"2",41,70
0,0,NA,0,-1,"2",41,71
0,0,NA,0,-1,"2",41,72
0,0,NA,0,-1,"2",41,73
0,0,NA,0,-1,"3",41,74
0,0,NA,0,-1,"2",41,75
0,0,NA,0,-1,"1",41,76
0,0,NA,0,-1,"7",41,77
0,0,NA,0,-1,"1",41,78
0,0,NA,0,-1,"1",41,79
0,0,NA,0,-1,"1",41,80
0,0,NA,0,-1,"1",41,81
0,0,NA,0,-1,"1",41,82
0,0,NA,0,-1,"1",41,83
0,0,NA,0,-1,"7",41,84
0,0,NA,0,-1,"7",41,85
0,0,NA,0,-1,"1",41,86
0,0,NA,0,-1,"1",41,87
0,0,NA,0,-1,"7",41,88
0,0,NA,0,-1,"7",41,89
0,0,NA,0,-1,"2",41,90
0,0,NA,0,-1,"1",41,91
0,0,NA,0,-1,"3",41,92
0,0,NA,0,-1,"6",41,93
0,0,NA,0,-1,"3",41,94
0,0,NA,0,-1,"4",41,95
0,0,NA,0,-1,"3",41,96
0,0,NA,0,-1,"3",41,97
0,0,NA,0,-1,"6",41,98
0,0,NA,0,-1,"3",41,99
2,3,"Soil_Type_22",0.5,1,NA,42,1
4,5,"Horizontal_Distance_To_Roadways",1450.5,1,NA,42,2
6,7,"Vertical_Distance_To_Hydrology",19.5,1,NA,42,3
8,9,"Wilderness_Area_1",0.5,1,NA,42,4
10,11,"Soil_Type_38",0.5,1,NA,42,5
12,13,"Horizontal_Distance_To_Roadways",1417,1,NA,42,6
14,15,"Horizontal_Distance_To_Hydrology",151.5,1,NA,42,7
16,17,"Soil_Type_10",0.5,1,NA,42,8
18,19,"Soil_Type_38",0.5,1,NA,42,9
20,21,"Soil_Type_39",0.5,1,NA,42,10
22,23,"Wilderness_Area_1",0.5,1,NA,42,11
24,25,"Elevation",2726,1,NA,42,12
0,0,NA,0,-1,"1",42,13
26,27,"Aspect",86.5,1,NA,42,14
0,0,NA,0,-1,"1",42,15
28,29,"Hillshade_9am",242.5,1,NA,42,16
0,0,NA,0,-1,"3",42,17
30,31,"Horizontal_Distance_To_Fire_Points",3014,1,NA,42,18
0,0,NA,0,-1,"1",42,19
32,33,"Soil_Type_40",0.5,1,NA,42,20
34,35,"Wilderness_Area_1",0.5,1,NA,42,21
36,37,"Wilderness_Area_3",0.5,1,NA,42,22
0,0,NA,0,-1,"1",42,23
0,0,NA,0,-1,"2",42,24
38,39,"Vertical_Distance_To_Hydrology",-75,1,NA,42,25
0,0,NA,0,-1,"1",42,26
40,41,"Horizontal_Distance_To_Hydrology",114,1,NA,42,27
42,43,"Elevation",2567.5,1,NA,42,28
44,45,"Wilderness_Area_4",0.5,1,NA,42,29
46,47,"Hillshade_Noon",193.5,1,NA,42,30
48,49,"Vertical_Distance_To_Hydrology",5.5,1,NA,42,31
50,51,"Horizontal_Distance_To_Fire_Points",4221.5,1,NA,42,32
52,53,"Hillshade_9am",214.5,1,NA,42,33
0,0,NA,0,-1,"7",42,34
54,55,"Hillshade_9am",229.5,1,NA,42,35
0,0,NA,0,-1,"1",42,36
56,57,"Horizontal_Distance_To_Fire_Points",450,1,NA,42,37
0,0,NA,0,-1,"2",42,38
58,59,"Horizontal_Distance_To_Hydrology",656.5,1,NA,42,39
60,61,"Hillshade_Noon",248.5,1,NA,42,40
62,63,"Aspect",355,1,NA,42,41
64,65,"Wilderness_Area_3",0.5,1,NA,42,42
66,67,"Soil_Type_39",0.5,1,NA,42,43
68,69,"Elevation",2658.5,1,NA,42,44
70,71,"Horizontal_Distance_To_Hydrology",36,1,NA,42,45
72,73,"Horizontal_Distance_To_Fire_Points",1901,1,NA,42,46
74,75,"Soil_Type_35",0.5,1,NA,42,47
76,77,"Horizontal_Distance_To_Roadways",685,1,NA,42,48
78,79,"Horizontal_Distance_To_Roadways",723.5,1,NA,42,49
80,81,"Soil_Type_12",0.5,1,NA,42,50
82,83,"Elevation",3046,1,NA,42,51
84,85,"Hillshade_3pm",191.5,1,NA,42,52
86,87,"Aspect",118.5,1,NA,42,53
88,89,"Hillshade_3pm",89.5,1,NA,42,54
90,91,"Horizontal_Distance_To_Roadways",2234,1,NA,42,55
92,93,"Aspect",173.5,1,NA,42,56
94,95,"Hillshade_9am",180.5,1,NA,42,57
96,97,"Wilderness_Area_3",0.5,1,NA,42,58
98,99,"Horizontal_Distance_To_Fire_Points",3561.5,1,NA,42,59
0,0,NA,0,-1,"1",42,60
0,0,NA,0,-1,"2",42,61
0,0,NA,0,-1,"1",42,62
0,0,NA,0,-1,"2",42,63
0,0,NA,0,-1,"3",42,64
0,0,NA,0,-1,"3",42,65
0,0,NA,0,-1,"2",42,66
0,0,NA,0,-1,"7",42,67
0,0,NA,0,-1,"3",42,68
0,0,NA,0,-1,"2",42,69
0,0,NA,0,-1,"3",42,70
0,0,NA,0,-1,"3",42,71
0,0,NA,0,-1,"1",42,72
0,0,NA,0,-1,"2",42,73
0,0,NA,0,-1,"2",42,74
0,0,NA,0,-1,"1",42,75
0,0,NA,0,-1,"5",42,76
0,0,NA,0,-1,"2",42,77
0,0,NA,0,-1,"2",42,78
0,0,NA,0,-1,"2",42,79
0,0,NA,0,-1,"2",42,80
0,0,NA,0,-1,"2",42,81
0,0,NA,0,-1,"2",42,82
0,0,NA,0,-1,"1",42,83
0,0,NA,0,-1,"7",42,84
0,0,NA,0,-1,"1",42,85
0,0,NA,0,-1,"1",42,86
0,0,NA,0,-1,"7",42,87
0,0,NA,0,-1,"1",42,88
0,0,NA,0,-1,"1",42,89
0,0,NA,0,-1,"1",42,90
0,0,NA,0,-1,"7",42,91
0,0,NA,0,-1,"7",42,92
0,0,NA,0,-1,"1",42,93
0,0,NA,0,-1,"1",42,94
0,0,NA,0,-1,"7",42,95
0,0,NA,0,-1,"1",42,96
0,0,NA,0,-1,"1",42,97
0,0,NA,0,-1,"2",42,98
0,0,NA,0,-1,"1",42,99
2,3,"Soil_Type_29",0.5,1,NA,43,1
4,5,"Horizontal_Distance_To_Roadways",1448.5,1,NA,43,2
6,7,"Horizontal_Distance_To_Fire_Points",1643.5,1,NA,43,3
8,9,"Elevation",2526.5,1,NA,43,4
10,11,"Wilderness_Area_4",0.5,1,NA,43,5
12,13,"Horizontal_Distance_To_Hydrology",290,1,NA,43,6
14,15,"Vertical_Distance_To_Hydrology",80.5,1,NA,43,7
16,17,"Horizontal_Distance_To_Fire_Points",2080.5,1,NA,43,8
18,19,"Hillshade_Noon",251.5,1,NA,43,9
20,21,"Soil_Type_39",0.5,1,NA,43,10
22,23,"Hillshade_Noon",225.5,1,NA,43,11
24,25,"Elevation",2966.5,1,NA,43,12
26,27,"Vertical_Distance_To_Hydrology",109,1,NA,43,13
0,0,NA,0,-1,"2",43,14
28,29,"Elevation",3047.5,1,NA,43,15
30,31,"Horizontal_Distance_To_Fire_Points",656.5,1,NA,43,16
32,33,"Horizontal_Distance_To_Fire_Points",5133.5,1,NA,43,17
34,35,"Soil_Type_11",0.5,1,NA,43,18
36,37,"Slope",16.5,1,NA,43,19
38,39,"Soil_Type_4",0.5,1,NA,43,20
40,41,"Wilderness_Area_3",0.5,1,NA,43,21
42,43,"Hillshade_9am",199,1,NA,43,22
44,45,"Soil_Type_3",0.5,1,NA,43,23
0,0,NA,0,-1,"2",43,24
46,47,"Horizontal_Distance_To_Fire_Points",775.5,1,NA,43,25
48,49,"Horizontal_Distance_To_Roadways",5734.5,1,NA,43,26
50,51,"Horizontal_Distance_To_Hydrology",575,1,NA,43,27
52,53,"Hillshade_3pm",140.5,1,NA,43,28
54,55,"Hillshade_9am",244.5,1,NA,43,29
56,57,"Hillshade_3pm",218.5,1,NA,43,30
58,59,"Slope",26.5,1,NA,43,31
60,61,"Hillshade_Noon",223.5,1,NA,43,32
0,0,NA,0,-1,"5",43,33
62,63,"Soil_Type_2",0.5,1,NA,43,34
64,65,"Elevation",2676,1,NA,43,35
66,67,"Horizontal_Distance_To_Fire_Points",1033.5,1,NA,43,36
68,69,"Soil_Type_23",0.5,1,NA,43,37
70,71,"Soil_Type_13",0.5,1,NA,43,38
72,73,"Hillshade_3pm",200.5,1,NA,43,39
74,75,"Wilderness_Area_1",0.5,1,NA,43,40
0,0,NA,0,-1,"7",43,41
76,77,"Horizontal_Distance_To_Fire_Points",866,1,NA,43,42
78,79,"Horizontal_Distance_To_Fire_Points",936.5,1,NA,43,43
80,81,"Soil_Type_17",0.5,1,NA,43,44
0,0,NA,0,-1,"3",43,45
82,83,"Horizontal_Distance_To_Fire_Points",156,1,NA,43,46
84,85,"Elevation",3032,1,NA,43,47
86,87,"Slope",9.5,1,NA,43,48
0,0,NA,0,-1,"1",43,49
88,89,"Horizontal_Distance_To_Fire_Points",1458.5,1,NA,43,50
90,91,"Horizontal_Distance_To_Fire_Points",847,1,NA,43,51
92,93,"Horizontal_Distance_To_Roadways",409,1,NA,43,52
94,95,"Horizontal_Distance_To_Fire_Points",1780.5,1,NA,43,53
96,97,"Hillshade_9am",223.5,1,NA,43,54
98,99,"Horizontal_Distance_To_Roadways",1266.5,1,NA,43,55
0,0,NA,0,-1,"3",43,56
0,0,NA,0,-1,"3",43,57
0,0,NA,0,-1,"3",43,58
0,0,NA,0,-1,"3",43,59
0,0,NA,0,-1,"2",43,60
0,0,NA,0,-1,"2",43,61
0,0,NA,0,-1,"2",43,62
0,0,NA,0,-1,"3",43,63
0,0,NA,0,-1,"2",43,64
0,0,NA,0,-1,"2",43,65
0,0,NA,0,-1,"1",43,66
0,0,NA,0,-1,"2",43,67
0,0,NA,0,-1,"2",43,68
0,0,NA,0,-1,"1",43,69
0,0,NA,0,-1,"2",43,70
0,0,NA,0,-1,"2",43,71
0,0,NA,0,-1,"3",43,72
0,0,NA,0,-1,"2",43,73
0,0,NA,0,-1,"7",43,74
0,0,NA,0,-1,"1",43,75
0,0,NA,0,-1,"6",43,76
0,0,NA,0,-1,"3",43,77
0,0,NA,0,-1,"3",43,78
0,0,NA,0,-1,"6",43,79
0,0,NA,0,-1,"6",43,80
0,0,NA,0,-1,"4",43,81
0,0,NA,0,-1,"2",43,82
0,0,NA,0,-1,"1",43,83
0,0,NA,0,-1,"2",43,84
0,0,NA,0,-1,"1",43,85
0,0,NA,0,-1,"2",43,86
0,0,NA,0,-1,"2",43,87
0,0,NA,0,-1,"2",43,88
0,0,NA,0,-1,"2",43,89
0,0,NA,0,-1,"1",43,90
0,0,NA,0,-1,"2",43,91
0,0,NA,0,-1,"5",43,92
0,0,NA,0,-1,"2",43,93
0,0,NA,0,-1,"1",43,94
0,0,NA,0,-1,"2",43,95
0,0,NA,0,-1,"1",43,96
0,0,NA,0,-1,"1",43,97
0,0,NA,0,-1,"1",43,98
0,0,NA,0,-1,"1",43,99
2,3,"Soil_Type_13",0.5,1,NA,44,1
4,5,"Soil_Type_39",0.5,1,NA,44,2
6,7,"Hillshade_9am",194.5,1,NA,44,3
8,9,"Horizontal_Distance_To_Roadways",1449.5,1,NA,44,4
10,11,"Wilderness_Area_3",0.5,1,NA,44,5
12,13,"Hillshade_Noon",218.5,1,NA,44,6
14,15,"Horizontal_Distance_To_Hydrology",469.5,1,NA,44,7
16,17,"Soil_Type_10",0.5,1,NA,44,8
18,19,"Wilderness_Area_1",0.5,1,NA,44,9
20,21,"Hillshade_9am",234.5,1,NA,44,10
22,23,"Vertical_Distance_To_Hydrology",111.5,1,NA,44,11
0,0,NA,0,-1,"6",44,12
0,0,NA,0,-1,"2",44,13
24,25,"Wilderness_Area_3",0.5,1,NA,44,14
0,0,NA,0,-1,"2",44,15
26,27,"Soil_Type_6",0.5,1,NA,44,16
28,29,"Hillshade_3pm",205.5,1,NA,44,17
30,31,"Horizontal_Distance_To_Hydrology",843.5,1,NA,44,18
32,33,"Vertical_Distance_To_Hydrology",4.5,1,NA,44,19
0,0,NA,0,-1,"1",44,20
34,35,"Aspect",122.5,1,NA,44,21
36,37,"Horizontal_Distance_To_Fire_Points",1106.5,1,NA,44,22
38,39,"Aspect",318,1,NA,44,23
0,0,NA,0,-1,"1",44,24
40,41,"Horizontal_Distance_To_Fire_Points",909.5,1,NA,44,25
42,43,"Elevation",2980.5,1,NA,44,26
44,45,"Hillshade_Noon",234.5,1,NA,44,27
0,0,NA,0,-1,"3",44,28
46,47,"Hillshade_9am",135.5,1,NA,44,29
48,49,"Wilderness_Area_3",0.5,1,NA,44,30
50,51,"Hillshade_3pm",134.5,1,NA,44,31
52,53,"Soil_Type_12",0.5,1,NA,44,32
54,55,"Soil_Type_29",0.5,1,NA,44,33
56,57,"Wilderness_Area_1",0.5,1,NA,44,34
58,59,"Slope",17.5,1,NA,44,35
60,61,"Horizontal_Distance_To_Hydrology",371.5,1,NA,44,36
62,63,"Horizontal_Distance_To_Fire_Points",2465,1,NA,44,37
64,65,"Horizontal_Distance_To_Roadways",3352,1,NA,44,38
66,67,"Hillshade_Noon",198,1,NA,44,39
68,69,"Slope",16.5,1,NA,44,40
70,71,"Hillshade_Noon",213.5,1,NA,44,41
72,73,"Soil_Type_1",0.5,1,NA,44,42
74,75,"Horizontal_Distance_To_Hydrology",307.5,1,NA,44,43
76,77,"Elevation",2509.5,1,NA,44,44
78,79,"Hillshade_3pm",173,1,NA,44,45
0,0,NA,0,-1,"3",44,46
80,81,"Wilderness_Area_3",0.5,1,NA,44,47
82,83,"Soil_Type_17",0.5,1,NA,44,48
84,85,"Elevation",3084.5,1,NA,44,49
86,87,"Soil_Type_33",0.5,1,NA,44,50
88,89,"Horizontal_Distance_To_Fire_Points",2633,1,NA,44,51
90,91,"Elevation",3003.5,1,NA,44,52
0,0,NA,0,-1,"2",44,53
92,93,"Horizontal_Distance_To_Fire_Points",4083,1,NA,44,54
94,95,"Horizontal_Distance_To_Roadways",5246,1,NA,44,55
96,97,"Horizontal_Distance_To_Fire_Points",2350.5,1,NA,44,56
98,99,"Horizontal_Distance_To_Fire_Points",1694.5,1,NA,44,57
0,0,NA,0,-1,"1",44,58
0,0,NA,0,-1,"1",44,59
0,0,NA,0,-1,"7",44,60
0,0,NA,0,-1,"1",44,61
0,0,NA,0,-1,"1",44,62
0,0,NA,0,-1,"7",44,63
0,0,NA,0,-1,"7",44,64
0,0,NA,0,-1,"7",44,65
0,0,NA,0,-1,"7",44,66
0,0,NA,0,-1,"1",44,67
0,0,NA,0,-1,"2",44,68
0,0,NA,0,-1,"2",44,69
0,0,NA,0,-1,"2",44,70
0,0,NA,0,-1,"2",44,71
0,0,NA,0,-1,"2",44,72
0,0,NA,0,-1,"3",44,73
0,0,NA,0,-1,"1",44,74
0,0,NA,0,-1,"1",44,75
0,0,NA,0,-1,"3",44,76
0,0,NA,0,-1,"2",44,77
0,0,NA,0,-1,"3",44,78
0,0,NA,0,-1,"2",44,79
0,0,NA,0,-1,"3",44,80
0,0,NA,0,-1,"2",44,81
0,0,NA,0,-1,"1",44,82
0,0,NA,0,-1,"4",44,83
0,0,NA,0,-1,"2",44,84
0,0,NA,0,-1,"1",44,85
0,0,NA,0,-1,"2",44,86
0,0,NA,0,-1,"2",44,87
0,0,NA,0,-1,"2",44,88
0,0,NA,0,-1,"7",44,89
0,0,NA,0,-1,"2",44,90
0,0,NA,0,-1,"1",44,91
0,0,NA,0,-1,"2",44,92
0,0,NA,0,-1,"2",44,93
0,0,NA,0,-1,"2",44,94
0,0,NA,0,-1,"2",44,95
0,0,NA,0,-1,"7",44,96
0,0,NA,0,-1,"1",44,97
0,0,NA,0,-1,"7",44,98
0,0,NA,0,-1,"1",44,99
2,3,"Soil_Type_22",0.5,1,NA,45,1
4,5,"Soil_Type_40",0.5,1,NA,45,2
0,0,NA,0,-1,"1",45,3
6,7,"Soil_Type_4",0.5,1,NA,45,4
0,0,NA,0,-1,"1",45,5
8,9,"Elevation",3045.5,1,NA,45,6
10,11,"Aspect",151.5,1,NA,45,7
12,13,"Horizontal_Distance_To_Fire_Points",1236.5,1,NA,45,8
14,15,"Hillshade_Noon",237.5,1,NA,45,9
16,17,"Horizontal_Distance_To_Fire_Points",1472,1,NA,45,10
18,19,"Vertical_Distance_To_Hydrology",85.5,1,NA,45,11
20,21,"Soil_Type_29",0.5,1,NA,45,12
22,23,"Wilderness_Area_4",0.5,1,NA,45,13
24,25,"Horizontal_Distance_To_Hydrology",130.5,1,NA,45,14
26,27,"Soil_Type_34",0.5,1,NA,45,15
28,29,"Hillshade_3pm",142.5,1,NA,45,16
30,31,"Vertical_Distance_To_Hydrology",136.5,1,NA,45,17
32,33,"Aspect",204.5,1,NA,45,18
34,35,"Hillshade_3pm",135.5,1,NA,45,19
36,37,"Soil_Type_10",0.5,1,NA,45,20
38,39,"Horizontal_Distance_To_Hydrology",114,1,NA,45,21
40,41,"Vertical_Distance_To_Hydrology",8.5,1,NA,45,22
42,43,"Elevation",2310,1,NA,45,23
44,45,"Soil_Type_19",0.5,1,NA,45,24
46,47,"Soil_Type_39",0.5,1,NA,45,25
48,49,"Hillshade_Noon",248.5,1,NA,45,26
0,0,NA,0,-1,"2",45,27
0,0,NA,0,-1,"3",45,28
50,51,"Horizontal_Distance_To_Roadways",869,1,NA,45,29
52,53,"Hillshade_Noon",194,1,NA,45,30
54,55,"Horizontal_Distance_To_Hydrology",342,1,NA,45,31
56,57,"Horizontal_Distance_To_Hydrology",15,1,NA,45,32
0,0,NA,0,-1,"3",45,33
0,0,NA,0,-1,"3",45,34
58,59,"Hillshade_9am",179.5,1,NA,45,35
60,61,"Wilderness_Area_3",0.5,1,NA,45,36
62,63,"Wilderness_Area_4",0.5,1,NA,45,37
0,0,NA,0,-1,"1",45,38
64,65,"Hillshade_3pm",97.5,1,NA,45,39
66,67,"Soil_Type_23",0.5,1,NA,45,40
68,69,"Soil_Type_2",0.5,1,NA,45,41
70,71,"Slope",20.5,1,NA,45,42
72,73,"Horizontal_Distance_To_Roadways",1120,1,NA,45,43
74,75,"Horizontal_Distance_To_Roadways",6469.5,1,NA,45,44
76,77,"Horizontal_Distance_To_Fire_Points",2441.5,1,NA,45,45
78,79,"Soil_Type_38",0.5,1,NA,45,46
80,81,"Elevation",3374.5,1,NA,45,47
82,83,"Horizontal_Distance_To_Hydrology",340.5,1,NA,45,48
84,85,"Wilderness_Area_2",0.5,1,NA,45,49
0,0,NA,0,-1,"6",45,50
86,87,"Hillshade_9am",222.5,1,NA,45,51
0,0,NA,0,-1,"6",45,52
88,89,"Hillshade_9am",228,1,NA,45,53
0,0,NA,0,-1,"6",45,54
0,0,NA,0,-1,"2",45,55
90,91,"Elevation",2631,1,NA,45,56
92,93,"Horizontal_Distance_To_Fire_Points",1165.5,1,NA,45,57
0,0,NA,0,-1,"2",45,58
0,0,NA,0,-1,"2",45,59
94,95,"Soil_Type_12",0.5,1,NA,45,60
96,97,"Soil_Type_32",0.5,1,NA,45,61
98,99,"Elevation",2609,1,NA,45,62
0,0,NA,0,-1,"3",45,63
0,0,NA,0,-1,"1",45,64
0,0,NA,0,-1,"2",45,65
0,0,NA,0,-1,"2",45,66
0,0,NA,0,-1,"2",45,67
0,0,NA,0,-1,"2",45,68
0,0,NA,0,-1,"3",45,69
0,0,NA,0,-1,"4",45,70
0,0,NA,0,-1,"3",45,71
0,0,NA,0,-1,"3",45,72
0,0,NA,0,-1,"6",45,73
0,0,NA,0,-1,"1",45,74
0,0,NA,0,-1,"2",45,75
0,0,NA,0,-1,"1",45,76
0,0,NA,0,-1,"1",45,77
0,0,NA,0,-1,"1",45,78
0,0,NA,0,-1,"1",45,79
0,0,NA,0,-1,"1",45,80
0,0,NA,0,-1,"7",45,81
0,0,NA,0,-1,"1",45,82
0,0,NA,0,-1,"2",45,83
0,0,NA,0,-1,"2",45,84
0,0,NA,0,-1,"1",45,85
0,0,NA,0,-1,"3",45,86
0,0,NA,0,-1,"6",45,87
0,0,NA,0,-1,"2",45,88
0,0,NA,0,-1,"3",45,89
0,0,NA,0,-1,"6",45,90
0,0,NA,0,-1,"1",45,91
0,0,NA,0,-1,"3",45,92
0,0,NA,0,-1,"3",45,93
0,0,NA,0,-1,"3",45,94
0,0,NA,0,-1,"2",45,95
0,0,NA,0,-1,"2",45,96
0,0,NA,0,-1,"2",45,97
0,0,NA,0,-1,"6",45,98
0,0,NA,0,-1,"2",45,99
2,3,"Wilderness_Area_1",0.5,1,NA,46,1
4,5,"Soil_Type_22",0.5,1,NA,46,2
6,7,"Soil_Type_12",0.5,1,NA,46,3
8,9,"Soil_Type_4",0.5,1,NA,46,4
10,11,"Hillshade_Noon",229.5,1,NA,46,5
12,13,"Soil_Type_22",0.5,1,NA,46,6
14,15,"Aspect",1.5,1,NA,46,7
16,17,"Wilderness_Area_2",0.5,1,NA,46,8
18,19,"Horizontal_Distance_To_Fire_Points",1457,1,NA,46,9
20,21,"Aspect",84.5,1,NA,46,10
22,23,"Aspect",239,1,NA,46,11
24,25,"Soil_Type_40",0.5,1,NA,46,12
0,0,NA,0,-1,"1",46,13
26,27,"Horizontal_Distance_To_Hydrology",223,1,NA,46,14
28,29,"Elevation",3012.5,1,NA,46,15
30,31,"Wilderness_Area_4",0.5,1,NA,46,16
32,33,"Elevation",3397.5,1,NA,46,17
34,35,"Hillshade_9am",241.5,1,NA,46,18
36,37,"Hillshade_Noon",246.5,1,NA,46,19
38,39,"Hillshade_9am",213.5,1,NA,46,20
0,0,NA,0,-1,"1",46,21
40,41,"Horizontal_Distance_To_Roadways",1589,1,NA,46,22
42,43,"Vertical_Distance_To_Hydrology",-33.5,1,NA,46,23
44,45,"Soil_Type_9",0.5,1,NA,46,24
46,47,"Aspect",107.5,1,NA,46,25
48,49,"Elevation",2764.5,1,NA,46,26
50,51,"Hillshade_3pm",154.5,1,NA,46,27
52,53,"Elevation",2885.5,1,NA,46,28
0,0,NA,0,-1,"2",46,29
54,55,"Horizontal_Distance_To_Roadways",3281.5,1,NA,46,30
56,57,"Horizontal_Distance_To_Hydrology",15,1,NA,46,31
58,59,"Soil_Type_25",0.5,1,NA,46,32
60,61,"Vertical_Distance_To_Hydrology",8.5,1,NA,46,33
0,0,NA,0,-1,"3",46,34
62,63,"Horizontal_Distance_To_Fire_Points",1167.5,1,NA,46,35
64,65,"Horizontal_Distance_To_Hydrology",392.5,1,NA,46,36
66,67,"Hillshade_3pm",185.5,1,NA,46,37
68,69,"Hillshade_3pm",90,1,NA,46,38
70,71,"Wilderness_Area_3",0.5,1,NA,46,39
72,73,"Aspect",81.5,1,NA,46,40
74,75,"Hillshade_9am",223.5,1,NA,46,41
0,0,NA,0,-1,"2",46,42
76,77,"Hillshade_3pm",198.5,1,NA,46,43
78,79,"Soil_Type_38",0.5,1,NA,46,44
80,81,"Elevation",2569,1,NA,46,45
0,0,NA,0,-1,"1",46,46
0,0,NA,0,-1,"1",46,47
82,83,"Slope",12.5,1,NA,46,48
0,0,NA,0,-1,"2",46,49
84,85,"Horizontal_Distance_To_Fire_Points",5534.5,1,NA,46,50
0,0,NA,0,-1,"2",46,51
86,87,"Horizontal_Distance_To_Roadways",1531.5,1,NA,46,52
88,89,"Vertical_Distance_To_Hydrology",123,1,NA,46,53
90,91,"Vertical_Distance_To_Hydrology",15.5,1,NA,46,54
92,93,"Elevation",3346.5,1,NA,46,55
94,95,"Soil_Type_10",0.5,1,NA,46,56
96,97,"Hillshade_9am",230.5,1,NA,46,57
98,99,"Vertical_Distance_To_Hydrology",-12.5,1,NA,46,58
0,0,NA,0,-1,"2",46,59
0,0,NA,0,-1,"1",46,60
0,0,NA,0,-1,"7",46,61
0,0,NA,0,-1,"3",46,62
0,0,NA,0,-1,"3",46,63
0,0,NA,0,-1,"3",46,64
0,0,NA,0,-1,"2",46,65
0,0,NA,0,-1,"5",46,66
0,0,NA,0,-1,"2",46,67
0,0,NA,0,-1,"7",46,68
0,0,NA,0,-1,"1",46,69
0,0,NA,0,-1,"1",46,70
0,0,NA,0,-1,"1",46,71
0,0,NA,0,-1,"1",46,72
0,0,NA,0,-1,"2",46,73
0,0,NA,0,-1,"1",46,74
0,0,NA,0,-1,"1",46,75
0,0,NA,0,-1,"1",46,76
0,0,NA,0,-1,"1",46,77
0,0,NA,0,-1,"2",46,78
0,0,NA,0,-1,"1",46,79
0,0,NA,0,-1,"2",46,80
0,0,NA,0,-1,"2",46,81
0,0,NA,0,-1,"1",46,82
0,0,NA,0,-1,"2",46,83
0,0,NA,0,-1,"2",46,84
0,0,NA,0,-1,"2",46,85
0,0,NA,0,-1,"2",46,86
0,0,NA,0,-1,"2",46,87
0,0,NA,0,-1,"2",46,88
0,0,NA,0,-1,"2",46,89
0,0,NA,0,-1,"2",46,90
0,0,NA,0,-1,"2",46,91
0,0,NA,0,-1,"1",46,92
0,0,NA,0,-1,"7",46,93
0,0,NA,0,-1,"4",46,94
0,0,NA,0,-1,"3",46,95
0,0,NA,0,-1,"3",46,96
0,0,NA,0,-1,"3",46,97
0,0,NA,0,-1,"2",46,98
0,0,NA,0,-1,"1",46,99
2,3,"Horizontal_Distance_To_Roadways",1449.5,1,NA,47,1
4,5,"Soil_Type_10",0.5,1,NA,47,2
6,7,"Soil_Type_12",0.5,1,NA,47,3
8,9,"Soil_Type_22",0.5,1,NA,47,4
10,11,"Hillshade_9am",168.5,1,NA,47,5
12,13,"Soil_Type_22",0.5,1,NA,47,6
14,15,"Horizontal_Distance_To_Roadways",4987,1,NA,47,7
16,17,"Soil_Type_2",0.5,1,NA,47,8
18,19,"Hillshade_3pm",203.5,1,NA,47,9
20,21,"Elevation",2452.5,1,NA,47,10
22,23,"Elevation",2467.5,1,NA,47,11
24,25,"Soil_Type_4",0.5,1,NA,47,12
26,27,"Horizontal_Distance_To_Roadways",5163,1,NA,47,13
28,29,"Hillshade_9am",172.5,1,NA,47,14
30,31,"Elevation",2983.5,1,NA,47,15
32,33,"Hillshade_3pm",72.5,1,NA,47,16
34,35,"Hillshade_Noon",228.5,1,NA,47,17
0,0,NA,0,-1,"1",47,18
36,37,"Elevation",3199.5,1,NA,47,19
0,0,NA,0,-1,"3",47,20
38,39,"Vertical_Distance_To_Hydrology",37.5,1,NA,47,21
40,41,"Horizontal_Distance_To_Fire_Points",1504.5,1,NA,47,22
0,0,NA,0,-1,"2",47,23
42,43,"Soil_Type_2",0.5,1,NA,47,24
44,45,"Aspect",223,1,NA,47,25
46,47,"Aspect",302,1,NA,47,26
48,49,"Hillshade_3pm",169.5,1,NA,47,27
0,0,NA,0,-1,"1",47,28
50,51,"Elevation",2885.5,1,NA,47,29
52,53,"Elevation",2963.5,1,NA,47,30
54,55,"Aspect",338,1,NA,47,31
56,57,"Horizontal_Distance_To_Roadways",779,1,NA,47,32
58,59,"Wilderness_Area_1",0.5,1,NA,47,33
60,61,"Horizontal_Distance_To_Fire_Points",1494,1,NA,47,34
62,63,"Hillshade_Noon",249.5,1,NA,47,35
64,65,"Elevation",3192.5,1,NA,47,36
0,0,NA,0,-1,"1",47,37
66,67,"Aspect",298,1,NA,47,38
0,0,NA,0,-1,"2",47,39
68,69,"Wilderness_Area_3",0.5,1,NA,47,40
70,71,"Wilderness_Area_4",0.5,1,NA,47,41
72,73,"Soil_Type_40",0.5,1,NA,47,42
74,75,"Horizontal_Distance_To_Fire_Points",2589.5,1,NA,47,43
76,77,"Elevation",2711.5,1,NA,47,44
78,79,"Horizontal_Distance_To_Roadways",1707.5,1,NA,47,45
80,81,"Elevation",3023.5,1,NA,47,46
82,83,"Wilderness_Area_3",0.5,1,NA,47,47
84,85,"Aspect",33.5,1,NA,47,48
86,87,"Hillshade_Noon",239,1,NA,47,49
88,89,"Horizontal_Distance_To_Fire_Points",6667,1,NA,47,50
90,91,"Hillshade_3pm",98,1,NA,47,51
0,0,NA,0,-1,"2",47,52
92,93,"Vertical_Distance_To_Hydrology",36.5,1,NA,47,53
94,95,"Horizontal_Distance_To_Roadways",5779.5,1,NA,47,54
96,97,"Aspect",348,1,NA,47,55
98,99,"Elevation",2643.5,1,NA,47,56
0,0,NA,0,-1,"2",47,57
0,0,NA,0,-1,"2",47,58
0,0,NA,0,-1,"2",47,59
0,0,NA,0,-1,"3",47,60
0,0,NA,0,-1,"2",47,61
0,0,NA,0,-1,"3",47,62
0,0,NA,0,-1,"3",47,63
0,0,NA,0,-1,"1",47,64
0,0,NA,0,-1,"2",47,65
0,0,NA,0,-1,"2",47,66
0,0,NA,0,-1,"6",47,67
0,0,NA,0,-1,"3",47,68
0,0,NA,0,-1,"6",47,69
0,0,NA,0,-1,"6",47,70
0,0,NA,0,-1,"3",47,71
0,0,NA,0,-1,"2",47,72
0,0,NA,0,-1,"1",47,73
0,0,NA,0,-1,"3",47,74
0,0,NA,0,-1,"6",47,75
0,0,NA,0,-1,"3",47,76
0,0,NA,0,-1,"2",47,77
0,0,NA,0,-1,"2",47,78
0,0,NA,0,-1,"2",47,79
0,0,NA,0,-1,"1",47,80
0,0,NA,0,-1,"1",47,81
0,0,NA,0,-1,"1",47,82
0,0,NA,0,-1,"1",47,83
0,0,NA,0,-1,"1",47,84
0,0,NA,0,-1,"1",47,85
0,0,NA,0,-1,"1",47,86
0,0,NA,0,-1,"2",47,87
0,0,NA,0,-1,"2",47,88
0,0,NA,0,-1,"1",47,89
0,0,NA,0,-1,"2",47,90
0,0,NA,0,-1,"2",47,91
0,0,NA,0,-1,"1",47,92
0,0,NA,0,-1,"1",47,93
0,0,NA,0,-1,"2",47,94
0,0,NA,0,-1,"2",47,95
0,0,NA,0,-1,"1",47,96
0,0,NA,0,-1,"2",47,97
0,0,NA,0,-1,"3",47,98
0,0,NA,0,-1,"5",47,99
2,3,"Soil_Type_39",0.5,1,NA,48,1
4,5,"Wilderness_Area_1",0.5,1,NA,48,2
6,7,"Wilderness_Area_1",0.5,1,NA,48,3
8,9,"Soil_Type_2",0.5,1,NA,48,4
10,11,"Soil_Type_30",0.5,1,NA,48,5
12,13,"Vertical_Distance_To_Hydrology",83.5,1,NA,48,6
14,15,"Hillshade_3pm",124.5,1,NA,48,7
16,17,"Soil_Type_24",0.5,1,NA,48,8
18,19,"Elevation",2331.5,1,NA,48,9
20,21,"Soil_Type_16",0.5,1,NA,48,10
22,23,"Slope",25.5,1,NA,48,11
24,25,"Elevation",3216.5,1,NA,48,12
26,27,"Wilderness_Area_3",0.5,1,NA,48,13
28,29,"Horizontal_Distance_To_Hydrology",130.5,1,NA,48,14
0,0,NA,0,-1,"1",48,15
30,31,"Soil_Type_4",0.5,1,NA,48,16
0,0,NA,0,-1,"1",48,17
32,33,"Horizontal_Distance_To_Roadways",1307,1,NA,48,18
34,35,"Aspect",48.5,1,NA,48,19
36,37,"Horizontal_Distance_To_Hydrology",142,1,NA,48,20
38,39,"Hillshade_3pm",183,1,NA,48,21
40,41,"Vertical_Distance_To_Hydrology",46.5,1,NA,48,22
42,43,"Vertical_Distance_To_Hydrology",-30.5,1,NA,48,23
44,45,"Hillshade_9am",238,1,NA,48,24
0,0,NA,0,-1,"7",48,25
46,47,"Hillshade_Noon",196.5,1,NA,48,26
0,0,NA,0,-1,"7",48,27
48,49,"Horizontal_Distance_To_Hydrology",122,1,NA,48,28
50,51,"Horizontal_Distance_To_Roadways",2273,1,NA,48,29
52,53,"Soil_Type_6",0.5,1,NA,48,30
54,55,"Hillshade_3pm",137.5,1,NA,48,31
56,57,"Elevation",2330.5,1,NA,48,32
58,59,"Horizontal_Distance_To_Hydrology",389.5,1,NA,48,33
0,0,NA,0,-1,"6",48,34
60,61,"Vertical_Distance_To_Hydrology",-6.5,1,NA,48,35
62,63,"Soil_Type_22",0.5,1,NA,48,36
64,65,"Soil_Type_12",0.5,1,NA,48,37
0,0,NA,0,-1,"2",48,38
66,67,"Slope",12,1,NA,48,39
68,69,"Hillshade_3pm",203.5,1,NA,48,40
70,71,"Horizontal_Distance_To_Hydrology",377.5,1,NA,48,41
72,73,"Vertical_Distance_To_Hydrology",-41,1,NA,48,42
74,75,"Hillshade_3pm",51.5,1,NA,48,43
76,77,"Vertical_Distance_To_Hydrology",66.5,1,NA,48,44
78,79,"Aspect",133.5,1,NA,48,45
0,0,NA,0,-1,"7",48,46
80,81,"Horizontal_Distance_To_Roadways",908.5,1,NA,48,47
82,83,"Hillshade_3pm",83,1,NA,48,48
84,85,"Vertical_Distance_To_Hydrology",18.5,1,NA,48,49
86,87,"Hillshade_3pm",75.5,1,NA,48,50
88,89,"Hillshade_Noon",187.5,1,NA,48,51
90,91,"Soil_Type_22",0.5,1,NA,48,52
92,93,"Elevation",2507.5,1,NA,48,53
94,95,"Elevation",2806,1,NA,48,54
96,97,"Horizontal_Distance_To_Roadways",2965.5,1,NA,48,55
98,99,"Horizontal_Distance_To_Fire_Points",302,1,NA,48,56
0,0,NA,0,-1,"4",48,57
0,0,NA,0,-1,"6",48,58
0,0,NA,0,-1,"4",48,59
0,0,NA,0,-1,"3",48,60
0,0,NA,0,-1,"3",48,61
0,0,NA,0,-1,"2",48,62
0,0,NA,0,-1,"1",48,63
0,0,NA,0,-1,"2",48,64
0,0,NA,0,-1,"2",48,65
0,0,NA,0,-1,"2",48,66
0,0,NA,0,-1,"1",48,67
0,0,NA,0,-1,"2",48,68
0,0,NA,0,-1,"1",48,69
0,0,NA,0,-1,"2",48,70
0,0,NA,0,-1,"2",48,71
0,0,NA,0,-1,"5",48,72
0,0,NA,0,-1,"5",48,73
0,0,NA,0,-1,"5",48,74
0,0,NA,0,-1,"2",48,75
0,0,NA,0,-1,"1",48,76
0,0,NA,0,-1,"2",48,77
0,0,NA,0,-1,"7",48,78
0,0,NA,0,-1,"2",48,79
0,0,NA,0,-1,"1",48,80
0,0,NA,0,-1,"7",48,81
0,0,NA,0,-1,"1",48,82
0,0,NA,0,-1,"7",48,83
0,0,NA,0,-1,"7",48,84
0,0,NA,0,-1,"7",48,85
0,0,NA,0,-1,"1",48,86
0,0,NA,0,-1,"1",48,87
0,0,NA,0,-1,"1",48,88
0,0,NA,0,-1,"7",48,89
0,0,NA,0,-1,"2",48,90
0,0,NA,0,-1,"1",48,91
0,0,NA,0,-1,"3",48,92
0,0,NA,0,-1,"2",48,93
0,0,NA,0,-1,"3",48,94
0,0,NA,0,-1,"2",48,95
0,0,NA,0,-1,"3",48,96
0,0,NA,0,-1,"2",48,97
0,0,NA,0,-1,"6",48,98
0,0,NA,0,-1,"3",48,99
2,3,"Hillshade_Noon",179.5,1,NA,49,1
4,5,"Horizontal_Distance_To_Fire_Points",757,1,NA,49,2
6,7,"Soil_Type_22",0.5,1,NA,49,3
8,9,"Wilderness_Area_1",0.5,1,NA,49,4
10,11,"Elevation",2933,1,NA,49,5
12,13,"Horizontal_Distance_To_Roadways",1386,1,NA,49,6
14,15,"Hillshade_3pm",109.5,1,NA,49,7
16,17,"Horizontal_Distance_To_Fire_Points",566.5,1,NA,49,8
18,19,"Slope",27.5,1,NA,49,9
20,21,"Elevation",2510.5,1,NA,49,10
22,23,"Hillshade_9am",200.5,1,NA,49,11
24,25,"Wilderness_Area_4",0.5,1,NA,49,12
26,27,"Soil_Type_38",0.5,1,NA,49,13
28,29,"Aspect",118.5,1,NA,49,14
30,31,"Hillshade_9am",229.5,1,NA,49,15
32,33,"Vertical_Distance_To_Hydrology",101.5,1,NA,49,16
34,35,"Elevation",2702,1,NA,49,17
36,37,"Horizontal_Distance_To_Hydrology",78.5,1,NA,49,18
38,39,"Elevation",3259,1,NA,49,19
40,41,"Hillshade_9am",230.5,1,NA,49,20
42,43,"Hillshade_3pm",51.5,1,NA,49,21
44,45,"Elevation",3160.5,1,NA,49,22
46,47,"Soil_Type_29",0.5,1,NA,49,23
48,49,"Elevation",2990.5,1,NA,49,24
50,51,"Hillshade_Noon",225.5,1,NA,49,25
52,53,"Horizontal_Distance_To_Roadways",5394.5,1,NA,49,26
54,55,"Wilderness_Area_3",0.5,1,NA,49,27
56,57,"Slope",18.5,1,NA,49,28
58,59,"Hillshade_9am",244.5,1,NA,49,29
60,61,"Vertical_Distance_To_Hydrology",8.5,1,NA,49,30
62,63,"Horizontal_Distance_To_Fire_Points",4063.5,1,NA,49,31
64,65,"Soil_Type_3",0.5,1,NA,49,32
0,0,NA,0,-1,"3",49,33
66,67,"Wilderness_Area_3",0.5,1,NA,49,34
68,69,"Soil_Type_39",0.5,1,NA,49,35
0,0,NA,0,-1,"2",49,36
70,71,"Horizontal_Distance_To_Roadways",1191.5,1,NA,49,37
0,0,NA,0,-1,"1",49,38
72,73,"Vertical_Distance_To_Hydrology",78,1,NA,49,39
74,75,"Soil_Type_1",0.5,1,NA,49,40
76,77,"Elevation",2446.5,1,NA,49,41
78,79,"Soil_Type_30",0.5,1,NA,49,42
80,81,"Elevation",2745,1,NA,49,43
82,83,"Horizontal_Distance_To_Hydrology",636,1,NA,49,44
84,85,"Wilderness_Area_2",0.5,1,NA,49,45
86,87,"Soil_Type_22",0.5,1,NA,49,46
88,89,"Horizontal_Distance_To_Fire_Points",1579,1,NA,49,47
90,91,"Wilderness_Area_3",0.5,1,NA,49,48
92,93,"Horizontal_Distance_To_Roadways",976.5,1,NA,49,49
94,95,"Soil_Type_5",0.5,1,NA,49,50
96,97,"Soil_Type_2",0.5,1,NA,49,51
98,99,"Soil_Type_23",0.5,1,NA,49,52
0,0,NA,0,-1,"2",49,53
0,0,NA,0,-1,"1",49,54
0,0,NA,0,-1,"7",49,55
0,0,NA,0,-1,"1",49,56
0,0,NA,0,-1,"1",49,57
0,0,NA,0,-1,"1",49,58
0,0,NA,0,-1,"2",49,59
0,0,NA,0,-1,"1",49,60
0,0,NA,0,-1,"1",49,61
0,0,NA,0,-1,"1",49,62
0,0,NA,0,-1,"2",49,63
0,0,NA,0,-1,"3",49,64
0,0,NA,0,-1,"4",49,65
0,0,NA,0,-1,"3",49,66
0,0,NA,0,-1,"6",49,67
0,0,NA,0,-1,"2",49,68
0,0,NA,0,-1,"7",49,69
0,0,NA,0,-1,"1",49,70
0,0,NA,0,-1,"5",49,71
0,0,NA,0,-1,"2",49,72
0,0,NA,0,-1,"1",49,73
0,0,NA,0,-1,"3",49,74
0,0,NA,0,-1,"6",49,75
0,0,NA,0,-1,"3",49,76
0,0,NA,0,-1,"2",49,77
0,0,NA,0,-1,"2",49,78
0,0,NA,0,-1,"5",49,79
0,0,NA,0,-1,"2",49,80
0,0,NA,0,-1,"2",49,81
0,0,NA,0,-1,"1",49,82
0,0,NA,0,-1,"2",49,83
0,0,NA,0,-1,"1",49,84
0,0,NA,0,-1,"7",49,85
0,0,NA,0,-1,"1",49,86
0,0,NA,0,-1,"1",49,87
0,0,NA,0,-1,"2",49,88
0,0,NA,0,-1,"1",49,89
0,0,NA,0,-1,"2",49,90
0,0,NA,0,-1,"2",49,91
0,0,NA,0,-1,"2",49,92
0,0,NA,0,-1,"1",49,93
0,0,NA,0,-1,"3",49,94
0,0,NA,0,-1,"3",49,95
0,0,NA,0,-1,"3",49,96
0,0,NA,0,-1,"3",49,97
0,0,NA,0,-1,"2",49,98
0,0,NA,0,-1,"1",49,99
2,3,"Elevation",3042.5,1,NA,50,1
4,5,"Wilderness_Area_1",0.5,1,NA,50,2
6,7,"Hillshade_Noon",238.5,1,NA,50,3
8,9,"Hillshade_Noon",189.5,1,NA,50,4
10,11,"Soil_Type_23",0.5,1,NA,50,5
12,13,"Horizontal_Distance_To_Roadways",903,1,NA,50,6
14,15,"Soil_Type_40",0.5,1,NA,50,7
16,17,"Elevation",2511,1,NA,50,8
18,19,"Wilderness_Area_4",0.5,1,NA,50,9
20,21,"Hillshade_3pm",81.5,1,NA,50,10
22,23,"Hillshade_Noon",231.5,1,NA,50,11
24,25,"Hillshade_3pm",157.5,1,NA,50,12
26,27,"Soil_Type_22",0.5,1,NA,50,13
28,29,"Horizontal_Distance_To_Roadways",5512,1,NA,50,14
30,31,"Aspect",199.5,1,NA,50,15
32,33,"Soil_Type_3",0.5,1,NA,50,16
34,35,"Soil_Type_13",0.5,1,NA,50,17
36,37,"Soil_Type_10",0.5,1,NA,50,18
38,39,"Hillshade_9am",216.5,1,NA,50,19
40,41,"Hillshade_3pm",60.5,1,NA,50,20
42,43,"Soil_Type_19",0.5,1,NA,50,21
44,45,"Hillshade_3pm",142.5,1,NA,50,22
46,47,"Hillshade_9am",238.5,1,NA,50,23
48,49,"Vertical_Distance_To_Hydrology",27.5,1,NA,50,24
50,51,"Wilderness_Area_3",0.5,1,NA,50,25
52,53,"Wilderness_Area_3",0.5,1,NA,50,26
54,55,"Hillshade_9am",227.5,1,NA,50,27
56,57,"Wilderness_Area_1",0.5,1,NA,50,28
58,59,"Vertical_Distance_To_Hydrology",19.5,1,NA,50,29
60,61,"Horizontal_Distance_To_Roadways",961,1,NA,50,30
62,63,"Hillshade_3pm",207.5,1,NA,50,31
64,65,"Horizontal_Distance_To_Hydrology",205.5,1,NA,50,32
0,0,NA,0,-1,"3",50,33
66,67,"Slope",23.5,1,NA,50,34
0,0,NA,0,-1,"2",50,35
68,69,"Soil_Type_32",0.5,1,NA,50,36
0,0,NA,0,-1,"2",50,37
70,71,"Elevation",2477.5,1,NA,50,38
72,73,"Vertical_Distance_To_Hydrology",5.5,1,NA,50,39
74,75,"Elevation",2856.5,1,NA,50,40
76,77,"Elevation",2825.5,1,NA,50,41
78,79,"Hillshade_Noon",200.5,1,NA,50,42
80,81,"Vertical_Distance_To_Hydrology",16.5,1,NA,50,43
82,83,"Aspect",130.5,1,NA,50,44
0,0,NA,0,-1,"2",50,45
84,85,"Elevation",2934.5,1,NA,50,46
86,87,"Aspect",133,1,NA,50,47
88,89,"Wilderness_Area_1",0.5,1,NA,50,48
90,91,"Elevation",3309,1,NA,50,49
92,93,"Slope",15.5,1,NA,50,50
94,95,"Horizontal_Distance_To_Fire_Points",2011.5,1,NA,50,51
96,97,"Soil_Type_40",0.5,1,NA,50,52
98,99,"Elevation",3329.5,1,NA,50,53
0,0,NA,0,-1,"1",50,54
0,0,NA,0,-1,"1",50,55
0,0,NA,0,-1,"1",50,56
0,0,NA,0,-1,"1",50,57
0,0,NA,0,-1,"2",50,58
0,0,NA,0,-1,"2",50,59
0,0,NA,0,-1,"2",50,60
0,0,NA,0,-1,"7",50,61
0,0,NA,0,-1,"1",50,62
0,0,NA,0,-1,"1",50,63
0,0,NA,0,-1,"3",50,64
0,0,NA,0,-1,"3",50,65
0,0,NA,0,-1,"2",50,66
0,0,NA,0,-1,"2",50,67
0,0,NA,0,-1,"2",50,68
0,0,NA,0,-1,"2",50,69
0,0,NA,0,-1,"3",50,70
0,0,NA,0,-1,"2",50,71
0,0,NA,0,-1,"4",50,72
0,0,NA,0,-1,"3",50,73
0,0,NA,0,-1,"5",50,74
0,0,NA,0,-1,"2",50,75
0,0,NA,0,-1,"2",50,76
0,0,NA,0,-1,"2",50,77
0,0,NA,0,-1,"2",50,78
0,0,NA,0,-1,"2",50,79
0,0,NA,0,-1,"2",50,80
0,0,NA,0,-1,"1",50,81
0,0,NA,0,-1,"2",50,82
0,0,NA,0,-1,"1",50,83
0,0,NA,0,-1,"2",50,84
0,0,NA,0,-1,"1",50,85
0,0,NA,0,-1,"1",50,86
0,0,NA,0,-1,"1",50,87
0,0,NA,0,-1,"2",50,88
0,0,NA,0,-1,"1",50,89
0,0,NA,0,-1,"2",50,90
0,0,NA,0,-1,"7",50,91
0,0,NA,0,-1,"1",50,92
0,0,NA,0,-1,"1",50,93
0,0,NA,0,-1,"1",50,94
0,0,NA,0,-1,"2",50,95
0,0,NA,0,-1,"1",50,96
0,0,NA,0,-1,"1",50,97
0,0,NA,0,-1,"1",50,98
0,0,NA,0,-1,"7",50,99
