# {"problem_type":"classification","split_var_ranges":{"Petal.Width":{"min":0.1,"max":2.5},"Sepal.Length":{"min":4.3,"max":7.9},"Petal.Length":{"min":1,"max":6.9},"Sepal.Width":{"min":2,"max":4.4}}}
"left daughter","right daughter","split var","split point","status","prediction","tree_idx","node_idx"
2,3,"Petal.Width",0.8,1,NA,1,1
0,0,NA,0,-1,"setosa",1,2
4,5,"Petal.Width",1.65,1,NA,1,3
6,7,"Petal.Width",1.35,1,NA,1,4
8,9,"Sepal.Length",6.050000000000001,1,NA,1,5
0,0,NA,0,-1,"versicolor",1,6
10,11,"Petal.Length",4.95,1,NA,1,7
12,13,"Petal.Length",4.85,1,NA,1,8
0,0,NA,0,-1,"virginica",1,9
0,0,NA,0,-1,"versicolor",1,10
0,0,NA,0,-1,"virginica",1,11
14,15,"Sepal.Length",5.4,1,NA,1,12
0,0,NA,0,-1,"virginica",1,13
0,0,NA,0,-1,"virginica",1,14
0,0,NA,0,-1,"versicolor",1,15
2,3,"Petal.Width",0.75,1,NA,2,1
0,0,NA,0,-1,"setosa",2,2
4,5,"Petal.Length",4.95,1,NA,2,3
6,7,"Petal.Length",4.800000000000001,1,NA,2,4
8,9,"Sepal.Length",6.6,1,NA,2,5
10,11,"Petal.Width",1.6,1,NA,2,6
12,13,"Petal.Width",1.65,1,NA,2,7
0,0,NA,0,-1,"virginica",2,8
14,15,"Petal.Width",1.75,1,NA,2,9
0,0,NA,0,-1,"versicolor",2,10
0,0,NA,0,-1,"virginica",2,11
0,0,NA,0,-1,"versicolor",2,12
0,0,NA,0,-1,"virginica",2,13
16,17,"Petal.Length",5.4,1,NA,2,14
0,0,NA,0,-1,"virginica",2,15
0,0,NA,0,-1,"versicolor",2,16
0,0,NA,0,-1,"virginica",2,17
2,3,"Petal.Width",0.8,1,NA,3,1
0,0,NA,0,-1,"setosa",3,2
4,5,"Petal.Length",4.85,1,NA,3,3
6,7,"Petal.Width",1.7000000000000002,1,NA,3,4
8,9,"Petal.Width",1.75,1,NA,3,5
0,0,NA,0,-1,"versicolor",3,6
10,11,"Sepal.Width",3.1,1,NA,3,7
12,13,"Petal.Length",4.95,1,NA,3,8
0,0,NA,0,-1,"virginica",3,9
0,0,NA,0,-1,"virginica",3,10
0,0,NA,0,-1,"versicolor",3,11
0,0,NA,0,-1,"versicolor",3,12
14,15,"Petal.Width",1.55,1,NA,3,13
0,0,NA,0,-1,"virginica",3,14
16,17,"Sepal.Width",2.85,1,NA,3,15
0,0,NA,0,-1,"versicolor",3,16
18,19,"Sepal.Length",6.95,1,NA,3,17
0,0,NA,0,-1,"versicolor",3,18
0,0,NA,0,-1,"virginica",3,19
2,3,"Sepal.Length",5.45,1,NA,4,1
4,5,"Petal.Width",0.8,1,NA,4,2
6,7,"Petal.Width",1.75,1,NA,4,3
0,0,NA,0,-1,"setosa",4,4
0,0,NA,0,-1,"versicolor",4,5
8,9,"Sepal.Width",3.45,1,NA,4,6
0,0,NA,0,-1,"virginica",4,7
10,11,"Petal.Length",5.449999999999999,1,NA,4,8
0,0,NA,0,-1,"setosa",4,9
0,0,NA,0,-1,"versicolor",4,10
0,0,NA,0,-1,"virginica",4,11
2,3,"Petal.Length",2.45,1,NA,5,1
0,0,NA,0,-1,"setosa",5,2
4,5,"Petal.Width",1.65,1,NA,5,3
6,7,"Sepal.Length",7.1,1,NA,5,4
8,9,"Petal.Length",5.05,1,NA,5,5
10,11,"Petal.Width",1.35,1,NA,5,6
0,0,NA,0,-1,"virginica",5,7
12,13,"Sepal.Width",3.1,1,NA,5,8
0,0,NA,0,-1,"virginica",5,9
0,0,NA,0,-1,"versicolor",5,10
14,15,"Petal.Length",4.95,1,NA,5,11
16,17,"Petal.Length",4.95,1,NA,5,12
0,0,NA,0,-1,"versicolor",5,13
0,0,NA,0,-1,"versicolor",5,14
18,19,"Sepal.Length",6.05,1,NA,5,15
0,0,NA,0,-1,"virginica",5,16
20,21,"Sepal.Width",2.75,1,NA,5,17
22,23,"Sepal.Width",2.45,1,NA,5,18
0,0,NA,0,-1,"virginica",5,19
0,0,NA,0,-1,"virginica",5,20
0,0,NA,0,-1,"versicolor",5,21
0,0,NA,0,-1,"virginica",5,22
0,0,NA,0,-1,"versicolor",5,23
2,3,"Sepal.Length",5.45,1,NA,6,1
4,5,"Petal.Length",2.5999999999999996,1,NA,6,2
6,7,"Petal.Length",4.75,1,NA,6,3
0,0,NA,0,-1,"setosa",6,4
8,9,"Sepal.Length",4.95,1,NA,6,5
10,11,"Petal.Width",0.65,1,NA,6,6
12,13,"Petal.Width",1.7000000000000002,1,NA,6,7
0,0,NA,0,-1,"virginica",6,8
0,0,NA,0,-1,"versicolor",6,9
0,0,NA,0,-1,"setosa",6,10
0,0,NA,0,-1,"versicolor",6,11
14,15,"Petal.Width",1.45,1,NA,6,12
16,17,"Petal.Length",4.85,1,NA,6,13
0,0,NA,0,-1,"virginica",6,14
18,19,"Sepal.Width",2.35,1,NA,6,15
20,21,"Sepal.Length",5.95,1,NA,6,16
0,0,NA,0,-1,"virginica",6,17
0,0,NA,0,-1,"virginica",6,18
22,23,"Sepal.Width",2.85,1,NA,6,19
0,0,NA,0,-1,"versicolor",6,20
0,0,NA,0,-1,"virginica",6,21
0,0,NA,0,-1,"versicolor",6,22
0,0,NA,0,-1,"virginica",6,23
2,3,"Petal.Width",1.65,1,NA,7,1
4,5,"Petal.Width",0.7,1,NA,7,2
6,7,"Petal.Length",4.85,1,NA,7,3
0,0,NA,0,-1,"setosa",7,4
8,9,"Petal.Length",5,1,NA,7,5
10,11,"Sepal.Length",5.4,1,NA,7,6
0,0,NA,0,-1,"virginica",7,7
0,0,NA,0,-1,"versicolor",7,8
12,13,"Petal.Width",1.55,1,NA,7,9
0,0,NA,0,-1,"virginica",7,10
0,0,NA,0,-1,"versicolor",7,11
0,0,NA,0,-1,"virginica",7,12
0,0,NA,0,-1,"versicolor",7,13
2,3,"Petal.Width",0.8,1,NA,8,1
0,0,NA,0,-1,"setosa",8,2
4,5,"Sepal.Length",6.25,1,NA,8,3
6,7,"Petal.Length",4.75,1,NA,8,4
8,9,"Petal.Width",1.55,1,NA,8,5
0,0,NA,0,-1,"versicolor",8,6
10,11,"Petal.Width",1.7000000000000002,1,NA,8,7
0,0,NA,0,-1,"versicolor",8,8
12,13,"Petal.Length",5.05,1,NA,8,9
14,15,"Petal.Width",1.55,1,NA,8,10
0,0,NA,0,-1,"virginica",8,11
16,17,"Petal.Width",1.75,1,NA,8,12
0,0,NA,0,-1,"virginica",8,13
0,0,NA,0,-1,"virginica",8,14
0,0,NA,0,-1,"versicolor",8,15
0,0,NA,0,-1,"versicolor",8,16
0,0,NA,0,-1,"virginica",8,17
2,3,"Petal.Length",2.5999999999999996,1,NA,9,1
0,0,NA,0,-1,"setosa",9,2
4,5,"Petal.Width",1.65,1,NA,9,3
6,7,"Petal.Length",4.95,1,NA,9,4
0,0,NA,0,-1,"virginica",9,5
0,0,NA,0,-1,"versicolor",9,6
8,9,"Petal.Width",1.55,1,NA,9,7
0,0,NA,0,-1,"virginica",9,8
10,11,"Sepal.Width",2.85,1,NA,9,9
0,0,NA,0,-1,"versicolor",9,10
0,0,NA,0,-1,"virginica",9,11
2,3,"Petal.Length",4.75,1,NA,10,1
4,5,"Sepal.Length",5.45,1,NA,10,2
6,7,"Petal.Length",4.95,1,NA,10,3
8,9,"Petal.Width",0.8,1,NA,10,4
0,0,NA,0,-1,"versicolor",10,5
10,11,"Petal.Width",1.65,1,NA,10,6
0,0,NA,0,-1,"virginica",10,7
0,0,NA,0,-1,"setosa",10,8
0,0,NA,0,-1,"versicolor",10,9
0,0,NA,0,-1,"versicolor",10,10
12,13,"Sepal.Width",3.1,1,NA,10,11
0,0,NA,0,-1,"virginica",10,12
0,0,NA,0,-1,"versicolor",10,13
2,3,"Petal.Width",0.8,1,NA,11,1
0,0,NA,0,-1,"setosa",11,2
4,5,"Sepal.Length",6.25,1,NA,11,3
6,7,"Petal.Length",4.75,1,NA,11,4
8,9,"Petal.Length",5.05,1,NA,11,5
0,0,NA,0,-1,"versicolor",11,6
10,11,"Petal.Length",4.85,1,NA,11,7
12,13,"Sepal.Length",6.35,1,NA,11,8
0,0,NA,0,-1,"virginica",11,9
14,15,"Sepal.Width",3.1,1,NA,11,10
0,0,NA,0,-1,"virginica",11,11
16,17,"Petal.Length",4.95,1,NA,11,12
0,0,NA,0,-1,"versicolor",11,13
0,0,NA,0,-1,"virginica",11,14
0,0,NA,0,-1,"versicolor",11,15
0,0,NA,0,-1,"versicolor",11,16
0,0,NA,0,-1,"virginica",11,17
2,3,"Petal.Width",0.8,1,NA,12,1
0,0,NA,0,-1,"setosa",12,2
4,5,"Petal.Length",4.75,1,NA,12,3
6,7,"Petal.Width",1.65,1,NA,12,4
8,9,"Petal.Width",1.75,1,NA,12,5
0,0,NA,0,-1,"versicolor",12,6
0,0,NA,0,-1,"virginica",12,7
10,11,"Sepal.Length",6.5,1,NA,12,8
0,0,NA,0,-1,"virginica",12,9
0,0,NA,0,-1,"virginica",12,10
0,0,NA,0,-1,"versicolor",12,11
2,3,"Petal.Width",1.65,1,NA,13,1
4,5,"Petal.Width",0.8,1,NA,13,2
0,0,NA,0,-1,"virginica",13,3
0,0,NA,0,-1,"setosa",13,4
6,7,"Sepal.Width",2.25,1,NA,13,5
8,9,"Petal.Length",4.25,1,NA,13,6
0,0,NA,0,-1,"versicolor",13,7
0,0,NA,0,-1,"versicolor",13,8
0,0,NA,0,-1,"virginica",13,9
2,3,"Petal.Width",0.8,1,NA,14,1
0,0,NA,0,-1,"setosa",14,2
4,5,"Sepal.Length",5.95,1,NA,14,3
6,7,"Petal.Width",1.85,1,NA,14,4
8,9,"Petal.Width",1.75,1,NA,14,5
0,0,NA,0,-1,"versicolor",14,6
0,0,NA,0,-1,"virginica",14,7
10,11,"Sepal.Width",2.6500000000000004,1,NA,14,8
0,0,NA,0,-1,"virginica",14,9
12,13,"Sepal.Length",6.15,1,NA,14,10
14,15,"Petal.Length",5.05,1,NA,14,11
0,0,NA,0,-1,"virginica",14,12
0,0,NA,0,-1,"versicolor",14,13
0,0,NA,0,-1,"versicolor",14,14
16,17,"Sepal.Length",6.15,1,NA,14,15
0,0,NA,0,-1,"versicolor",14,16
0,0,NA,0,-1,"virginica",14,17
2,3,"Petal.Width",0.75,1,NA,15,1
0,0,NA,0,-1,"setosa",15,2
4,5,"Petal.Width",1.75,1,NA,15,3
6,7,"Petal.Width",1.55,1,NA,15,4
8,9,"Petal.Length",4.9,1,NA,15,5
0,0,NA,0,-1,"versicolor",15,6
10,11,"Petal.Length",5.449999999999999,1,NA,15,7
0,0,NA,0,-1,"virginica",15,8
0,0,NA,0,-1,"virginica",15,9
0,0,NA,0,-1,"versicolor",15,10
0,0,NA,0,-1,"virginica",15,11
2,3,"Petal.Length",2.5999999999999996,1,NA,16,1
0,0,NA,0,-1,"setosa",16,2
4,5,"Petal.Width",1.65,1,NA,16,3
6,7,"Petal.Length",5,1,NA,16,4
8,9,"Petal.Length",5.05,1,NA,16,5
0,0,NA,0,-1,"versicolor",16,6
0,0,NA,0,-1,"virginica",16,7
10,11,"Sepal.Width",3.1,1,NA,16,8
0,0,NA,0,-1,"virginica",16,9
12,13,"Sepal.Length",6.5,1,NA,16,10
0,0,NA,0,-1,"versicolor",16,11
0,0,NA,0,-1,"virginica",16,12
0,0,NA,0,-1,"versicolor",16,13
2,3,"Petal.Length",2.45,1,NA,17,1
0,0,NA,0,-1,"setosa",17,2
4,5,"Sepal.Length",6.15,1,NA,17,3
6,7,"Sepal.Length",5.65,1,NA,17,4
8,9,"Petal.Length",5.05,1,NA,17,5
0,0,NA,0,-1,"versicolor",17,6
10,11,"Petal.Width",1.7000000000000002,1,NA,17,7
12,13,"Sepal.Length",6.35,1,NA,17,8
0,0,NA,0,-1,"virginica",17,9
14,15,"Petal.Length",5.35,1,NA,17,10
0,0,NA,0,-1,"virginica",17,11
16,17,"Petal.Width",1.7000000000000002,1,NA,17,12
0,0,NA,0,-1,"versicolor",17,13
0,0,NA,0,-1,"versicolor",17,14
0,0,NA,0,-1,"virginica",17,15
0,0,NA,0,-1,"versicolor",17,16
0,0,NA,0,-1,"virginica",17,17
2,3,"Petal.Width",0.8,1,NA,18,1
0,0,NA,0,-1,"setosa",18,2
4,5,"Petal.Width",1.75,1,NA,18,3
6,7,"Sepal.Length",4.95,1,NA,18,4
8,9,"Petal.Length",4.85,1,NA,18,5
0,0,NA,0,-1,"virginica",18,6
10,11,"Petal.Length",4.9,1,NA,18,7
12,13,"Sepal.Length",5.95,1,NA,18,8
0,0,NA,0,-1,"virginica",18,9
0,0,NA,0,-1,"versicolor",18,10
14,15,"Sepal.Width",2.45,1,NA,18,11
0,0,NA,0,-1,"versicolor",18,12
0,0,NA,0,-1,"virginica",18,13
0,0,NA,0,-1,"virginica",18,14
16,17,"Petal.Width",1.55,1,NA,18,15
0,0,NA,0,-1,"virginica",18,16
18,19,"Petal.Length",5.449999999999999,1,NA,18,17
0,0,NA,0,-1,"versicolor",18,18
0,0,NA,0,-1,"virginica",18,19
2,3,"Petal.Width",1.75,1,NA,19,1
4,5,"Petal.Length",2.45,1,NA,19,2
0,0,NA,0,-1,"virginica",19,3
0,0,NA,0,-1,"setosa",19,4
6,7,"Sepal.Length",6.25,1,NA,19,5
0,0,NA,0,-1,"versicolor",19,6
8,9,"Sepal.Length",6.449999999999999,1,NA,19,7
10,11,"Petal.Length",4.9,1,NA,19,8
0,0,NA,0,-1,"versicolor",19,9
0,0,NA,0,-1,"versicolor",19,10
0,0,NA,0,-1,"virginica",19,11
2,3,"Petal.Width",0.8,1,NA,20,1
0,0,NA,0,-1,"setosa",20,2
4,5,"Petal.Width",1.55,1,NA,20,3
6,7,"Petal.Length",4.95,1,NA,20,4
8,9,"Sepal.Length",6,1,NA,20,5
0,0,NA,0,-1,"versicolor",20,6
0,0,NA,0,-1,"virginica",20,7
10,11,"Petal.Length",4.85,1,NA,20,8
0,0,NA,0,-1,"virginica",20,9
0,0,NA,0,-1,"versicolor",20,10
0,0,NA,0,-1,"virginica",20,11
2,3,"Sepal.Length",5.45,1,NA,21,1
4,5,"Petal.Width",0.8,1,NA,21,2
6,7,"Petal.Width",1.75,1,NA,21,3
0,0,NA,0,-1,"setosa",21,4
8,9,"Petal.Length",4.2,1,NA,21,5
10,11,"Petal.Length",4.95,1,NA,21,6
12,13,"Sepal.Width",3.1500000000000004,1,NA,21,7
0,0,NA,0,-1,"versicolor",21,8
14,15,"Sepal.Width",2.75,1,NA,21,9
16,17,"Petal.Length",2.6,1,NA,21,10
18,19,"Sepal.Length",6.5,1,NA,21,11
0,0,NA,0,-1,"virginica",21,12
20,21,"Sepal.Length",6.1,1,NA,21,13
0,0,NA,0,-1,"virginica",21,14
0,0,NA,0,-1,"versicolor",21,15
0,0,NA,0,-1,"setosa",21,16
0,0,NA,0,-1,"versicolor",21,17
22,23,"Sepal.Length",6.05,1,NA,21,18
0,0,NA,0,-1,"versicolor",21,19
0,0,NA,0,-1,"versicolor",21,20
0,0,NA,0,-1,"virginica",21,21
24,25,"Petal.Length",5.05,1,NA,21,22
0,0,NA,0,-1,"virginica",21,23
0,0,NA,0,-1,"virginica",21,24
0,0,NA,0,-1,"versicolor",21,25
2,3,"Petal.Length",2.5999999999999996,1,NA,22,1
0,0,NA,0,-1,"setosa",22,2
4,5,"Sepal.Length",6.25,1,NA,22,3
6,7,"Sepal.Length",5.75,1,NA,22,4
8,9,"Sepal.Length",7.05,1,NA,22,5
10,11,"Petal.Width",1.6,1,NA,22,6
12,13,"Sepal.Length",5.85,1,NA,22,7
14,15,"Petal.Length",5.05,1,NA,22,8
0,0,NA,0,-1,"virginica",22,9
0,0,NA,0,-1,"versicolor",22,10
0,0,NA,0,-1,"virginica",22,11
16,17,"Petal.Width",1.5499999999999998,1,NA,22,12
18,19,"Petal.Length",4.85,1,NA,22,13
20,21,"Petal.Width",1.7999999999999998,1,NA,22,14
0,0,NA,0,-1,"virginica",22,15
0,0,NA,0,-1,"versicolor",22,16
0,0,NA,0,-1,"virginica",22,17
22,23,"Petal.Length",4.75,1,NA,22,18
24,25,"Sepal.Length",6.05,1,NA,22,19
0,0,NA,0,-1,"versicolor",22,20
0,0,NA,0,-1,"virginica",22,21
0,0,NA,0,-1,"versicolor",22,22
0,0,NA,0,-1,"versicolor",22,23
26,27,"Sepal.Width",2.45,1,NA,22,24
0,0,NA,0,-1,"virginica",22,25
0,0,NA,0,-1,"virginica",22,26
28,29,"Petal.Width",1.7000000000000002,1,NA,22,27
0,0,NA,0,-1,"versicolor",22,28
0,0,NA,0,-1,"virginica",22,29
2,3,"Petal.Width",0.75,1,NA,23,1
0,0,NA,0,-1,"setosa",23,2
4,5,"Sepal.Length",5.75,1,NA,23,3
0,0,NA,0,-1,"versicolor",23,4
6,7,"Sepal.Length",6.15,1,NA,23,5
8,9,"Petal.Width",1.7000000000000002,1,NA,23,6
10,11,"Sepal.Length",7.05,1,NA,23,7
12,13,"Sepal.Width",2.6500000000000004,1,NA,23,8
0,0,NA,0,-1,"virginica",23,9
14,15,"Petal.Length",4.75,1,NA,23,10
0,0,NA,0,-1,"virginica",23,11
16,17,"Petal.Length",4.5,1,NA,23,12
0,0,NA,0,-1,"versicolor",23,13
0,0,NA,0,-1,"versicolor",23,14
18,19,"Sepal.Width",2.6,1,NA,23,15
0,0,NA,0,-1,"versicolor",23,16
0,0,NA,0,-1,"virginica",23,17
20,21,"Petal.Width",1.65,1,NA,23,18
0,0,NA,0,-1,"virginica",23,19
0,0,NA,0,-1,"versicolor",23,20
0,0,NA,0,-1,"virginica",23,21
2,3,"Petal.Width",0.8,1,NA,24,1
0,0,NA,0,-1,"setosa",24,2
4,5,"Sepal.Length",6.05,1,NA,24,3
6,7,"Petal.Width",1.7000000000000002,1,NA,24,4
8,9,"Petal.Length",4.85,1,NA,24,5
10,11,"Petal.Length",4.75,1,NA,24,6
12,13,"Petal.Length",4.85,1,NA,24,7
14,15,"Petal.Length",4.75,1,NA,24,8
16,17,"Petal.Length",4.95,1,NA,24,9
0,0,NA,0,-1,"versicolor",24,10
18,19,"Petal.Width",1.55,1,NA,24,11
0,0,NA,0,-1,"versicolor",24,12
0,0,NA,0,-1,"virginica",24,13
0,0,NA,0,-1,"versicolor",24,14
20,21,"Sepal.Length",6.5,1,NA,24,15
22,23,"Sepal.Width",2.6,1,NA,24,16
0,0,NA,0,-1,"virginica",24,17
0,0,NA,0,-1,"virginica",24,18
0,0,NA,0,-1,"versicolor",24,19
0,0,NA,0,-1,"virginica",24,20
0,0,NA,0,-1,"versicolor",24,21
0,0,NA,0,-1,"versicolor",24,22
0,0,NA,0,-1,"virginica",24,23
2,3,"Petal.Width",0.75,1,NA,25,1
0,0,NA,0,-1,"setosa",25,2
4,5,"Petal.Width",1.75,1,NA,25,3
6,7,"Sepal.Length",5.050000000000001,1,NA,25,4
0,0,NA,0,-1,"virginica",25,5
0,0,NA,0,-1,"virginica",25,6
8,9,"Sepal.Length",7.050000000000001,1,NA,25,7
10,11,"Sepal.Width",2.25,1,NA,25,8
0,0,NA,0,-1,"virginica",25,9
0,0,NA,0,-1,"versicolor",25,10
12,13,"Petal.Length",5.3,1,NA,25,11
0,0,NA,0,-1,"versicolor",25,12
0,0,NA,0,-1,"virginica",25,13
2,3,"Petal.Width",0.75,1,NA,26,1
0,0,NA,0,-1,"setosa",26,2
4,5,"Petal.Width",1.75,1,NA,26,3
6,7,"Petal.Length",5.05,1,NA,26,4
0,0,NA,0,-1,"virginica",26,5
0,0,NA,0,-1,"versicolor",26,6
8,9,"Petal.Width",1.55,1,NA,26,7
0,0,NA,0,-1,"virginica",26,8
10,11,"Sepal.Width",2.85,1,NA,26,9
0,0,NA,0,-1,"versicolor",26,10
0,0,NA,0,-1,"virginica",26,11
2,3,"Sepal.Length",5.55,1,NA,27,1
4,5,"Sepal.Width",2.85,1,NA,27,2
6,7,"Petal.Length",4.95,1,NA,27,3
8,9,"Sepal.Length",4.7,1,NA,27,4
0,0,NA,0,-1,"setosa",27,5
10,11,"Sepal.Width",3.5999999999999996,1,NA,27,6
12,13,"Sepal.Length",6.75,1,NA,27,7
0,0,NA,0,-1,"setosa",27,8
0,0,NA,0,-1,"versicolor",27,9
14,15,"Petal.Length",4.75,1,NA,27,10
0,0,NA,0,-1,"setosa",27,11
16,17,"Sepal.Length",6.6,1,NA,27,12
0,0,NA,0,-1,"virginica",27,13
0,0,NA,0,-1,"versicolor",27,14
18,19,"Petal.Length",4.85,1,NA,27,15
20,21,"Sepal.Length",6.1,1,NA,27,16
22,23,"Sepal.Width",2.75,1,NA,27,17
0,0,NA,0,-1,"virginica",27,18
0,0,NA,0,-1,"versicolor",27,19
24,25,"Sepal.Length",5.95,1,NA,27,20
0,0,NA,0,-1,"virginica",27,21
0,0,NA,0,-1,"virginica",27,22
26,27,"Petal.Width",1.9,1,NA,27,23
0,0,NA,0,-1,"virginica",27,24
28,29,"Sepal.Width",2.45,1,NA,27,25
0,0,NA,0,-1,"versicolor",27,26
0,0,NA,0,-1,"virginica",27,27
0,0,NA,0,-1,"virginica",27,28
0,0,NA,0,-1,"versicolor",27,29
2,3,"Petal.Width",0.75,1,NA,28,1
0,0,NA,0,-1,"setosa",28,2
4,5,"Petal.Width",1.65,1,NA,28,3
6,7,"Petal.Length",5,1,NA,28,4
8,9,"Petal.Width",1.75,1,NA,28,5
0,0,NA,0,-1,"versicolor",28,6
10,11,"Petal.Width",1.55,1,NA,28,7
12,13,"Sepal.Length",5.800000000000001,1,NA,28,8
14,15,"Petal.Length",4.85,1,NA,28,9
0,0,NA,0,-1,"virginica",28,10
0,0,NA,0,-1,"versicolor",28,11
0,0,NA,0,-1,"virginica",28,12
0,0,NA,0,-1,"versicolor",28,13
16,17,"Sepal.Width",3,1,NA,28,14
0,0,NA,0,-1,"virginica",28,15
0,0,NA,0,-1,"virginica",28,16
0,0,NA,0,-1,"versicolor",28,17
2,3,"Petal.Width",1.75,1,NA,29,1
4,5,"Petal.Length",2.45,1,NA,29,2
0,0,NA,0,-1,"virginica",29,3
0,0,NA,0,-1,"setosa",29,4
6,7,"Sepal.Length",7.1,1,NA,29,5
8,9,"Petal.Length",5.35,1,NA,29,6
0,0,NA,0,-1,"virginica",29,7
0,0,NA,0,-1,"versicolor",29,8
0,0,NA,0,-1,"virginica",29,9
2,3,"Petal.Length",2.5999999999999996,1,NA,30,1
0,0,NA,0,-1,"setosa",30,2
4,5,"Petal.Width",1.75,1,NA,30,3
6,7,"Sepal.Length",7.050000000000001,1,NA,30,4
8,9,"Sepal.Length",5.95,1,NA,30,5
10,11,"Petal.Length",5.05,1,NA,30,6
0,0,NA,0,-1,"virginica",30,7
12,13,"Sepal.Width",3,1,NA,30,8
0,0,NA,0,-1,"virginica",30,9
0,0,NA,0,-1,"versicolor",30,10
0,0,NA,0,-1,"virginica",30,11
0,0,NA,0,-1,"virginica",30,12
0,0,NA,0,-1,"versicolor",30,13
2,3,"Petal.Length",2.45,1,NA,31,1
0,0,NA,0,-1,"setosa",31,2
4,5,"Petal.Width",1.75,1,NA,31,3
6,7,"Petal.Width",1.55,1,NA,31,4
8,9,"Petal.Width",1.85,1,NA,31,5
10,11,"Petal.Length",4.95,1,NA,31,6
12,13,"Sepal.Width",3.15,1,NA,31,7
14,15,"Sepal.Length",6,1,NA,31,8
0,0,NA,0,-1,"virginica",31,9
0,0,NA,0,-1,"versicolor",31,10
0,0,NA,0,-1,"virginica",31,11
16,17,"Sepal.Length",6.95,1,NA,31,12
0,0,NA,0,-1,"versicolor",31,13
0,0,NA,0,-1,"versicolor",31,14
0,0,NA,0,-1,"virginica",31,15
18,19,"Sepal.Length",5.45,1,NA,31,16
0,0,NA,0,-1,"virginica",31,17
0,0,NA,0,-1,"virginica",31,18
0,0,NA,0,-1,"versicolor",31,19
2,3,"Petal.Length",2.5999999999999996,1,NA,32,1
0,0,NA,0,-1,"setosa",32,2
4,5,"Petal.Length",4.75,1,NA,32,3
6,7,"Petal.Width",1.65,1,NA,32,4
8,9,"Petal.Width",1.7000000000000002,1,NA,32,5
0,0,NA,0,-1,"versicolor",32,6
0,0,NA,0,-1,"virginica",32,7
10,11,"Petal.Width",1.45,1,NA,32,8
0,0,NA,0,-1,"virginica",32,9
0,0,NA,0,-1,"virginica",32,10
12,13,"Sepal.Width",2.75,1,NA,32,11
0,0,NA,0,-1,"versicolor",32,12
14,15,"Petal.Length",5,1,NA,32,13
0,0,NA,0,-1,"versicolor",32,14
0,0,NA,0,-1,"virginica",32,15
2,3,"Petal.Width",0.8,1,NA,33,1
0,0,NA,0,-1,"setosa",33,2
4,5,"Petal.Width",1.55,1,NA,33,3
6,7,"Petal.Length",4.95,1,NA,33,4
8,9,"Petal.Width",1.75,1,NA,33,5
0,0,NA,0,-1,"versicolor",33,6
0,0,NA,0,-1,"virginica",33,7
10,11,"Sepal.Length",6.95,1,NA,33,8
0,0,NA,0,-1,"virginica",33,9
12,13,"Petal.Length",4.75,1,NA,33,10
0,0,NA,0,-1,"virginica",33,11
0,0,NA,0,-1,"virginica",33,12
0,0,NA,0,-1,"versicolor",33,13
2,3,"Petal.Width",0.8,1,NA,34,1
0,0,NA,0,-1,"setosa",34,2
4,5,"Petal.Length",4.85,1,NA,34,3
6,7,"Petal.Width",1.6,1,NA,34,4
8,9,"Petal.Width",1.55,1,NA,34,5
0,0,NA,0,-1,"versicolor",34,6
0,0,NA,0,-1,"virginica",34,7
10,11,"Sepal.Length",6.15,1,NA,34,8
0,0,NA,0,-1,"virginica",34,9
0,0,NA,0,-1,"virginica",34,10
12,13,"Sepal.Width",2.65,1,NA,34,11
0,0,NA,0,-1,"versicolor",34,12
0,0,NA,0,-1,"virginica",34,13
2,3,"Petal.Width",1.7000000000000002,1,NA,35,1
4,5,"Petal.Length",2.45,1,NA,35,2
0,0,NA,0,-1,"virginica",35,3
0,0,NA,0,-1,"setosa",35,4
6,7,"Petal.Length",4.95,1,NA,35,5
0,0,NA,0,-1,"versicolor",35,6
8,9,"Petal.Width",1.55,1,NA,35,7
0,0,NA,0,-1,"virginica",35,8
0,0,NA,0,-1,"versicolor",35,9
2,3,"Petal.Length",2.5999999999999996,1,NA,36,1
0,0,NA,0,-1,"setosa",36,2
4,5,"Petal.Length",4.85,1,NA,36,3
6,7,"Petal.Width",1.65,1,NA,36,4
0,0,NA,0,-1,"virginica",36,5
0,0,NA,0,-1,"versicolor",36,6
8,9,"Sepal.Width",3.1,1,NA,36,7
0,0,NA,0,-1,"virginica",36,8
0,0,NA,0,-1,"versicolor",36,9
2,3,"Petal.Length",2.35,1,NA,37,1
0,0,NA,0,-1,"setosa",37,2
4,5,"Petal.Width",1.75,1,NA,37,3
6,7,"Petal.Length",4.95,1,NA,37,4
8,9,"Sepal.Length",5.95,1,NA,37,5
0,0,NA,0,-1,"versicolor",37,6
10,11,"Petal.Length",5.35,1,NA,37,7
12,13,"Petal.Width",1.85,1,NA,37,8
0,0,NA,0,-1,"virginica",37,9
14,15,"Sepal.Length",6.5,1,NA,37,10
0,0,NA,0,-1,"virginica",37,11
0,0,NA,0,-1,"versicolor",37,12
0,0,NA,0,-1,"virginica",37,13
16,17,"Petal.Width",1.55,1,NA,37,14
0,0,NA,0,-1,"versicolor",37,15
0,0,NA,0,-1,"virginica",37,16
0,0,NA,0,-1,"versicolor",37,17
2,3,"Petal.Length",2.5999999999999996,1,NA,38,1
0,0,NA,0,-1,"setosa",38,2
4,5,"Petal.Length",4.85,1,NA,38,3
6,7,"Petal.Width",1.65,1,NA,38,4
8,9,"Petal.Length",5.15,1,NA,38,5
0,0,NA,0,-1,"versicolor",38,6
10,11,"Sepal.Width",3.1,1,NA,38,7
12,13,"Petal.Width",1.75,1,NA,38,8
0,0,NA,0,-1,"virginica",38,9
0,0,NA,0,-1,"virginica",38,10
0,0,NA,0,-1,"versicolor",38,11
0,0,NA,0,-1,"versicolor",38,12
0,0,NA,0,-1,"virginica",38,13
2,3,"Petal.Length",2.5999999999999996,1,NA,39,1
0,0,NA,0,-1,"setosa",39,2
4,5,"Petal.Width",1.55,1,NA,39,3
6,7,"Petal.Length",5,1,NA,39,4
8,9,"Petal.Width",1.65,1,NA,39,5
0,0,NA,0,-1,"versicolor",39,6
0,0,NA,0,-1,"virginica",39,7
10,11,"Petal.Length",5.15,1,NA,39,8
0,0,NA,0,-1,"virginica",39,9
0,0,NA,0,-1,"versicolor",39,10
0,0,NA,0,-1,"virginica",39,11
2,3,"Petal.Width",0.8,1,NA,40,1
0,0,NA,0,-1,"setosa",40,2
4,5,"Petal.Length",4.95,1,NA,40,3
6,7,"Petal.Width",1.65,1,NA,40,4
8,9,"Petal.Length",5.15,1,NA,40,5
0,0,NA,0,-1,"versicolor",40,6
10,11,"Sepal.Width",3.1,1,NA,40,7
12,13,"Sepal.Length",5.95,1,NA,40,8
0,0,NA,0,-1,"virginica",40,9
0,0,NA,0,-1,"virginica",40,10
0,0,NA,0,-1,"versicolor",40,11
0,0,NA,0,-1,"virginica",40,12
14,15,"Sepal.Width",2.6,1,NA,40,13
0,0,NA,0,-1,"virginica",40,14
16,17,"Sepal.Width",3.1,1,NA,40,15
0,0,NA,0,-1,"versicolor",40,16
0,0,NA,0,-1,"virginica",40,17
2,3,"Petal.Width",0.8,1,NA,41,1
0,0,NA,0,-1,"setosa",41,2
4,5,"Petal.Width",1.75,1,NA,41,3
6,7,"Sepal.Width",2.25,1,NA,41,4
8,9,"Petal.Length",4.85,1,NA,41,5
10,11,"Petal.Width",1.25,1,NA,41,6
12,13,"Sepal.Length",7.1,1,NA,41,7
0,0,NA,0,-1,"versicolor",41,8
0,0,NA,0,-1,"virginica",41,9
0,0,NA,0,-1,"versicolor",41,10
0,0,NA,0,-1,"virginica",41,11
14,15,"Petal.Width",1.65,1,NA,41,12
0,0,NA,0,-1,"virginica",41,13
0,0,NA,0,-1,"versicolor",41,14
16,17,"Sepal.Length",5.800000000000001,1,NA,41,15
0,0,NA,0,-1,"virginica",41,16
0,0,NA,0,-1,"versicolor",41,17
2,3,"Petal.Width",0.7,1,NA,42,1
0,0,NA,0,-1,"setosa",42,2
4,5,"Petal.Width",1.75,1,NA,42,3
6,7,"Petal.Length",5.05,1,NA,42,4
0,0,NA,0,-1,"virginica",42,5
8,9,"Sepal.Width",2.6,1,NA,42,6
10,11,"Sepal.Width",2.75,1,NA,42,7
12,13,"Petal.Length",4.25,1,NA,42,8
0,0,NA,0,-1,"versicolor",42,9
14,15,"Sepal.Length",6.05,1,NA,42,10
0,0,NA,0,-1,"virginica",42,11
0,0,NA,0,-1,"versicolor",42,12
16,17,"Petal.Length",4.7,1,NA,42,13
0,0,NA,0,-1,"versicolor",42,14
0,0,NA,0,-1,"virginica",42,15
0,0,NA,0,-1,"virginica",42,16
18,19,"Sepal.Width",2.35,1,NA,42,17
0,0,NA,0,-1,"virginica",42,18
0,0,NA,0,-1,"versicolor",42,19
2,3,"Petal.Length",2.45,1,NA,43,1
0,0,NA,0,-1,"setosa",43,2
4,5,"Sepal.Length",6.15,1,NA,43,3
6,7,"Petal.Length",4.800000000000001,1,NA,43,4
8,9,"Petal.Width",1.55,1,NA,43,5
0,0,NA,0,-1,"versicolor",43,6
10,11,"Petal.Width",1.7000000000000002,1,NA,43,7
0,0,NA,0,-1,"versicolor",43,8
0,0,NA,0,-1,"virginica",43,9
12,13,"Sepal.Width",2.6500000000000004,1,NA,43,10
0,0,NA,0,-1,"virginica",43,11
0,0,NA,0,-1,"virginica",43,12
0,0,NA,0,-1,"versicolor",43,13
2,3,"Sepal.Length",5.45,1,NA,44,1
4,5,"Petal.Width",0.8,1,NA,44,2
6,7,"Petal.Width",1.7000000000000002,1,NA,44,3
0,0,NA,0,-1,"setosa",44,4
8,9,"Petal.Length",4.2,1,NA,44,5
10,11,"Petal.Length",2.55,1,NA,44,6
12,13,"Petal.Length",4.85,1,NA,44,7
0,0,NA,0,-1,"versicolor",44,8
0,0,NA,0,-1,"virginica",44,9
0,0,NA,0,-1,"setosa",44,10
14,15,"Sepal.Length",7,1,NA,44,11
16,17,"Sepal.Length",6.050000000000001,1,NA,44,12
0,0,NA,0,-1,"virginica",44,13
18,19,"Petal.Length",5.199999999999999,1,NA,44,14
0,0,NA,0,-1,"virginica",44,15
0,0,NA,0,-1,"versicolor",44,16
0,0,NA,0,-1,"virginica",44,17
0,0,NA,0,-1,"versicolor",44,18
0,0,NA,0,-1,"virginica",44,19
2,3,"Petal.Width",1.75,1,NA,45,1
4,5,"Petal.Width",0.8,1,NA,45,2
6,7,"Petal.Width",1.85,1,NA,45,3
0,0,NA,0,-1,"setosa",45,4
8,9,"Sepal.Length",7.1,1,NA,45,5
10,11,"Sepal.Length",5.95,1,NA,45,6
0,0,NA,0,-1,"virginica",45,7
0,0,NA,0,-1,"versicolor",45,8
0,0,NA,0,-1,"virginica",45,9
12,13,"Sepal.Width",3.1,1,NA,45,10
0,0,NA,0,-1,"virginica",45,11
0,0,NA,0,-1,"virginica",45,12
0,0,NA,0,-1,"versicolor",45,13
2,3,"Petal.Width",0.8,1,NA,46,1
0,0,NA,0,-1,"setosa",46,2
4,5,"Sepal.Length",6.25,1,NA,46,3
6,7,"Petal.Length",4.75,1,NA,46,4
8,9,"Sepal.Length",6.75,1,NA,46,5
0,0,NA,0,-1,"versicolor",46,6
10,11,"Petal.Length",5.05,1,NA,46,7
12,13,"Sepal.Length",6.55,1,NA,46,8
14,15,"Sepal.Length",7.050000000000001,1,NA,46,9
0,0,NA,0,-1,"virginica",46,10
16,17,"Sepal.Length",5.95,1,NA,46,11
18,19,"Sepal.Width",3.25,1,NA,46,12
20,21,"Petal.Length",5.1,1,NA,46,13
22,23,"Petal.Width",1.8,1,NA,46,14
0,0,NA,0,-1,"virginica",46,15
0,0,NA,0,-1,"virginica",46,16
0,0,NA,0,-1,"versicolor",46,17
24,25,"Petal.Length",4.6,1,NA,46,18
26,27,"Petal.Length",5.15,1,NA,46,19
0,0,NA,0,-1,"versicolor",46,20
0,0,NA,0,-1,"virginica",46,21
0,0,NA,0,-1,"versicolor",46,22
0,0,NA,0,-1,"virginica",46,23
0,0,NA,0,-1,"versicolor",46,24
0,0,NA,0,-1,"virginica",46,25
0,0,NA,0,-1,"versicolor",46,26
0,0,NA,0,-1,"virginica",46,27
2,3,"Petal.Width",1.65,1,NA,47,1
4,5,"Petal.Width",0.8,1,NA,47,2
6,7,"Petal.Width",1.75,1,NA,47,3
0,0,NA,0,-1,"setosa",47,4
8,9,"Petal.Length",4.95,1,NA,47,5
10,11,"Sepal.Length",5.800000000000001,1,NA,47,6
0,0,NA,0,-1,"virginica",47,7
0,0,NA,0,-1,"versicolor",47,8
12,13,"Sepal.Width",2.45,1,NA,47,9
0,0,NA,0,-1,"virginica",47,10
0,0,NA,0,-1,"versicolor",47,11
0,0,NA,0,-1,"virginica",47,12
0,0,NA,0,-1,"versicolor",47,13
2,3,"Sepal.Length",5.55,1,NA,48,1
4,5,"Sepal.Width",2.85,1,NA,48,2
6,7,"Petal.Length",4.95,1,NA,48,3
8,9,"Petal.Length",4.25,1,NA,48,4
10,11,"Petal.Length",3.2,1,NA,48,5
12,13,"Petal.Width",1.65,1,NA,48,6
14,15,"Petal.Width",1.75,1,NA,48,7
0,0,NA,0,-1,"versicolor",48,8
0,0,NA,0,-1,"virginica",48,9
0,0,NA,0,-1,"setosa",48,10
0,0,NA,0,-1,"versicolor",48,11
16,17,"Petal.Width",0.6,1,NA,48,12
0,0,NA,0,-1,"virginica",48,13
18,19,"Petal.Width",1.65,1,NA,48,14
0,0,NA,0,-1,"virginica",48,15
0,0,NA,0,-1,"setosa",48,16
0,0,NA,0,-1,"versicolor",48,17
0,0,NA,0,-1,"virginica",48,18
0,0,NA,0,-1,"versicolor",48,19
2,3,"Petal.Length",2.45,1,NA,49,1
0,0,NA,0,-1,"setosa",49,2
4,5,"Petal.Width",1.65,1,NA,49,3
0,0,NA,0,-1,"versicolor",49,4
6,7,"Sepal.Length",5.95,1,NA,49,5
8,9,"Sepal.Length",5.85,1,NA,49,6
0,0,NA,0,-1,"virginica",49,7
0,0,NA,0,-1,"virginica",49,8
0,0,NA,0,-1,"versicolor",49,9
2,3,"Petal.Length",2.45,1,NA,50,1
0,0,NA,0,-1,"setosa",50,2
4,5,"Petal.Length",4.75,1,NA,50,3
0,0,NA,0,-1,"versicolor",50,4
6,7,"Petal.Width",1.75,1,NA,50,5
8,9,"Sepal.Width",2.9,1,NA,50,6
10,11,"Petal.Length",4.85,1,NA,50,7
12,13,"Sepal.Length",6.55,1,NA,50,8
0,0,NA,0,-1,"versicolor",50,9
14,15,"Sepal.Length",5.95,1,NA,50,10
0,0,NA,0,-1,"virginica",50,11
0,0,NA,0,-1,"virginica",50,12
0,0,NA,0,-1,"versicolor",50,13
0,0,NA,0,-1,"versicolor",50,14
0,0,NA,0,-1,"virginica",50,15
2,3,"Petal.Length",2.5999999999999996,1,NA,51,1
0,0,NA,0,-1,"setosa",51,2
4,5,"Petal.Width",1.7000000000000002,1,NA,51,3
6,7,"Sepal.Length",7.1,1,NA,51,4
8,9,"Sepal.Length",6,1,NA,51,5
10,11,"Sepal.Width",2.25,1,NA,51,6
0,0,NA,0,-1,"virginica",51,7
12,13,"Sepal.Width",3,1,NA,51,8
0,0,NA,0,-1,"virginica",51,9
14,15,"Petal.Length",4.5,1,NA,51,10
16,17,"Sepal.Length",6.25,1,NA,51,11
0,0,NA,0,-1,"virginica",51,12
0,0,NA,0,-1,"versicolor",51,13
0,0,NA,0,-1,"versicolor",51,14
0,0,NA,0,-1,"virginica",51,15
0,0,NA,0,-1,"versicolor",51,16
18,19,"Petal.Length",5,1,NA,51,17
0,0,NA,0,-1,"versicolor",51,18
0,0,NA,0,-1,"virginica",51,19
2,3,"Petal.Width",0.8,1,NA,52,1
0,0,NA,0,-1,"setosa",52,2
4,5,"Petal.Length",5.05,1,NA,52,3
6,7,"Petal.Length",4.75,1,NA,52,4
0,0,NA,0,-1,"virginica",52,5
8,9,"Petal.Width",1.65,1,NA,52,6
10,11,"Sepal.Length",6.45,1,NA,52,7
0,0,NA,0,-1,"versicolor",52,8
0,0,NA,0,-1,"virginica",52,9
12,13,"Sepal.Width",3.1,1,NA,52,10
0,0,NA,0,-1,"versicolor",52,11
0,0,NA,0,-1,"virginica",52,12
0,0,NA,0,-1,"versicolor",52,13
2,3,"Petal.Length",2.45,1,NA,53,1
0,0,NA,0,-1,"setosa",53,2
4,5,"Petal.Width",1.75,1,NA,53,3
6,7,"Petal.Length",4.95,1,NA,53,4
8,9,"Sepal.Length",6,1,NA,53,5
10,11,"Sepal.Width",2.55,1,NA,53,6
12,13,"Sepal.Length",6.35,1,NA,53,7
14,15,"Petal.Length",4.9,1,NA,53,8
0,0,NA,0,-1,"virginica",53,9
16,17,"Sepal.Length",4.95,1,NA,53,10
0,0,NA,0,-1,"versicolor",53,11
0,0,NA,0,-1,"virginica",53,12
0,0,NA,0,-1,"versicolor",53,13
0,0,NA,0,-1,"versicolor",53,14
0,0,NA,0,-1,"virginica",53,15
18,19,"Petal.Width",1.35,1,NA,53,16
0,0,NA,0,-1,"versicolor",53,17
0,0,NA,0,-1,"versicolor",53,18
0,0,NA,0,-1,"virginica",53,19
2,3,"Petal.Width",0.8,1,NA,54,1
0,0,NA,0,-1,"setosa",54,2
4,5,"Sepal.Length",6.25,1,NA,54,3
6,7,"Petal.Length",4.949999999999999,1,NA,54,4
8,9,"Petal.Width",1.7000000000000002,1,NA,54,5
10,11,"Petal.Width",1.6,1,NA,54,6
0,0,NA,0,-1,"virginica",54,7
12,13,"Petal.Length",5.25,1,NA,54,8
0,0,NA,0,-1,"virginica",54,9
0,0,NA,0,-1,"versicolor",54,10
14,15,"Sepal.Width",3.1,1,NA,54,11
0,0,NA,0,-1,"versicolor",54,12
0,0,NA,0,-1,"virginica",54,13
0,0,NA,0,-1,"virginica",54,14
0,0,NA,0,-1,"versicolor",54,15
2,3,"Petal.Width",0.8,1,NA,55,1
0,0,NA,0,-1,"setosa",55,2
4,5,"Petal.Width",1.65,1,NA,55,3
6,7,"Petal.Length",4.95,1,NA,55,4
8,9,"Petal.Length",4.85,1,NA,55,5
0,0,NA,0,-1,"versicolor",55,6
0,0,NA,0,-1,"virginica",55,7
10,11,"Sepal.Length",5.4,1,NA,55,8
0,0,NA,0,-1,"virginica",55,9
0,0,NA,0,-1,"virginica",55,10
12,13,"Sepal.Length",5.95,1,NA,55,11
0,0,NA,0,-1,"versicolor",55,12
0,0,NA,0,-1,"virginica",55,13
2,3,"Petal.Width",0.8,1,NA,56,1
0,0,NA,0,-1,"setosa",56,2
4,5,"Sepal.Length",5.85,1,NA,56,3
6,7,"Petal.Width",1.6,1,NA,56,4
8,9,"Petal.Length",4.75,1,NA,56,5
0,0,NA,0,-1,"versicolor",56,6
0,0,NA,0,-1,"virginica",56,7
0,0,NA,0,-1,"versicolor",56,8
10,11,"Petal.Length",5.05,1,NA,56,9
12,13,"Sepal.Width",3.05,1,NA,56,10
0,0,NA,0,-1,"virginica",56,11
14,15,"Petal.Width",1.75,1,NA,56,12
0,0,NA,0,-1,"versicolor",56,13
16,17,"Sepal.Length",6.15,1,NA,56,14
0,0,NA,0,-1,"virginica",56,15
0,0,NA,0,-1,"virginica",56,16
0,0,NA,0,-1,"versicolor",56,17
2,3,"Petal.Length",2.45,1,NA,57,1
0,0,NA,0,-1,"setosa",57,2
4,5,"Petal.Length",4.85,1,NA,57,3
6,7,"Petal.Width",1.65,1,NA,57,4
8,9,"Petal.Width",1.75,1,NA,57,5
0,0,NA,0,-1,"versicolor",57,6
10,11,"Sepal.Width",3.1,1,NA,57,7
12,13,"Sepal.Width",3.05,1,NA,57,8
0,0,NA,0,-1,"virginica",57,9
0,0,NA,0,-1,"virginica",57,10
0,0,NA,0,-1,"versicolor",57,11
14,15,"Petal.Length",5.35,1,NA,57,12
0,0,NA,0,-1,"versicolor",57,13
16,17,"Petal.Width",1.55,1,NA,57,14
0,0,NA,0,-1,"virginica",57,15
0,0,NA,0,-1,"virginica",57,16
0,0,NA,0,-1,"versicolor",57,17
2,3,"Petal.Width",0.8,1,NA,58,1
0,0,NA,0,-1,"setosa",58,2
4,5,"Sepal.Length",5.75,1,NA,58,3
6,7,"Petal.Width",1.6,1,NA,58,4
8,9,"Petal.Length",4.95,1,NA,58,5
0,0,NA,0,-1,"versicolor",58,6
0,0,NA,0,-1,"virginica",58,7
10,11,"Petal.Width",1.7000000000000002,1,NA,58,8
0,0,NA,0,-1,"virginica",58,9
0,0,NA,0,-1,"versicolor",58,10
0,0,NA,0,-1,"virginica",58,11
2,3,"Petal.Length",2.45,1,NA,59,1
0,0,NA,0,-1,"setosa",59,2
4,5,"Petal.Length",4.95,1,NA,59,3
6,7,"Petal.Width",1.7000000000000002,1,NA,59,4
8,9,"Petal.Width",1.75,1,NA,59,5
0,0,NA,0,-1,"versicolor",59,6
10,11,"Petal.Width",1.9,1,NA,59,7
12,13,"Petal.Width",1.65,1,NA,59,8
0,0,NA,0,-1,"virginica",59,9
0,0,NA,0,-1,"versicolor",59,10
0,0,NA,0,-1,"virginica",59,11
0,0,NA,0,-1,"virginica",59,12
0,0,NA,0,-1,"versicolor",59,13
2,3,"Petal.Width",0.7,1,NA,60,1
0,0,NA,0,-1,"setosa",60,2
4,5,"Sepal.Length",6.25,1,NA,60,3
6,7,"Petal.Width",1.7000000000000002,1,NA,60,4
8,9,"Petal.Length",4.85,1,NA,60,5
10,11,"Petal.Length",5.35,1,NA,60,6
12,13,"Sepal.Width",3.1,1,NA,60,7
0,0,NA,0,-1,"versicolor",60,8
14,15,"Sepal.Width",2.55,1,NA,60,9
0,0,NA,0,-1,"versicolor",60,10
0,0,NA,0,-1,"virginica",60,11
0,0,NA,0,-1,"virginica",60,12
16,17,"Petal.Width",2.05,1,NA,60,13
0,0,NA,0,-1,"versicolor",60,14
18,19,"Petal.Width",1.75,1,NA,60,15
0,0,NA,0,-1,"versicolor",60,16
0,0,NA,0,-1,"virginica",60,17
20,21,"Petal.Length",5.05,1,NA,60,18
0,0,NA,0,-1,"virginica",60,19
0,0,NA,0,-1,"versicolor",60,20
0,0,NA,0,-1,"virginica",60,21
2,3,"Sepal.Length",5.45,1,NA,61,1
4,5,"Sepal.Width",2.8,1,NA,61,2
6,7,"Sepal.Length",7.050000000000001,1,NA,61,3
8,9,"Petal.Width",1.5499999999999998,1,NA,61,4
0,0,NA,0,-1,"setosa",61,5
10,11,"Petal.Width",1.75,1,NA,61,6
0,0,NA,0,-1,"virginica",61,7
12,13,"Petal.Width",0.65,1,NA,61,8
0,0,NA,0,-1,"virginica",61,9
14,15,"Petal.Width",0.6,1,NA,61,10
16,17,"Petal.Length",4.85,1,NA,61,11
0,0,NA,0,-1,"setosa",61,12
0,0,NA,0,-1,"versicolor",61,13
0,0,NA,0,-1,"setosa",61,14
18,19,"Petal.Length",4.95,1,NA,61,15
0,0,NA,0,-1,"versicolor",61,16
0,0,NA,0,-1,"virginica",61,17
0,0,NA,0,-1,"versicolor",61,18
20,21,"Sepal.Width",2.45,1,NA,61,19
0,0,NA,0,-1,"virginica",61,20
0,0,NA,0,-1,"versicolor",61,21
2,3,"Petal.Length",2.5999999999999996,1,NA,62,1
0,0,NA,0,-1,"setosa",62,2
4,5,"Petal.Width",1.75,1,NA,62,3
6,7,"Petal.Length",5.05,1,NA,62,4
0,0,NA,0,-1,"virginica",62,5
0,0,NA,0,-1,"versicolor",62,6
8,9,"Sepal.Length",6.05,1,NA,62,7
0,0,NA,0,-1,"versicolor",62,8
0,0,NA,0,-1,"virginica",62,9
2,3,"Petal.Width",0.8,1,NA,63,1
0,0,NA,0,-1,"setosa",63,2
4,5,"Sepal.Length",5.75,1,NA,63,3
6,7,"Sepal.Length",4.95,1,NA,63,4
8,9,"Petal.Length",4.75,1,NA,63,5
10,11,"Sepal.Width",2.45,1,NA,63,6
12,13,"Petal.Length",4.7,1,NA,63,7
0,0,NA,0,-1,"versicolor",63,8
14,15,"Petal.Width",1.75,1,NA,63,9
0,0,NA,0,-1,"versicolor",63,10
0,0,NA,0,-1,"virginica",63,11
0,0,NA,0,-1,"versicolor",63,12
0,0,NA,0,-1,"virginica",63,13
16,17,"Petal.Width",1.55,1,NA,63,14
0,0,NA,0,-1,"virginica",63,15
18,19,"Petal.Length",4.95,1,NA,63,16
20,21,"Petal.Length",5.449999999999999,1,NA,63,17
0,0,NA,0,-1,"versicolor",63,18
0,0,NA,0,-1,"virginica",63,19
0,0,NA,0,-1,"versicolor",63,20
0,0,NA,0,-1,"virginica",63,21
2,3,"Petal.Length",2.45,1,NA,64,1
0,0,NA,0,-1,"setosa",64,2
4,5,"Petal.Width",1.55,1,NA,64,3
6,7,"Sepal.Width",2.25,1,NA,64,4
8,9,"Sepal.Width",3.1500000000000004,1,NA,64,5
10,11,"Sepal.Length",5.5,1,NA,64,6
12,13,"Petal.Length",5,1,NA,64,7
0,0,NA,0,-1,"virginica",64,8
14,15,"Sepal.Length",6.1,1,NA,64,9
0,0,NA,0,-1,"versicolor",64,10
0,0,NA,0,-1,"virginica",64,11
0,0,NA,0,-1,"versicolor",64,12
0,0,NA,0,-1,"virginica",64,13
0,0,NA,0,-1,"versicolor",64,14
0,0,NA,0,-1,"virginica",64,15
2,3,"Petal.Length",2.45,1,NA,65,1
0,0,NA,0,-1,"setosa",65,2
4,5,"Petal.Width",1.75,1,NA,65,3
6,7,"Petal.Length",5.4,1,NA,65,4
0,0,NA,0,-1,"virginica",65,5
8,9,"Petal.Length",4.95,1,NA,65,6
0,0,NA,0,-1,"virginica",65,7
0,0,NA,0,-1,"versicolor",65,8
10,11,"Sepal.Width",2.6,1,NA,65,9
0,0,NA,0,-1,"virginica",65,10
0,0,NA,0,-1,"versicolor",65,11
2,3,"Petal.Width",0.8,1,NA,66,1
0,0,NA,0,-1,"setosa",66,2
4,5,"Sepal.Length",6.15,1,NA,66,3
6,7,"Petal.Width",1.7000000000000002,1,NA,66,4
8,9,"Petal.Width",1.75,1,NA,66,5
10,11,"Sepal.Width",2.25,1,NA,66,6
0,0,NA,0,-1,"virginica",66,7
12,13,"Petal.Length",5.4,1,NA,66,8
0,0,NA,0,-1,"virginica",66,9
14,15,"Petal.Length",4.5,1,NA,66,10
0,0,NA,0,-1,"versicolor",66,11
0,0,NA,0,-1,"versicolor",66,12
0,0,NA,0,-1,"virginica",66,13
0,0,NA,0,-1,"versicolor",66,14
0,0,NA,0,-1,"virginica",66,15
2,3,"Petal.Width",0.75,1,NA,67,1
0,0,NA,0,-1,"setosa",67,2
4,5,"Petal.Length",4.95,1,NA,67,3
6,7,"Sepal.Length",5.95,1,NA,67,4
8,9,"Petal.Width",1.75,1,NA,67,5
0,0,NA,0,-1,"versicolor",67,6
10,11,"Sepal.Length",6.25,1,NA,67,7
12,13,"Petal.Width",1.55,1,NA,67,8
0,0,NA,0,-1,"virginica",67,9
14,15,"Petal.Width",1.7000000000000002,1,NA,67,10
0,0,NA,0,-1,"versicolor",67,11
0,0,NA,0,-1,"virginica",67,12
0,0,NA,0,-1,"versicolor",67,13
0,0,NA,0,-1,"versicolor",67,14
0,0,NA,0,-1,"virginica",67,15
2,3,"Petal.Length",2.45,1,NA,68,1
0,0,NA,0,-1,"setosa",68,2
4,5,"Petal.Width",1.65,1,NA,68,3
6,7,"Petal.Length",5,1,NA,68,4
8,9,"Petal.Width",1.85,1,NA,68,5
0,0,NA,0,-1,"versicolor",68,6
10,11,"Sepal.Length",6.05,1,NA,68,7
12,13,"Sepal.Width",3.1500000000000004,1,NA,68,8
0,0,NA,0,-1,"virginica",68,9
0,0,NA,0,-1,"versicolor",68,10
0,0,NA,0,-1,"virginica",68,11
14,15,"Sepal.Length",6.6,1,NA,68,12
16,17,"Petal.Length",5.4,1,NA,68,13
0,0,NA,0,-1,"virginica",68,14
0,0,NA,0,-1,"versicolor",68,15
0,0,NA,0,-1,"versicolor",68,16
0,0,NA,0,-1,"virginica",68,17
2,3,"Sepal.Length",5.45,1,NA,69,1
4,5,"Petal.Length",2.45,1,NA,69,2
6,7,"Petal.Length",4.95,1,NA,69,3
0,0,NA,0,-1,"setosa",69,4
0,0,NA,0,-1,"versicolor",69,5
8,9,"Petal.Width",0.7,1,NA,69,6
0,0,NA,0,-1,"virginica",69,7
0,0,NA,0,-1,"setosa",69,8
10,11,"Petal.Length",4.75,1,NA,69,9
0,0,NA,0,-1,"versicolor",69,10
12,13,"Sepal.Length",6.15,1,NA,69,11
0,0,NA,0,-1,"virginica",69,12
0,0,NA,0,-1,"versicolor",69,13
2,3,"Petal.Length",2.45,1,NA,70,1
0,0,NA,0,-1,"setosa",70,2
4,5,"Petal.Width",1.75,1,NA,70,3
6,7,"Petal.Length",5.3,1,NA,70,4
8,9,"Sepal.Width",3.1500000000000004,1,NA,70,5
0,0,NA,0,-1,"versicolor",70,6
0,0,NA,0,-1,"virginica",70,7
0,0,NA,0,-1,"virginica",70,8
10,11,"Petal.Length",4.949999999999999,1,NA,70,9
0,0,NA,0,-1,"versicolor",70,10
0,0,NA,0,-1,"virginica",70,11
2,3,"Petal.Width",0.8,1,NA,71,1
0,0,NA,0,-1,"setosa",71,2
4,5,"Petal.Width",1.85,1,NA,71,3
6,7,"Petal.Length",5.05,1,NA,71,4
0,0,NA,0,-1,"virginica",71,5
8,9,"Petal.Width",1.65,1,NA,71,6
10,11,"Sepal.Width",2.75,1,NA,71,7
0,0,NA,0,-1,"versicolor",71,8
12,13,"Petal.Length",4.95,1,NA,71,9
14,15,"Sepal.Width",2.6500000000000004,1,NA,71,10
0,0,NA,0,-1,"virginica",71,11
16,17,"Petal.Length",4.85,1,NA,71,12
0,0,NA,0,-1,"versicolor",71,13
0,0,NA,0,-1,"virginica",71,14
0,0,NA,0,-1,"versicolor",71,15
18,19,"Sepal.Width",3,1,NA,71,16
0,0,NA,0,-1,"virginica",71,17
0,0,NA,0,-1,"virginica",71,18
0,0,NA,0,-1,"versicolor",71,19
2,3,"Petal.Width",0.8,1,NA,72,1
0,0,NA,0,-1,"setosa",72,2
4,5,"Petal.Width",1.75,1,NA,72,3
6,7,"Petal.Length",4.95,1,NA,72,4
8,9,"Sepal.Length",6,1,NA,72,5
0,0,NA,0,-1,"versicolor",72,6
10,11,"Sepal.Width",2.45,1,NA,72,7
12,13,"Sepal.Width",3.1,1,NA,72,8
0,0,NA,0,-1,"virginica",72,9
0,0,NA,0,-1,"virginica",72,10
14,15,"Sepal.Width",2.75,1,NA,72,11
0,0,NA,0,-1,"virginica",72,12
0,0,NA,0,-1,"versicolor",72,13
0,0,NA,0,-1,"versicolor",72,14
16,17,"Petal.Width",1.65,1,NA,72,15
0,0,NA,0,-1,"virginica",72,16
0,0,NA,0,-1,"versicolor",72,17
2,3,"Petal.Width",0.8,1,NA,73,1
0,0,NA,0,-1,"setosa",73,2
4,5,"Sepal.Length",5.75,1,NA,73,3
6,7,"Petal.Width",1.7,1,NA,73,4
8,9,"Petal.Length",4.75,1,NA,73,5
0,0,NA,0,-1,"versicolor",73,6
0,0,NA,0,-1,"virginica",73,7
0,0,NA,0,-1,"versicolor",73,8
10,11,"Petal.Width",1.75,1,NA,73,9
12,13,"Sepal.Length",6.5,1,NA,73,10
0,0,NA,0,-1,"virginica",73,11
14,15,"Petal.Width",1.55,1,NA,73,12
16,17,"Petal.Width",1.55,1,NA,73,13
0,0,NA,0,-1,"virginica",73,14
0,0,NA,0,-1,"versicolor",73,15
0,0,NA,0,-1,"versicolor",73,16
18,19,"Petal.Width",1.65,1,NA,73,17
0,0,NA,0,-1,"virginica",73,18
0,0,NA,0,-1,"versicolor",73,19
2,3,"Sepal.Length",5.55,1,NA,74,1
4,5,"Petal.Width",0.8,1,NA,74,2
6,7,"Petal.Length",4.75,1,NA,74,3
0,0,NA,0,-1,"setosa",74,4
8,9,"Petal.Length",4.2,1,NA,74,5
10,11,"Petal.Width",0.7,1,NA,74,6
0,0,NA,0,-1,"virginica",74,7
0,0,NA,0,-1,"versicolor",74,8
12,13,"Sepal.Width",2.75,1,NA,74,9
0,0,NA,0,-1,"setosa",74,10
0,0,NA,0,-1,"versicolor",74,11
0,0,NA,0,-1,"virginica",74,12
0,0,NA,0,-1,"versicolor",74,13
2,3,"Petal.Length",2.5999999999999996,1,NA,75,1
0,0,NA,0,-1,"setosa",75,2
4,5,"Sepal.Length",5.95,1,NA,75,3
6,7,"Petal.Width",1.5499999999999998,1,NA,75,4
8,9,"Petal.Length",4.75,1,NA,75,5
0,0,NA,0,-1,"versicolor",75,6
10,11,"Sepal.Length",5.85,1,NA,75,7
0,0,NA,0,-1,"versicolor",75,8
12,13,"Petal.Width",1.75,1,NA,75,9
0,0,NA,0,-1,"virginica",75,10
0,0,NA,0,-1,"versicolor",75,11
14,15,"Sepal.Width",2.6500000000000004,1,NA,75,12
0,0,NA,0,-1,"virginica",75,13
0,0,NA,0,-1,"virginica",75,14
0,0,NA,0,-1,"versicolor",75,15
2,3,"Petal.Width",1.65,1,NA,76,1
4,5,"Petal.Length",2.45,1,NA,76,2
0,0,NA,0,-1,"virginica",76,3
0,0,NA,0,-1,"setosa",76,4
6,7,"Petal.Length",5.35,1,NA,76,5
8,9,"Sepal.Length",6.25,1,NA,76,6
0,0,NA,0,-1,"virginica",76,7
0,0,NA,0,-1,"versicolor",76,8
10,11,"Sepal.Width",2.8499999999999996,1,NA,76,9
12,13,"Petal.Length",5,1,NA,76,10
0,0,NA,0,-1,"versicolor",76,11
0,0,NA,0,-1,"versicolor",76,12
0,0,NA,0,-1,"virginica",76,13
2,3,"Petal.Width",0.75,1,NA,77,1
0,0,NA,0,-1,"setosa",77,2
4,5,"Petal.Length",5.05,1,NA,77,3
6,7,"Petal.Width",1.75,1,NA,77,4
0,0,NA,0,-1,"virginica",77,5
8,9,"Sepal.Width",2.25,1,NA,77,6
10,11,"Petal.Length",4.85,1,NA,77,7
12,13,"Petal.Width",1.25,1,NA,77,8
0,0,NA,0,-1,"versicolor",77,9
14,15,"Sepal.Length",6.050000000000001,1,NA,77,10
0,0,NA,0,-1,"virginica",77,11
0,0,NA,0,-1,"versicolor",77,12
0,0,NA,0,-1,"virginica",77,13
0,0,NA,0,-1,"versicolor",77,14
0,0,NA,0,-1,"virginica",77,15
2,3,"Petal.Width",0.8,1,NA,78,1
0,0,NA,0,-1,"setosa",78,2
4,5,"Petal.Length",4.95,1,NA,78,3
6,7,"Petal.Length",4.75,1,NA,78,4
8,9,"Sepal.Width",2.95,1,NA,78,5
10,11,"Petal.Width",1.65,1,NA,78,6
12,13,"Petal.Width",1.65,1,NA,78,7
0,0,NA,0,-1,"virginica",78,8
14,15,"Sepal.Width",3.05,1,NA,78,9
0,0,NA,0,-1,"versicolor",78,10
0,0,NA,0,-1,"virginica",78,11
0,0,NA,0,-1,"versicolor",78,12
16,17,"Sepal.Width",3.1,1,NA,78,13
18,19,"Sepal.Length",6.6,1,NA,78,14
0,0,NA,0,-1,"virginica",78,15
0,0,NA,0,-1,"virginica",78,16
0,0,NA,0,-1,"versicolor",78,17
0,0,NA,0,-1,"virginica",78,18
20,21,"Petal.Width",1.9,1,NA,78,19
0,0,NA,0,-1,"versicolor",78,20
0,0,NA,0,-1,"virginica",78,21
2,3,"Petal.Length",2.45,1,NA,79,1
0,0,NA,0,-1,"setosa",79,2
4,5,"Petal.Width",1.65,1,NA,79,3
6,7,"Sepal.Length",7,1,NA,79,4
0,0,NA,0,-1,"virginica",79,5
8,9,"Petal.Width",1.45,1,NA,79,6
0,0,NA,0,-1,"virginica",79,7
0,0,NA,0,-1,"versicolor",79,8
10,11,"Sepal.Width",2.8499999999999996,1,NA,79,9
12,13,"Petal.Length",5,1,NA,79,10
0,0,NA,0,-1,"versicolor",79,11
0,0,NA,0,-1,"versicolor",79,12
14,15,"Sepal.Width",2.75,1,NA,79,13
0,0,NA,0,-1,"versicolor",79,14
0,0,NA,0,-1,"virginica",79,15
2,3,"Petal.Width",0.8,1,NA,80,1
0,0,NA,0,-1,"setosa",80,2
4,5,"Petal.Width",1.75,1,NA,80,3
6,7,"Petal.Length",5.4,1,NA,80,4
0,0,NA,0,-1,"virginica",80,5
0,0,NA,0,-1,"versicolor",80,6
0,0,NA,0,-1,"virginica",80,7
2,3,"Petal.Width",0.8,1,NA,81,1
0,0,NA,0,-1,"setosa",81,2
4,5,"Petal.Width",1.65,1,NA,81,3
6,7,"Sepal.Length",7.1,1,NA,81,4
8,9,"Sepal.Length",5.95,1,NA,81,5
10,11,"Petal.Length",4.95,1,NA,81,6
0,0,NA,0,-1,"virginica",81,7
12,13,"Sepal.Width",3,1,NA,81,8
0,0,NA,0,-1,"virginica",81,9
0,0,NA,0,-1,"versicolor",81,10
0,0,NA,0,-1,"virginica",81,11
0,0,NA,0,-1,"virginica",81,12
0,0,NA,0,-1,"versicolor",81,13
2,3,"Petal.Length",2.45,1,NA,82,1
0,0,NA,0,-1,"setosa",82,2
4,5,"Sepal.Length",7.1,1,NA,82,3
6,7,"Sepal.Length",5.75,1,NA,82,4
0,0,NA,0,-1,"virginica",82,5
8,9,"Petal.Length",4.7,1,NA,82,6
10,11,"Sepal.Width",2.4,1,NA,82,7
12,13,"Petal.Width",1.6,1,NA,82,8
0,0,NA,0,-1,"virginica",82,9
0,0,NA,0,-1,"versicolor",82,10
14,15,"Petal.Width",1.75,1,NA,82,11
0,0,NA,0,-1,"versicolor",82,12
0,0,NA,0,-1,"virginica",82,13
16,17,"Petal.Length",5.05,1,NA,82,14
18,19,"Sepal.Length",5.95,1,NA,82,15
0,0,NA,0,-1,"versicolor",82,16
20,21,"Petal.Width",1.55,1,NA,82,17
22,23,"Sepal.Width",3,1,NA,82,18
0,0,NA,0,-1,"virginica",82,19
0,0,NA,0,-1,"virginica",82,20
0,0,NA,0,-1,"versicolor",82,21
0,0,NA,0,-1,"virginica",82,22
0,0,NA,0,-1,"versicolor",82,23
2,3,"Petal.Width",0.75,1,NA,83,1
0,0,NA,0,-1,"setosa",83,2
4,5,"Petal.Length",4.75,1,NA,83,3
0,0,NA,0,-1,"versicolor",83,4
6,7,"Petal.Width",1.45,1,NA,83,5
0,0,NA,0,-1,"versicolor",83,6
8,9,"Petal.Length",5.05,1,NA,83,7
10,11,"Sepal.Width",2.9,1,NA,83,8
0,0,NA,0,-1,"virginica",83,9
12,13,"Petal.Width",1.65,1,NA,83,10
0,0,NA,0,-1,"versicolor",83,11
14,15,"Sepal.Length",6.15,1,NA,83,12
0,0,NA,0,-1,"virginica",83,13
0,0,NA,0,-1,"virginica",83,14
0,0,NA,0,-1,"versicolor",83,15
2,3,"Petal.Length",2.45,1,NA,84,1
0,0,NA,0,-1,"setosa",84,2
4,5,"Petal.Length",4.800000000000001,1,NA,84,3
6,7,"Sepal.Width",2.55,1,NA,84,4
8,9,"Petal.Width",1.75,1,NA,84,5
10,11,"Petal.Width",1.6,1,NA,84,6
0,0,NA,0,-1,"versicolor",84,7
12,13,"Petal.Length",5.35,1,NA,84,8
0,0,NA,0,-1,"virginica",84,9
0,0,NA,0,-1,"versicolor",84,10
0,0,NA,0,-1,"virginica",84,11
14,15,"Sepal.Width",2.35,1,NA,84,12
0,0,NA,0,-1,"virginica",84,13
0,0,NA,0,-1,"virginica",84,14
0,0,NA,0,-1,"versicolor",84,15
2,3,"Petal.Width",0.8,1,NA,85,1
0,0,NA,0,-1,"setosa",85,2
4,5,"Petal.Width",1.65,1,NA,85,3
6,7,"Petal.Length",4.95,1,NA,85,4
8,9,"Petal.Width",1.85,1,NA,85,5
0,0,NA,0,-1,"versicolor",85,6
10,11,"Petal.Width",1.55,1,NA,85,7
12,13,"Sepal.Length",6.050000000000001,1,NA,85,8
0,0,NA,0,-1,"virginica",85,9
0,0,NA,0,-1,"virginica",85,10
0,0,NA,0,-1,"versicolor",85,11
14,15,"Sepal.Width",3.1,1,NA,85,12
0,0,NA,0,-1,"virginica",85,13
0,0,NA,0,-1,"virginica",85,14
0,0,NA,0,-1,"versicolor",85,15
2,3,"Petal.Width",0.75,1,NA,86,1
0,0,NA,0,-1,"setosa",86,2
4,5,"Petal.Width",1.75,1,NA,86,3
6,7,"Petal.Width",1.45,1,NA,86,4
8,9,"Petal.Length",4.85,1,NA,86,5
0,0,NA,0,-1,"versicolor",86,6
10,11,"Petal.Length",5.05,1,NA,86,7
12,13,"Sepal.Length",5.95,1,NA,86,8
0,0,NA,0,-1,"virginica",86,9
0,0,NA,0,-1,"versicolor",86,10
0,0,NA,0,-1,"virginica",86,11
0,0,NA,0,-1,"versicolor",86,12
0,0,NA,0,-1,"virginica",86,13
2,3,"Petal.Length",4.75,1,NA,87,1
4,5,"Petal.Width",0.8,1,NA,87,2
6,7,"Sepal.Width",2.8499999999999996,1,NA,87,3
0,0,NA,0,-1,"setosa",87,4
0,0,NA,0,-1,"versicolor",87,5
8,9,"Petal.Width",1.7000000000000002,1,NA,87,6
10,11,"Petal.Length",5,1,NA,87,7
12,13,"Petal.Length",4.95,1,NA,87,8
0,0,NA,0,-1,"virginica",87,9
14,15,"Sepal.Length",6.5,1,NA,87,10
0,0,NA,0,-1,"virginica",87,11
0,0,NA,0,-1,"versicolor",87,12
16,17,"Petal.Width",1.55,1,NA,87,13
0,0,NA,0,-1,"virginica",87,14
0,0,NA,0,-1,"versicolor",87,15
0,0,NA,0,-1,"virginica",87,16
0,0,NA,0,-1,"versicolor",87,17
2,3,"Sepal.Length",5.45,1,NA,88,1
4,5,"Sepal.Width",2.5999999999999996,1,NA,88,2
6,7,"Petal.Length",4.85,1,NA,88,3
8,9,"Sepal.Length",4.75,1,NA,88,4
10,11,"Petal.Width",1.05,1,NA,88,5
12,13,"Sepal.Width",3.5999999999999996,1,NA,88,6
14,15,"Petal.Width",1.75,1,NA,88,7
0,0,NA,0,-1,"setosa",88,8
0,0,NA,0,-1,"versicolor",88,9
0,0,NA,0,-1,"setosa",88,10
0,0,NA,0,-1,"versicolor",88,11
16,17,"Petal.Width",1.7000000000000002,1,NA,88,12
0,0,NA,0,-1,"setosa",88,13
18,19,"Petal.Length",5.35,1,NA,88,14
0,0,NA,0,-1,"virginica",88,15
0,0,NA,0,-1,"versicolor",88,16
20,21,"Sepal.Length",6.050000000000001,1,NA,88,17
0,0,NA,0,-1,"versicolor",88,18
0,0,NA,0,-1,"virginica",88,19
0,0,NA,0,-1,"versicolor",88,20
0,0,NA,0,-1,"virginica",88,21
2,3,"Petal.Length",2.45,1,NA,89,1
0,0,NA,0,-1,"setosa",89,2
4,5,"Sepal.Length",5.75,1,NA,89,3
6,7,"Petal.Length",4.7,1,NA,89,4
8,9,"Sepal.Length",6.85,1,NA,89,5
0,0,NA,0,-1,"versicolor",89,6
0,0,NA,0,-1,"virginica",89,7
10,11,"Petal.Width",1.75,1,NA,89,8
0,0,NA,0,-1,"virginica",89,9
0,0,NA,0,-1,"versicolor",89,10
12,13,"Petal.Length",4.85,1,NA,89,11
14,15,"Sepal.Length",5.95,1,NA,89,12
0,0,NA,0,-1,"virginica",89,13
0,0,NA,0,-1,"versicolor",89,14
0,0,NA,0,-1,"virginica",89,15
2,3,"Petal.Width",1.75,1,NA,90,1
4,5,"Sepal.Width",3.1500000000000004,1,NA,90,2
0,0,NA,0,-1,"virginica",90,3
6,7,"Petal.Length",2.25,1,NA,90,4
8,9,"Petal.Length",3.3,1,NA,90,5
0,0,NA,0,-1,"setosa",90,6
10,11,"Sepal.Length",6.05,1,NA,90,7
0,0,NA,0,-1,"setosa",90,8
0,0,NA,0,-1,"versicolor",90,9
0,0,NA,0,-1,"versicolor",90,10
12,13,"Sepal.Width",2.7,1,NA,90,11
14,15,"Petal.Length",5.05,1,NA,90,12
0,0,NA,0,-1,"versicolor",90,13
0,0,NA,0,-1,"versicolor",90,14
0,0,NA,0,-1,"virginica",90,15
2,3,"Petal.Width",0.8,1,NA,91,1
0,0,NA,0,-1,"setosa",91,2
4,5,"Petal.Length",4.75,1,NA,91,3
6,7,"Petal.Width",1.65,1,NA,91,4
8,9,"Sepal.Width",2.55,1,NA,91,5
0,0,NA,0,-1,"versicolor",91,6
0,0,NA,0,-1,"virginica",91,7
10,11,"Sepal.Width",2.35,1,NA,91,8
12,13,"Petal.Length",5.05,1,NA,91,9
0,0,NA,0,-1,"virginica",91,10
14,15,"Petal.Width",1.75,1,NA,91,11
16,17,"Sepal.Length",6.5,1,NA,91,12
0,0,NA,0,-1,"virginica",91,13
0,0,NA,0,-1,"versicolor",91,14
0,0,NA,0,-1,"virginica",91,15
0,0,NA,0,-1,"virginica",91,16
0,0,NA,0,-1,"versicolor",91,17
2,3,"Petal.Width",1.7000000000000002,1,NA,92,1
4,5,"Petal.Width",0.75,1,NA,92,2
6,7,"Sepal.Length",5.95,1,NA,92,3
0,0,NA,0,-1,"setosa",92,4
8,9,"Sepal.Length",7.1,1,NA,92,5
10,11,"Sepal.Length",5.85,1,NA,92,6
0,0,NA,0,-1,"virginica",92,7
12,13,"Petal.Length",4.95,1,NA,92,8
0,0,NA,0,-1,"virginica",92,9
0,0,NA,0,-1,"virginica",92,10
14,15,"Petal.Length",4.949999999999999,1,NA,92,11
0,0,NA,0,-1,"versicolor",92,12
16,17,"Petal.Width",1.55,1,NA,92,13
0,0,NA,0,-1,"versicolor",92,14
0,0,NA,0,-1,"virginica",92,15
0,0,NA,0,-1,"virginica",92,16
0,0,NA,0,-1,"versicolor",92,17
2,3,"Petal.Length",2.5999999999999996,1,NA,93,1
0,0,NA,0,-1,"setosa",93,2
4,5,"Petal.Width",1.75,1,NA,93,3
6,7,"Sepal.Length",7.1,1,NA,93,4
8,9,"Petal.Length",4.85,1,NA,93,5
10,11,"Petal.Width",1.35,1,NA,93,6
0,0,NA,0,-1,"virginica",93,7
12,13,"Sepal.Length",6.050000000000001,1,NA,93,8
0,0,NA,0,-1,"virginica",93,9
0,0,NA,0,-1,"versicolor",93,10
14,15,"Sepal.Width",2.6500000000000004,1,NA,93,11
0,0,NA,0,-1,"versicolor",93,12
0,0,NA,0,-1,"virginica",93,13
0,0,NA,0,-1,"virginica",93,14
16,17,"Sepal.Length",6.4,1,NA,93,15
18,19,"Petal.Length",4.9,1,NA,93,16
0,0,NA,0,-1,"versicolor",93,17
0,0,NA,0,-1,"versicolor",93,18
20,21,"Petal.Width",1.55,1,NA,93,19
0,0,NA,0,-1,"virginica",93,20
0,0,NA,0,-1,"versicolor",93,21
2,3,"Petal.Width",0.75,1,NA,94,1
0,0,NA,0,-1,"setosa",94,2
4,5,"Petal.Length",4.75,1,NA,94,3
6,7,"Sepal.Length",4.95,1,NA,94,4
8,9,"Petal.Width",1.75,1,NA,94,5
10,11,"Sepal.Width",2.45,1,NA,94,6
0,0,NA,0,-1,"versicolor",94,7
12,13,"Sepal.Length",6.95,1,NA,94,8
14,15,"Sepal.Length",5.95,1,NA,94,9
0,0,NA,0,-1,"versicolor",94,10
0,0,NA,0,-1,"virginica",94,11
0,0,NA,0,-1,"versicolor",94,12
0,0,NA,0,-1,"virginica",94,13
16,17,"Petal.Length",4.9,1,NA,94,14
0,0,NA,0,-1,"virginica",94,15
0,0,NA,0,-1,"versicolor",94,16
0,0,NA,0,-1,"virginica",94,17
2,3,"Petal.Length",2.5999999999999996,1,NA,95,1
0,0,NA,0,-1,"setosa",95,2
4,5,"Petal.Length",4.75,1,NA,95,3
6,7,"Petal.Width",1.65,1,NA,95,4
8,9,"Petal.Width",1.75,1,NA,95,5
0,0,NA,0,-1,"versicolor",95,6
0,0,NA,0,-1,"virginica",95,7
10,11,"Petal.Length",4.95,1,NA,95,8
0,0,NA,0,-1,"virginica",95,9
0,0,NA,0,-1,"versicolor",95,10
12,13,"Petal.Width",1.55,1,NA,95,11
0,0,NA,0,-1,"virginica",95,12
14,15,"Petal.Length",5.449999999999999,1,NA,95,13
0,0,NA,0,-1,"versicolor",95,14
0,0,NA,0,-1,"virginica",95,15
2,3,"Petal.Width",0.75,1,NA,96,1
0,0,NA,0,-1,"setosa",96,2
4,5,"Sepal.Length",6.35,1,NA,96,3
6,7,"Petal.Length",4.75,1,NA,96,4
8,9,"Petal.Length",5,1,NA,96,5
10,11,"Sepal.Width",2.55,1,NA,96,6
12,13,"Sepal.Width",3.1,1,NA,96,7
0,0,NA,0,-1,"versicolor",96,8
0,0,NA,0,-1,"virginica",96,9
14,15,"Petal.Width",1.5,1,NA,96,10
0,0,NA,0,-1,"versicolor",96,11
16,17,"Petal.Width",1.65,1,NA,96,12
18,19,"Sepal.Length",6.1,1,NA,96,13
0,0,NA,0,-1,"versicolor",96,14
0,0,NA,0,-1,"virginica",96,15
20,21,"Petal.Length",4.95,1,NA,96,16
0,0,NA,0,-1,"virginica",96,17
0,0,NA,0,-1,"versicolor",96,18
0,0,NA,0,-1,"virginica",96,19
0,0,NA,0,-1,"versicolor",96,20
0,0,NA,0,-1,"virginica",96,21
2,3,"Petal.Length",2.45,1,NA,97,1
0,0,NA,0,-1,"setosa",97,2
4,5,"Sepal.Length",6.35,1,NA,97,3
6,7,"Petal.Length",4.75,1,NA,97,4
8,9,"Petal.Width",1.55,1,NA,97,5
10,11,"Sepal.Width",2.55,1,NA,97,6
12,13,"Petal.Width",1.7000000000000002,1,NA,97,7
0,0,NA,0,-1,"versicolor",97,8
0,0,NA,0,-1,"virginica",97,9
14,15,"Sepal.Width",2.45,1,NA,97,10
0,0,NA,0,-1,"versicolor",97,11
0,0,NA,0,-1,"versicolor",97,12
16,17,"Petal.Width",1.85,1,NA,97,13
0,0,NA,0,-1,"versicolor",97,14
18,19,"Petal.Length",4.25,1,NA,97,15
20,21,"Sepal.Length",5.95,1,NA,97,16
0,0,NA,0,-1,"virginica",97,17
0,0,NA,0,-1,"versicolor",97,18
0,0,NA,0,-1,"virginica",97,19
0,0,NA,0,-1,"versicolor",97,20
0,0,NA,0,-1,"virginica",97,21
2,3,"Petal.Width",0.8,1,NA,98,1
0,0,NA,0,-1,"setosa",98,2
4,5,"Petal.Length",4.75,1,NA,98,3
6,7,"Sepal.Width",2.55,1,NA,98,4
8,9,"Petal.Width",1.75,1,NA,98,5
10,11,"Petal.Length",4.45,1,NA,98,6
0,0,NA,0,-1,"versicolor",98,7
12,13,"Petal.Length",4.95,1,NA,98,8
0,0,NA,0,-1,"virginica",98,9
0,0,NA,0,-1,"versicolor",98,10
14,15,"Petal.Width",1.6,1,NA,98,11
0,0,NA,0,-1,"versicolor",98,12
16,17,"Petal.Length",5.35,1,NA,98,13
0,0,NA,0,-1,"versicolor",98,14
0,0,NA,0,-1,"virginica",98,15
18,19,"Sepal.Width",2.9,1,NA,98,16
0,0,NA,0,-1,"virginica",98,17
20,21,"Sepal.Length",6.15,1,NA,98,18
0,0,NA,0,-1,"versicolor",98,19
22,23,"Sepal.Width",2.45,1,NA,98,20
0,0,NA,0,-1,"virginica",98,21
0,0,NA,0,-1,"virginica",98,22
0,0,NA,0,-1,"versicolor",98,23
2,3,"Sepal.Length",5.45,1,NA,99,1
4,5,"Petal.Width",0.75,1,NA,99,2
6,7,"Petal.Width",1.75,1,NA,99,3
0,0,NA,0,-1,"setosa",99,4
0,0,NA,0,-1,"versicolor",99,5
8,9,"Petal.Width",0.7,1,NA,99,6
0,0,NA,0,-1,"virginica",99,7
0,0,NA,0,-1,"setosa",99,8
10,11,"Sepal.Width",2.25,1,NA,99,9
0,0,NA,0,-1,"versicolor",99,10
12,13,"Petal.Length",5.05,1,NA,99,11
0,0,NA,0,-1,"versicolor",99,12
0,0,NA,0,-1,"virginica",99,13
2,3,"Petal.Width",0.8,1,NA,100,1
0,0,NA,0,-1,"setosa",100,2
4,5,"Petal.Width",1.75,1,NA,100,3
6,7,"Petal.Length",5.05,1,NA,100,4
0,0,NA,0,-1,"virginica",100,5
8,9,"Petal.Width",1.65,1,NA,100,6
0,0,NA,0,-1,"virginica",100,7
0,0,NA,0,-1,"versicolor",100,8
10,11,"Sepal.Width",2.75,1,NA,100,9
0,0,NA,0,-1,"virginica",100,10
0,0,NA,0,-1,"versicolor",100,11
2,3,"Petal.Length",2.5999999999999996,1,NA,101,1
0,0,NA,0,-1,"setosa",101,2
4,5,"Petal.Length",4.95,1,NA,101,3
6,7,"Petal.Width",1.65,1,NA,101,4
0,0,NA,0,-1,"virginica",101,5
0,0,NA,0,-1,"versicolor",101,6
0,0,NA,0,-1,"virginica",101,7
2,3,"Petal.Length",2.45,1,NA,102,1
0,0,NA,0,-1,"setosa",102,2
4,5,"Petal.Width",1.7000000000000002,1,NA,102,3
6,7,"Petal.Length",4.95,1,NA,102,4
0,0,NA,0,-1,"virginica",102,5
0,0,NA,0,-1,"versicolor",102,6
8,9,"Sepal.Length",6.05,1,NA,102,7
10,11,"Sepal.Width",2.45,1,NA,102,8
0,0,NA,0,-1,"virginica",102,9
0,0,NA,0,-1,"virginica",102,10
0,0,NA,0,-1,"versicolor",102,11
2,3,"Petal.Length",2.45,1,NA,103,1
0,0,NA,0,-1,"setosa",103,2
4,5,"Petal.Length",4.75,1,NA,103,3
6,7,"Petal.Width",1.65,1,NA,103,4
8,9,"Petal.Length",5.05,1,NA,103,5
0,0,NA,0,-1,"versicolor",103,6
0,0,NA,0,-1,"virginica",103,7
10,11,"Sepal.Width",2.75,1,NA,103,8
0,0,NA,0,-1,"virginica",103,9
0,0,NA,0,-1,"virginica",103,10
12,13,"Sepal.Length",6.45,1,NA,103,11
14,15,"Sepal.Width",3.1,1,NA,103,12
0,0,NA,0,-1,"versicolor",103,13
0,0,NA,0,-1,"virginica",103,14
0,0,NA,0,-1,"versicolor",103,15
2,3,"Petal.Width",0.8,1,NA,104,1
0,0,NA,0,-1,"setosa",104,2
4,5,"Petal.Width",1.65,1,NA,104,3
6,7,"Petal.Length",4.95,1,NA,104,4
0,0,NA,0,-1,"virginica",104,5
0,0,NA,0,-1,"versicolor",104,6
8,9,"Sepal.Length",6.05,1,NA,104,7
10,11,"Petal.Width",1.55,1,NA,104,8
0,0,NA,0,-1,"virginica",104,9
0,0,NA,0,-1,"virginica",104,10
0,0,NA,0,-1,"versicolor",104,11
2,3,"Petal.Width",0.8,1,NA,105,1
0,0,NA,0,-1,"setosa",105,2
4,5,"Petal.Width",1.75,1,NA,105,3
6,7,"Sepal.Length",6.05,1,NA,105,4
8,9,"Petal.Length",4.85,1,NA,105,5
0,0,NA,0,-1,"versicolor",105,6
10,11,"Sepal.Width",2.8499999999999996,1,NA,105,7
12,13,"Sepal.Length",5.95,1,NA,105,8
0,0,NA,0,-1,"virginica",105,9
14,15,"Sepal.Length",6.15,1,NA,105,10
0,0,NA,0,-1,"versicolor",105,11
0,0,NA,0,-1,"versicolor",105,12
0,0,NA,0,-1,"virginica",105,13
0,0,NA,0,-1,"virginica",105,14
16,17,"Sepal.Width",2.65,1,NA,105,15
0,0,NA,0,-1,"versicolor",105,16
18,19,"Petal.Length",4.949999999999999,1,NA,105,17
0,0,NA,0,-1,"versicolor",105,18
0,0,NA,0,-1,"virginica",105,19
2,3,"Petal.Length",2.45,1,NA,106,1
0,0,NA,0,-1,"setosa",106,2
4,5,"Sepal.Length",6.85,1,NA,106,3
6,7,"Petal.Width",1.75,1,NA,106,4
0,0,NA,0,-1,"virginica",106,5
8,9,"Sepal.Width",2.6500000000000004,1,NA,106,6
10,11,"Sepal.Width",3.1500000000000004,1,NA,106,7
12,13,"Petal.Width",1.35,1,NA,106,8
0,0,NA,0,-1,"versicolor",106,9
0,0,NA,0,-1,"virginica",106,10
14,15,"Sepal.Length",6.1,1,NA,106,11
0,0,NA,0,-1,"versicolor",106,12
16,17,"Petal.Width",1.45,1,NA,106,13
0,0,NA,0,-1,"versicolor",106,14
0,0,NA,0,-1,"virginica",106,15
0,0,NA,0,-1,"virginica",106,16
0,0,NA,0,-1,"versicolor",106,17
2,3,"Petal.Length",2.45,1,NA,107,1
0,0,NA,0,-1,"setosa",107,2
4,5,"Petal.Length",4.75,1,NA,107,3
6,7,"Petal.Length",4.45,1,NA,107,4
8,9,"Petal.Width",1.7000000000000002,1,NA,107,5
0,0,NA,0,-1,"versicolor",107,6
10,11,"Petal.Width",1.65,1,NA,107,7
12,13,"Petal.Length",4.95,1,NA,107,8
14,15,"Petal.Length",4.85,1,NA,107,9
0,0,NA,0,-1,"versicolor",107,10
0,0,NA,0,-1,"virginica",107,11
0,0,NA,0,-1,"versicolor",107,12
16,17,"Sepal.Width",2.6500000000000004,1,NA,107,13
0,0,NA,0,-1,"virginica",107,14
0,0,NA,0,-1,"virginica",107,15
0,0,NA,0,-1,"virginica",107,16
0,0,NA,0,-1,"versicolor",107,17
2,3,"Petal.Length",2.45,1,NA,108,1
0,0,NA,0,-1,"setosa",108,2
4,5,"Sepal.Length",6.35,1,NA,108,3
6,7,"Petal.Width",1.7000000000000002,1,NA,108,4
8,9,"Petal.Length",5.05,1,NA,108,5
10,11,"Petal.Width",1.35,1,NA,108,6
12,13,"Petal.Length",4.85,1,NA,108,7
0,0,NA,0,-1,"versicolor",108,8
0,0,NA,0,-1,"virginica",108,9
0,0,NA,0,-1,"versicolor",108,10
14,15,"Petal.Width",1.45,1,NA,108,11
16,17,"Sepal.Width",3.1,1,NA,108,12
0,0,NA,0,-1,"virginica",108,13
18,19,"Sepal.Width",2.75,1,NA,108,14
0,0,NA,0,-1,"versicolor",108,15
0,0,NA,0,-1,"virginica",108,16
0,0,NA,0,-1,"versicolor",108,17
0,0,NA,0,-1,"virginica",108,18
0,0,NA,0,-1,"versicolor",108,19
2,3,"Petal.Width",0.75,1,NA,109,1
0,0,NA,0,-1,"setosa",109,2
4,5,"Petal.Width",1.75,1,NA,109,3
6,7,"Petal.Length",4.95,1,NA,109,4
8,9,"Petal.Length",4.85,1,NA,109,5
10,11,"Petal.Width",1.65,1,NA,109,6
12,13,"Petal.Width",1.65,1,NA,109,7
0,0,NA,0,-1,"versicolor",109,8
0,0,NA,0,-1,"virginica",109,9
0,0,NA,0,-1,"versicolor",109,10
0,0,NA,0,-1,"virginica",109,11
0,0,NA,0,-1,"virginica",109,12
0,0,NA,0,-1,"versicolor",109,13
2,3,"Petal.Width",0.8,1,NA,110,1
0,0,NA,0,-1,"setosa",110,2
4,5,"Petal.Length",5.05,1,NA,110,3
6,7,"Petal.Length",4.75,1,NA,110,4
0,0,NA,0,-1,"virginica",110,5
0,0,NA,0,-1,"versicolor",110,6
8,9,"Petal.Width",1.75,1,NA,110,7
0,0,NA,0,-1,"versicolor",110,8
0,0,NA,0,-1,"virginica",110,9
2,3,"Petal.Width",0.8,1,NA,111,1
0,0,NA,0,-1,"setosa",111,2
4,5,"Petal.Length",4.85,1,NA,111,3
6,7,"Sepal.Length",4.95,1,NA,111,4
8,9,"Sepal.Length",6.6,1,NA,111,5
0,0,NA,0,-1,"virginica",111,6
10,11,"Petal.Width",1.7000000000000002,1,NA,111,7
0,0,NA,0,-1,"virginica",111,8
12,13,"Petal.Length",5.05,1,NA,111,9
0,0,NA,0,-1,"versicolor",111,10
0,0,NA,0,-1,"virginica",111,11
0,0,NA,0,-1,"versicolor",111,12
0,0,NA,0,-1,"virginica",111,13
2,3,"Petal.Width",0.7,1,NA,112,1
0,0,NA,0,-1,"setosa",112,2
4,5,"Petal.Width",1.55,1,NA,112,3
6,7,"Petal.Length",4.95,1,NA,112,4
0,0,NA,0,-1,"virginica",112,5
0,0,NA,0,-1,"versicolor",112,6
0,0,NA,0,-1,"virginica",112,7
2,3,"Petal.Length",2.45,1,NA,113,1
0,0,NA,0,-1,"setosa",113,2
4,5,"Petal.Length",4.75,1,NA,113,3
6,7,"Petal.Width",1.65,1,NA,113,4
8,9,"Petal.Width",1.75,1,NA,113,5
0,0,NA,0,-1,"versicolor",113,6
0,0,NA,0,-1,"virginica",113,7
10,11,"Petal.Length",5.449999999999999,1,NA,113,8
12,13,"Sepal.Length",5.95,1,NA,113,9
14,15,"Petal.Width",1.55,1,NA,113,10
0,0,NA,0,-1,"virginica",113,11
16,17,"Sepal.Width",3.1,1,NA,113,12
0,0,NA,0,-1,"virginica",113,13
0,0,NA,0,-1,"virginica",113,14
0,0,NA,0,-1,"versicolor",113,15
0,0,NA,0,-1,"virginica",113,16
0,0,NA,0,-1,"versicolor",113,17
2,3,"Petal.Length",2.5999999999999996,1,NA,114,1
0,0,NA,0,-1,"setosa",114,2
4,5,"Petal.Width",1.65,1,NA,114,3
6,7,"Petal.Width",1.45,1,NA,114,4
8,9,"Petal.Width",1.75,1,NA,114,5
0,0,NA,0,-1,"versicolor",114,6
10,11,"Sepal.Width",3.05,1,NA,114,7
12,13,"Sepal.Width",2.75,1,NA,114,8
14,15,"Petal.Length",4.85,1,NA,114,9
16,17,"Petal.Length",4.95,1,NA,114,10
0,0,NA,0,-1,"versicolor",114,11
0,0,NA,0,-1,"virginica",114,12
0,0,NA,0,-1,"versicolor",114,13
18,19,"Sepal.Length",5.95,1,NA,114,14
0,0,NA,0,-1,"virginica",114,15
0,0,NA,0,-1,"versicolor",114,16
20,21,"Petal.Width",1.55,1,NA,114,17
0,0,NA,0,-1,"versicolor",114,18
0,0,NA,0,-1,"virginica",114,19
0,0,NA,0,-1,"virginica",114,20
22,23,"Sepal.Width",2.85,1,NA,114,21
0,0,NA,0,-1,"versicolor",114,22
0,0,NA,0,-1,"virginica",114,23
2,3,"Sepal.Length",5.45,1,NA,115,1
4,5,"Petal.Width",0.7,1,NA,115,2
6,7,"Petal.Length",4.75,1,NA,115,3
0,0,NA,0,-1,"setosa",115,4
8,9,"Petal.Length",4,1,NA,115,5
10,11,"Petal.Length",2.65,1,NA,115,6
12,13,"Petal.Length",4.95,1,NA,115,7
0,0,NA,0,-1,"versicolor",115,8
0,0,NA,0,-1,"virginica",115,9
0,0,NA,0,-1,"setosa",115,10
0,0,NA,0,-1,"versicolor",115,11
14,15,"Sepal.Length",5.75,1,NA,115,12
16,17,"Petal.Width",1.75,1,NA,115,13
0,0,NA,0,-1,"virginica",115,14
18,19,"Sepal.Length",5.95,1,NA,115,15
20,21,"Petal.Width",1.65,1,NA,115,16
0,0,NA,0,-1,"virginica",115,17
0,0,NA,0,-1,"versicolor",115,18
22,23,"Sepal.Width",2.6,1,NA,115,19
24,25,"Sepal.Length",6.05,1,NA,115,20
0,0,NA,0,-1,"versicolor",115,21
0,0,NA,0,-1,"versicolor",115,22
0,0,NA,0,-1,"virginica",115,23
26,27,"Sepal.Width",2.45,1,NA,115,24
0,0,NA,0,-1,"virginica",115,25
0,0,NA,0,-1,"virginica",115,26
0,0,NA,0,-1,"versicolor",115,27
2,3,"Petal.Width",0.8,1,NA,116,1
0,0,NA,0,-1,"setosa",116,2
4,5,"Sepal.Length",6.25,1,NA,116,3
6,7,"Sepal.Length",5.65,1,NA,116,4
8,9,"Petal.Length",4.95,1,NA,116,5
10,11,"Petal.Width",1.6,1,NA,116,6
12,13,"Petal.Length",4.75,1,NA,116,7
14,15,"Petal.Length",4.85,1,NA,116,8
0,0,NA,0,-1,"virginica",116,9
0,0,NA,0,-1,"versicolor",116,10
0,0,NA,0,-1,"virginica",116,11
0,0,NA,0,-1,"versicolor",116,12
16,17,"Petal.Width",1.7000000000000002,1,NA,116,13
0,0,NA,0,-1,"versicolor",116,14
18,19,"Sepal.Width",2.6,1,NA,116,15
20,21,"Petal.Width",1.55,1,NA,116,16
0,0,NA,0,-1,"virginica",116,17
0,0,NA,0,-1,"versicolor",116,18
0,0,NA,0,-1,"virginica",116,19
0,0,NA,0,-1,"virginica",116,20
0,0,NA,0,-1,"versicolor",116,21
2,3,"Petal.Length",2.45,1,NA,117,1
0,0,NA,0,-1,"setosa",117,2
4,5,"Petal.Width",1.65,1,NA,117,3
6,7,"Petal.Length",4.95,1,NA,117,4
8,9,"Sepal.Width",3.1500000000000004,1,NA,117,5
0,0,NA,0,-1,"versicolor",117,6
10,11,"Sepal.Width",2.85,1,NA,117,7
0,0,NA,0,-1,"virginica",117,8
12,13,"Petal.Length",5.199999999999999,1,NA,117,9
14,15,"Petal.Length",5.05,1,NA,117,10
0,0,NA,0,-1,"virginica",117,11
0,0,NA,0,-1,"versicolor",117,12
0,0,NA,0,-1,"virginica",117,13
0,0,NA,0,-1,"virginica",117,14
0,0,NA,0,-1,"versicolor",117,15
2,3,"Petal.Length",2.45,1,NA,118,1
0,0,NA,0,-1,"setosa",118,2
4,5,"Petal.Length",4.95,1,NA,118,3
6,7,"Sepal.Length",6.15,1,NA,118,4
8,9,"Petal.Length",5.15,1,NA,118,5
10,11,"Petal.Length",4.75,1,NA,118,6
0,0,NA,0,-1,"versicolor",118,7
12,13,"Sepal.Length",5.9,1,NA,118,8
0,0,NA,0,-1,"virginica",118,9
14,15,"Petal.Length",4.35,1,NA,118,10
16,17,"Sepal.Length",5.95,1,NA,118,11
0,0,NA,0,-1,"virginica",118,12
18,19,"Petal.Width",1.85,1,NA,118,13
0,0,NA,0,-1,"versicolor",118,14
20,21,"Sepal.Length",5.15,1,NA,118,15
22,23,"Petal.Width",1.9,1,NA,118,16
0,0,NA,0,-1,"virginica",118,17
24,25,"Sepal.Width",2.45,1,NA,118,18
0,0,NA,0,-1,"virginica",118,19
0,0,NA,0,-1,"virginica",118,20
0,0,NA,0,-1,"versicolor",118,21
0,0,NA,0,-1,"versicolor",118,22
0,0,NA,0,-1,"virginica",118,23
0,0,NA,0,-1,"virginica",118,24
0,0,NA,0,-1,"versicolor",118,25
2,3,"Petal.Length",4.75,1,NA,119,1
4,5,"Petal.Length",2.5,1,NA,119,2
6,7,"Petal.Length",4.85,1,NA,119,3
0,0,NA,0,-1,"setosa",119,4
0,0,NA,0,-1,"versicolor",119,5
8,9,"Sepal.Length",5.95,1,NA,119,6
10,11,"Petal.Width",1.75,1,NA,119,7
0,0,NA,0,-1,"versicolor",119,8
0,0,NA,0,-1,"virginica",119,9
12,13,"Sepal.Width",2.9,1,NA,119,10
0,0,NA,0,-1,"virginica",119,11
0,0,NA,0,-1,"virginica",119,12
0,0,NA,0,-1,"versicolor",119,13
2,3,"Petal.Length",2.35,1,NA,120,1
0,0,NA,0,-1,"setosa",120,2
4,5,"Sepal.Length",6.25,1,NA,120,3
6,7,"Petal.Width",1.6,1,NA,120,4
8,9,"Sepal.Length",7,1,NA,120,5
10,11,"Petal.Length",4.85,1,NA,120,6
12,13,"Sepal.Length",5.95,1,NA,120,7
14,15,"Petal.Length",5.05,1,NA,120,8
0,0,NA,0,-1,"virginica",120,9
0,0,NA,0,-1,"versicolor",120,10
0,0,NA,0,-1,"virginica",120,11
16,17,"Sepal.Width",3.1,1,NA,120,12
0,0,NA,0,-1,"virginica",120,13
18,19,"Sepal.Width",2.65,1,NA,120,14
0,0,NA,0,-1,"virginica",120,15
0,0,NA,0,-1,"virginica",120,16
0,0,NA,0,-1,"versicolor",120,17
20,21,"Petal.Width",1.7,1,NA,120,18
0,0,NA,0,-1,"versicolor",120,19
0,0,NA,0,-1,"versicolor",120,20
0,0,NA,0,-1,"virginica",120,21
2,3,"Petal.Length",2.35,1,NA,121,1
0,0,NA,0,-1,"setosa",121,2
4,5,"Sepal.Length",6.65,1,NA,121,3
6,7,"Petal.Width",1.65,1,NA,121,4
8,9,"Sepal.Length",7.050000000000001,1,NA,121,5
10,11,"Sepal.Length",5.9,1,NA,121,6
12,13,"Sepal.Length",5.95,1,NA,121,7
14,15,"Petal.Width",1.9,1,NA,121,8
0,0,NA,0,-1,"virginica",121,9
0,0,NA,0,-1,"versicolor",121,10
16,17,"Petal.Width",1.35,1,NA,121,11
18,19,"Sepal.Width",3,1,NA,121,12
0,0,NA,0,-1,"virginica",121,13
0,0,NA,0,-1,"versicolor",121,14
0,0,NA,0,-1,"virginica",121,15
0,0,NA,0,-1,"versicolor",121,16
20,21,"Sepal.Width",2.8499999999999996,1,NA,121,17
0,0,NA,0,-1,"virginica",121,18
0,0,NA,0,-1,"versicolor",121,19
22,23,"Petal.Width",1.55,1,NA,121,20
0,0,NA,0,-1,"versicolor",121,21
24,25,"Petal.Length",4.8,1,NA,121,22
0,0,NA,0,-1,"versicolor",121,23
0,0,NA,0,-1,"versicolor",121,24
0,0,NA,0,-1,"virginica",121,25
2,3,"Petal.Length",2.5999999999999996,1,NA,122,1
0,0,NA,0,-1,"setosa",122,2
4,5,"Petal.Length",4.75,1,NA,122,3
0,0,NA,0,-1,"versicolor",122,4
6,7,"Petal.Length",5.05,1,NA,122,5
8,9,"Sepal.Length",6.5,1,NA,122,6
0,0,NA,0,-1,"virginica",122,7
10,11,"Sepal.Length",5.95,1,NA,122,8
0,0,NA,0,-1,"versicolor",122,9
12,13,"Sepal.Length",5.800000000000001,1,NA,122,10
0,0,NA,0,-1,"virginica",122,11
0,0,NA,0,-1,"virginica",122,12
0,0,NA,0,-1,"versicolor",122,13
2,3,"Petal.Width",0.7,1,NA,123,1
0,0,NA,0,-1,"setosa",123,2
4,5,"Petal.Length",4.75,1,NA,123,3
0,0,NA,0,-1,"versicolor",123,4
6,7,"Petal.Length",5.05,1,NA,123,5
8,9,"Petal.Width",1.75,1,NA,123,6
0,0,NA,0,-1,"virginica",123,7
10,11,"Petal.Length",4.95,1,NA,123,8
0,0,NA,0,-1,"virginica",123,9
0,0,NA,0,-1,"versicolor",123,10
12,13,"Sepal.Width",2.6,1,NA,123,11
0,0,NA,0,-1,"virginica",123,12
0,0,NA,0,-1,"versicolor",123,13
2,3,"Sepal.Length",5.45,1,NA,124,1
4,5,"Sepal.Width",2.85,1,NA,124,2
6,7,"Petal.Width",1.7000000000000002,1,NA,124,3
8,9,"Sepal.Length",5.050000000000001,1,NA,124,4
0,0,NA,0,-1,"setosa",124,5
10,11,"Petal.Length",5.35,1,NA,124,6
0,0,NA,0,-1,"virginica",124,7
12,13,"Petal.Length",2.9,1,NA,124,8
0,0,NA,0,-1,"versicolor",124,9
14,15,"Petal.Width",0.6,1,NA,124,10
0,0,NA,0,-1,"virginica",124,11
0,0,NA,0,-1,"setosa",124,12
0,0,NA,0,-1,"virginica",124,13
0,0,NA,0,-1,"setosa",124,14
16,17,"Petal.Length",5,1,NA,124,15
0,0,NA,0,-1,"versicolor",124,16
18,19,"Sepal.Length",6.15,1,NA,124,17
0,0,NA,0,-1,"versicolor",124,18
0,0,NA,0,-1,"virginica",124,19
2,3,"Petal.Length",2.45,1,NA,125,1
0,0,NA,0,-1,"setosa",125,2
4,5,"Petal.Width",1.65,1,NA,125,3
6,7,"Petal.Length",4.95,1,NA,125,4
8,9,"Petal.Length",5.05,1,NA,125,5
0,0,NA,0,-1,"versicolor",125,6
0,0,NA,0,-1,"virginica",125,7
10,11,"Sepal.Width",2.9,1,NA,125,8
0,0,NA,0,-1,"virginica",125,9
0,0,NA,0,-1,"virginica",125,10
12,13,"Petal.Width",1.75,1,NA,125,11
0,0,NA,0,-1,"versicolor",125,12
0,0,NA,0,-1,"virginica",125,13
2,3,"Petal.Width",0.75,1,NA,126,1
0,0,NA,0,-1,"setosa",126,2
4,5,"Petal.Width",1.65,1,NA,126,3
6,7,"Sepal.Length",7.050000000000001,1,NA,126,4
0,0,NA,0,-1,"virginica",126,5
8,9,"Sepal.Length",5.95,1,NA,126,6
0,0,NA,0,-1,"virginica",126,7
0,0,NA,0,-1,"versicolor",126,8
10,11,"Sepal.Width",2.6500000000000004,1,NA,126,9
12,13,"Petal.Length",4.95,1,NA,126,10
0,0,NA,0,-1,"versicolor",126,11
0,0,NA,0,-1,"versicolor",126,12
0,0,NA,0,-1,"virginica",126,13
2,3,"Sepal.Length",5.45,1,NA,127,1
4,5,"Petal.Width",0.8,1,NA,127,2
6,7,"Petal.Width",1.75,1,NA,127,3
0,0,NA,0,-1,"setosa",127,4
8,9,"Sepal.Length",4.95,1,NA,127,5
10,11,"Petal.Width",0.7,1,NA,127,6
0,0,NA,0,-1,"virginica",127,7
0,0,NA,0,-1,"virginica",127,8
0,0,NA,0,-1,"versicolor",127,9
0,0,NA,0,-1,"setosa",127,10
12,13,"Sepal.Length",7.050000000000001,1,NA,127,11
14,15,"Petal.Length",5.05,1,NA,127,12
0,0,NA,0,-1,"virginica",127,13
0,0,NA,0,-1,"versicolor",127,14
0,0,NA,0,-1,"virginica",127,15
2,3,"Petal.Length",2.45,1,NA,128,1
0,0,NA,0,-1,"setosa",128,2
4,5,"Petal.Width",1.75,1,NA,128,3
6,7,"Sepal.Length",5,1,NA,128,4
0,0,NA,0,-1,"virginica",128,5
0,0,NA,0,-1,"virginica",128,6
8,9,"Sepal.Width",2.25,1,NA,128,7
10,11,"Petal.Length",4.75,1,NA,128,8
12,13,"Petal.Length",5.3,1,NA,128,9
0,0,NA,0,-1,"versicolor",128,10
0,0,NA,0,-1,"virginica",128,11
0,0,NA,0,-1,"versicolor",128,12
0,0,NA,0,-1,"virginica",128,13
2,3,"Sepal.Length",5.45,1,NA,129,1
4,5,"Petal.Width",0.8,1,NA,129,2
6,7,"Petal.Width",1.7000000000000002,1,NA,129,3
0,0,NA,0,-1,"setosa",129,4
8,9,"Sepal.Width",2.4,1,NA,129,5
10,11,"Sepal.Width",3.45,1,NA,129,6
12,13,"Sepal.Length",6.050000000000001,1,NA,129,7
0,0,NA,0,-1,"versicolor",129,8
14,15,"Sepal.Width",2.75,1,NA,129,9
16,17,"Petal.Length",4.95,1,NA,129,10
0,0,NA,0,-1,"setosa",129,11
18,19,"Petal.Length",4.85,1,NA,129,12
0,0,NA,0,-1,"virginica",129,13
0,0,NA,0,-1,"virginica",129,14
0,0,NA,0,-1,"versicolor",129,15
0,0,NA,0,-1,"versicolor",129,16
0,0,NA,0,-1,"virginica",129,17
0,0,NA,0,-1,"versicolor",129,18
0,0,NA,0,-1,"virginica",129,19
2,3,"Petal.Width",0.8,1,NA,130,1
0,0,NA,0,-1,"setosa",130,2
4,5,"Petal.Length",4.75,1,NA,130,3
6,7,"Sepal.Length",4.95,1,NA,130,4
8,9,"Petal.Width",1.75,1,NA,130,5
0,0,NA,0,-1,"virginica",130,6
0,0,NA,0,-1,"versicolor",130,7
10,11,"Petal.Length",5.05,1,NA,130,8
0,0,NA,0,-1,"virginica",130,9
0,0,NA,0,-1,"versicolor",130,10
12,13,"Sepal.Width",2.75,1,NA,130,11
0,0,NA,0,-1,"versicolor",130,12
0,0,NA,0,-1,"virginica",130,13
2,3,"Sepal.Length",5.45,1,NA,131,1
4,5,"Petal.Width",0.8,1,NA,131,2
6,7,"Petal.Width",1.75,1,NA,131,3
0,0,NA,0,-1,"setosa",131,4
8,9,"Petal.Length",4,1,NA,131,5
10,11,"Sepal.Width",3.35,1,NA,131,6
0,0,NA,0,-1,"virginica",131,7
0,0,NA,0,-1,"versicolor",131,8
0,0,NA,0,-1,"virginica",131,9
12,13,"Petal.Length",5.35,1,NA,131,10
0,0,NA,0,-1,"setosa",131,11
0,0,NA,0,-1,"versicolor",131,12
0,0,NA,0,-1,"virginica",131,13
2,3,"Petal.Length",4.95,1,NA,132,1
4,5,"Petal.Length",2.45,1,NA,132,2
6,7,"Petal.Width",1.75,1,NA,132,3
0,0,NA,0,-1,"setosa",132,4
8,9,"Petal.Length",4.85,1,NA,132,5
10,11,"Sepal.Width",2.45,1,NA,132,6
0,0,NA,0,-1,"virginica",132,7
12,13,"Sepal.Width",2.55,1,NA,132,8
14,15,"Petal.Width",1.65,1,NA,132,9
0,0,NA,0,-1,"virginica",132,10
16,17,"Petal.Width",1.65,1,NA,132,11
18,19,"Petal.Width",1.6,1,NA,132,12
0,0,NA,0,-1,"versicolor",132,13
0,0,NA,0,-1,"versicolor",132,14
0,0,NA,0,-1,"virginica",132,15
20,21,"Sepal.Width",2.75,1,NA,132,16
0,0,NA,0,-1,"versicolor",132,17
0,0,NA,0,-1,"versicolor",132,18
0,0,NA,0,-1,"virginica",132,19
0,0,NA,0,-1,"versicolor",132,20
0,0,NA,0,-1,"virginica",132,21
2,3,"Petal.Length",2.5999999999999996,1,NA,133,1
0,0,NA,0,-1,"setosa",133,2
4,5,"Petal.Length",4.95,1,NA,133,3
6,7,"Petal.Width",1.7000000000000002,1,NA,133,4
8,9,"Sepal.Width",2.75,1,NA,133,5
0,0,NA,0,-1,"versicolor",133,6
10,11,"Sepal.Width",3,1,NA,133,7
12,13,"Petal.Width",1.75,1,NA,133,8
0,0,NA,0,-1,"virginica",133,9
0,0,NA,0,-1,"virginica",133,10
0,0,NA,0,-1,"versicolor",133,11
14,15,"Sepal.Width",2.6500000000000004,1,NA,133,12
0,0,NA,0,-1,"virginica",133,13
0,0,NA,0,-1,"virginica",133,14
0,0,NA,0,-1,"versicolor",133,15
2,3,"Petal.Width",0.8,1,NA,134,1
0,0,NA,0,-1,"setosa",134,2
4,5,"Sepal.Length",6.15,1,NA,134,3
6,7,"Petal.Length",4.75,1,NA,134,4
8,9,"Petal.Width",1.45,1,NA,134,5
10,11,"Petal.Width",1.65,1,NA,134,6
12,13,"Sepal.Width",2.75,1,NA,134,7
0,0,NA,0,-1,"versicolor",134,8
14,15,"Sepal.Width",2.65,1,NA,134,9
0,0,NA,0,-1,"versicolor",134,10
0,0,NA,0,-1,"virginica",134,11
16,17,"Sepal.Length",5.9,1,NA,134,12
18,19,"Sepal.Length",5.95,1,NA,134,13
0,0,NA,0,-1,"versicolor",134,14
20,21,"Petal.Width",1.75,1,NA,134,15
0,0,NA,0,-1,"virginica",134,16
0,0,NA,0,-1,"versicolor",134,17
22,23,"Petal.Width",2.1,1,NA,134,18
0,0,NA,0,-1,"virginica",134,19
24,25,"Petal.Width",1.65,1,NA,134,20
0,0,NA,0,-1,"virginica",134,21
26,27,"Sepal.Width",3.1,1,NA,134,22
0,0,NA,0,-1,"virginica",134,23
0,0,NA,0,-1,"virginica",134,24
0,0,NA,0,-1,"versicolor",134,25
0,0,NA,0,-1,"virginica",134,26
0,0,NA,0,-1,"versicolor",134,27
2,3,"Petal.Width",0.8,1,NA,135,1
0,0,NA,0,-1,"setosa",135,2
4,5,"Petal.Width",1.75,1,NA,135,3
6,7,"Sepal.Length",7.1,1,NA,135,4
0,0,NA,0,-1,"virginica",135,5
8,9,"Petal.Length",5.35,1,NA,135,6
0,0,NA,0,-1,"virginica",135,7
10,11,"Petal.Length",4.45,1,NA,135,8
0,0,NA,0,-1,"virginica",135,9
0,0,NA,0,-1,"versicolor",135,10
12,13,"Petal.Width",1.65,1,NA,135,11
0,0,NA,0,-1,"versicolor",135,12
14,15,"Sepal.Length",5.800000000000001,1,NA,135,13
0,0,NA,0,-1,"virginica",135,14
0,0,NA,0,-1,"versicolor",135,15
2,3,"Petal.Width",0.8,1,NA,136,1
0,0,NA,0,-1,"setosa",136,2
4,5,"Petal.Width",1.7000000000000002,1,NA,136,3
0,0,NA,0,-1,"versicolor",136,4
6,7,"Petal.Length",4.85,1,NA,136,5
8,9,"Sepal.Length",6.050000000000001,1,NA,136,6
0,0,NA,0,-1,"virginica",136,7
0,0,NA,0,-1,"versicolor",136,8
0,0,NA,0,-1,"virginica",136,9
2,3,"Petal.Width",0.8,1,NA,137,1
0,0,NA,0,-1,"setosa",137,2
4,5,"Petal.Length",4.75,1,NA,137,3
6,7,"Petal.Width",1.65,1,NA,137,4
8,9,"Sepal.Length",6.75,1,NA,137,5
0,0,NA,0,-1,"versicolor",137,6
0,0,NA,0,-1,"virginica",137,7
10,11,"Petal.Width",1.75,1,NA,137,8
0,0,NA,0,-1,"virginica",137,9
12,13,"Sepal.Width",2.6500000000000004,1,NA,137,10
14,15,"Petal.Length",4.85,1,NA,137,11
16,17,"Petal.Length",4.95,1,NA,137,12
0,0,NA,0,-1,"versicolor",137,13
18,19,"Sepal.Length",6.050000000000001,1,NA,137,14
0,0,NA,0,-1,"virginica",137,15
0,0,NA,0,-1,"versicolor",137,16
0,0,NA,0,-1,"virginica",137,17
0,0,NA,0,-1,"versicolor",137,18
0,0,NA,0,-1,"virginica",137,19
2,3,"Petal.Length",2.45,1,NA,138,1
0,0,NA,0,-1,"setosa",138,2
4,5,"Petal.Length",4.75,1,NA,138,3
6,7,"Petal.Width",1.65,1,NA,138,4
8,9,"Sepal.Width",2.75,1,NA,138,5
0,0,NA,0,-1,"versicolor",138,6
0,0,NA,0,-1,"virginica",138,7
10,11,"Sepal.Length",6.05,1,NA,138,8
12,13,"Petal.Length",5.05,1,NA,138,9
0,0,NA,0,-1,"versicolor",138,10
14,15,"Petal.Width",1.65,1,NA,138,11
16,17,"Sepal.Length",6.4,1,NA,138,12
0,0,NA,0,-1,"virginica",138,13
18,19,"Petal.Length",5.25,1,NA,138,14
0,0,NA,0,-1,"virginica",138,15
0,0,NA,0,-1,"virginica",138,16
0,0,NA,0,-1,"versicolor",138,17
0,0,NA,0,-1,"versicolor",138,18
0,0,NA,0,-1,"virginica",138,19
2,3,"Petal.Width",1.65,1,NA,139,1
4,5,"Petal.Length",2.45,1,NA,139,2
6,7,"Petal.Length",5.05,1,NA,139,3
0,0,NA,0,-1,"setosa",139,4
8,9,"Petal.Length",4.9,1,NA,139,5
10,11,"Sepal.Width",2.9,1,NA,139,6
0,0,NA,0,-1,"virginica",139,7
0,0,NA,0,-1,"versicolor",139,8
12,13,"Sepal.Width",2.45,1,NA,139,9
0,0,NA,0,-1,"virginica",139,10
0,0,NA,0,-1,"versicolor",139,11
0,0,NA,0,-1,"virginica",139,12
0,0,NA,0,-1,"versicolor",139,13
2,3,"Petal.Length",2.7,1,NA,140,1
0,0,NA,0,-1,"setosa",140,2
4,5,"Sepal.Length",6.25,1,NA,140,3
6,7,"Sepal.Length",5.55,1,NA,140,4
8,9,"Petal.Length",4.85,1,NA,140,5
0,0,NA,0,-1,"versicolor",140,6
10,11,"Petal.Length",4.65,1,NA,140,7
0,0,NA,0,-1,"versicolor",140,8
0,0,NA,0,-1,"virginica",140,9
0,0,NA,0,-1,"versicolor",140,10
12,13,"Petal.Width",1.85,1,NA,140,11
14,15,"Sepal.Length",6.05,1,NA,140,12
0,0,NA,0,-1,"virginica",140,13
16,17,"Sepal.Width",3.1,1,NA,140,14
0,0,NA,0,-1,"virginica",140,15
18,19,"Sepal.Width",2.85,1,NA,140,16
0,0,NA,0,-1,"versicolor",140,17
20,21,"Sepal.Width",2.45,1,NA,140,18
0,0,NA,0,-1,"virginica",140,19
0,0,NA,0,-1,"virginica",140,20
0,0,NA,0,-1,"versicolor",140,21
2,3,"Sepal.Length",5.45,1,NA,141,1
4,5,"Petal.Length",2.7,1,NA,141,2
6,7,"Petal.Length",4.75,1,NA,141,3
0,0,NA,0,-1,"setosa",141,4
8,9,"Sepal.Width",2.25,1,NA,141,5
10,11,"Petal.Width",0.7,1,NA,141,6
12,13,"Petal.Width",1.75,1,NA,141,7
0,0,NA,0,-1,"versicolor",141,8
0,0,NA,0,-1,"virginica",141,9
0,0,NA,0,-1,"setosa",141,10
0,0,NA,0,-1,"versicolor",141,11
14,15,"Sepal.Width",2.35,1,NA,141,12
16,17,"Petal.Length",4.85,1,NA,141,13
0,0,NA,0,-1,"virginica",141,14
18,19,"Petal.Length",5.05,1,NA,141,15
20,21,"Sepal.Width",3.1,1,NA,141,16
0,0,NA,0,-1,"virginica",141,17
0,0,NA,0,-1,"versicolor",141,18
22,23,"Sepal.Width",2.75,1,NA,141,19
0,0,NA,0,-1,"virginica",141,20
0,0,NA,0,-1,"versicolor",141,21
0,0,NA,0,-1,"versicolor",141,22
0,0,NA,0,-1,"virginica",141,23
2,3,"Petal.Width",0.75,1,NA,142,1
0,0,NA,0,-1,"setosa",142,2
4,5,"Petal.Width",1.6,1,NA,142,3
6,7,"Petal.Length",4.95,1,NA,142,4
8,9,"Petal.Width",1.75,1,NA,142,5
0,0,NA,0,-1,"versicolor",142,6
0,0,NA,0,-1,"virginica",142,7
10,11,"Petal.Length",4.75,1,NA,142,8
0,0,NA,0,-1,"virginica",142,9
0,0,NA,0,-1,"virginica",142,10
0,0,NA,0,-1,"versicolor",142,11
2,3,"Petal.Length",2.45,1,NA,143,1
0,0,NA,0,-1,"setosa",143,2
4,5,"Petal.Length",4.95,1,NA,143,3
6,7,"Petal.Length",4.75,1,NA,143,4
8,9,"Petal.Width",1.75,1,NA,143,5
10,11,"Petal.Width",1.65,1,NA,143,6
12,13,"Sepal.Width",2.6,1,NA,143,7
14,15,"Sepal.Width",2.9,1,NA,143,8
0,0,NA,0,-1,"virginica",143,9
0,0,NA,0,-1,"versicolor",143,10
0,0,NA,0,-1,"virginica",143,11
0,0,NA,0,-1,"versicolor",143,12
16,17,"Petal.Width",1.6,1,NA,143,13
0,0,NA,0,-1,"virginica",143,14
0,0,NA,0,-1,"versicolor",143,15
0,0,NA,0,-1,"versicolor",143,16
0,0,NA,0,-1,"virginica",143,17
2,3,"Petal.Length",2.7,1,NA,144,1
0,0,NA,0,-1,"setosa",144,2
4,5,"Petal.Width",1.75,1,NA,144,3
6,7,"Petal.Length",5.05,1,NA,144,4
8,9,"Petal.Length",4.85,1,NA,144,5
0,0,NA,0,-1,"versicolor",144,6
10,11,"Sepal.Length",6.05,1,NA,144,7
12,13,"Sepal.Length",6.050000000000001,1,NA,144,8
0,0,NA,0,-1,"virginica",144,9
0,0,NA,0,-1,"versicolor",144,10
0,0,NA,0,-1,"virginica",144,11
0,0,NA,0,-1,"versicolor",144,12
0,0,NA,0,-1,"virginica",144,13
2,3,"Petal.Length",2.35,1,NA,145,1
0,0,NA,0,-1,"setosa",145,2
4,5,"Petal.Length",4.85,1,NA,145,3
6,7,"Petal.Length",4.75,1,NA,145,4
8,9,"Petal.Width",1.75,1,NA,145,5
0,0,NA,0,-1,"versicolor",145,6
10,11,"Sepal.Length",6.5,1,NA,145,7
12,13,"Petal.Width",1.65,1,NA,145,8
0,0,NA,0,-1,"virginica",145,9
14,15,"Sepal.Width",3,1,NA,145,10
0,0,NA,0,-1,"versicolor",145,11
16,17,"Petal.Width",1.55,1,NA,145,12
0,0,NA,0,-1,"versicolor",145,13
0,0,NA,0,-1,"virginica",145,14
0,0,NA,0,-1,"versicolor",145,15
18,19,"Sepal.Width",2.55,1,NA,145,16
20,21,"Sepal.Width",2.85,1,NA,145,17
22,23,"Petal.Length",4.95,1,NA,145,18
0,0,NA,0,-1,"virginica",145,19
0,0,NA,0,-1,"versicolor",145,20
0,0,NA,0,-1,"virginica",145,21
0,0,NA,0,-1,"versicolor",145,22
0,0,NA,0,-1,"virginica",145,23
2,3,"Petal.Width",0.7,1,NA,146,1
0,0,NA,0,-1,"setosa",146,2
4,5,"Petal.Width",1.55,1,NA,146,3
0,0,NA,0,-1,"versicolor",146,4
6,7,"Petal.Width",1.85,1,NA,146,5
8,9,"Petal.Length",5.3,1,NA,146,6
0,0,NA,0,-1,"virginica",146,7
10,11,"Sepal.Width",3.1,1,NA,146,8
0,0,NA,0,-1,"virginica",146,9
12,13,"Petal.Width",1.75,1,NA,146,10
0,0,NA,0,-1,"versicolor",146,11
0,0,NA,0,-1,"versicolor",146,12
0,0,NA,0,-1,"virginica",146,13
2,3,"Petal.Width",0.8,1,NA,147,1
0,0,NA,0,-1,"setosa",147,2
4,5,"Sepal.Length",6.25,1,NA,147,3
6,7,"Sepal.Length",5.75,1,NA,147,4
8,9,"Petal.Width",1.75,1,NA,147,5
10,11,"Sepal.Width",2.55,1,NA,147,6
12,13,"Petal.Width",1.35,1,NA,147,7
14,15,"Petal.Length",5.05,1,NA,147,8
0,0,NA,0,-1,"virginica",147,9
16,17,"Petal.Length",4.25,1,NA,147,10
0,0,NA,0,-1,"versicolor",147,11
0,0,NA,0,-1,"versicolor",147,12
18,19,"Petal.Width",2.05,1,NA,147,13
0,0,NA,0,-1,"versicolor",147,14
0,0,NA,0,-1,"virginica",147,15
0,0,NA,0,-1,"versicolor",147,16
0,0,NA,0,-1,"virginica",147,17
20,21,"Petal.Length",4.85,1,NA,147,18
0,0,NA,0,-1,"virginica",147,19
0,0,NA,0,-1,"versicolor",147,20
22,23,"Petal.Width",1.55,1,NA,147,21
0,0,NA,0,-1,"virginica",147,22
24,25,"Petal.Width",1.7000000000000002,1,NA,147,23
0,0,NA,0,-1,"versicolor",147,24
0,0,NA,0,-1,"virginica",147,25
2,3,"Sepal.Length",5.45,1,NA,148,1
4,5,"Petal.Length",2.5999999999999996,1,NA,148,2
6,7,"Sepal.Length",6.25,1,NA,148,3
0,0,NA,0,-1,"setosa",148,4
8,9,"Sepal.Width",2.45,1,NA,148,5
10,11,"Sepal.Width",3.35,1,NA,148,6
12,13,"Petal.Length",4.95,1,NA,148,7
0,0,NA,0,-1,"versicolor",148,8
14,15,"Petal.Width",1.6,1,NA,148,9
16,17,"Petal.Width",1.65,1,NA,148,10
0,0,NA,0,-1,"setosa",148,11
0,0,NA,0,-1,"versicolor",148,12
0,0,NA,0,-1,"virginica",148,13
0,0,NA,0,-1,"versicolor",148,14
0,0,NA,0,-1,"virginica",148,15
18,19,"Sepal.Width",2.25,1,NA,148,16
20,21,"Sepal.Length",5.95,1,NA,148,17
22,23,"Petal.Length",4.75,1,NA,148,18
0,0,NA,0,-1,"versicolor",148,19
24,25,"Petal.Width",1.9,1,NA,148,20
0,0,NA,0,-1,"virginica",148,21
0,0,NA,0,-1,"versicolor",148,22
0,0,NA,0,-1,"virginica",148,23
26,27,"Sepal.Width",3.1,1,NA,148,24
0,0,NA,0,-1,"virginica",148,25
0,0,NA,0,-1,"virginica",148,26
0,0,NA,0,-1,"versicolor",148,27
2,3,"Petal.Length",4.85,1,NA,149,1
4,5,"Petal.Length",2.45,1,NA,149,2
6,7,"Petal.Width",1.7000000000000002,1,NA,149,3
0,0,NA,0,-1,"setosa",149,4
8,9,"Petal.Length",4.75,1,NA,149,5
10,11,"Petal.Length",5.449999999999999,1,NA,149,6
0,0,NA,0,-1,"virginica",149,7
0,0,NA,0,-1,"versicolor",149,8
12,13,"Sepal.Length",6.4,1,NA,149,9
14,15,"Petal.Width",1.55,1,NA,149,10
0,0,NA,0,-1,"virginica",149,11
0,0,NA,0,-1,"virginica",149,12
0,0,NA,0,-1,"versicolor",149,13
0,0,NA,0,-1,"virginica",149,14
0,0,NA,0,-1,"versicolor",149,15
2,3,"Sepal.Length",5.45,1,NA,150,1
4,5,"Petal.Length",2.45,1,NA,150,2
6,7,"Petal.Length",4.85,1,NA,150,3
0,0,NA,0,-1,"setosa",150,4
0,0,NA,0,-1,"versicolor",150,5
8,9,"Petal.Length",2.6,1,NA,150,6
10,11,"Petal.Length",5.05,1,NA,150,7
0,0,NA,0,-1,"setosa",150,8
12,13,"Petal.Length",4.75,1,NA,150,9
14,15,"Petal.Width",1.75,1,NA,150,10
0,0,NA,0,-1,"virginica",150,11
0,0,NA,0,-1,"versicolor",150,12
16,17,"Petal.Width",1.6,1,NA,150,13
18,19,"Sepal.Length",6.15,1,NA,150,14
0,0,NA,0,-1,"virginica",150,15
0,0,NA,0,-1,"versicolor",150,16
20,21,"Sepal.Width",3.1,1,NA,150,17
0,0,NA,0,-1,"virginica",150,18
0,0,NA,0,-1,"versicolor",150,19
0,0,NA,0,-1,"virginica",150,20
0,0,NA,0,-1,"versicolor",150,21
2,3,"Petal.Length",2.7,1,NA,151,1
0,0,NA,0,-1,"setosa",151,2
4,5,"Petal.Length",4.85,1,NA,151,3
6,7,"Sepal.Length",5.050000000000001,1,NA,151,4
8,9,"Sepal.Length",6.05,1,NA,151,5
0,0,NA,0,-1,"virginica",151,6
0,0,NA,0,-1,"versicolor",151,7
10,11,"Petal.Width",1.7000000000000002,1,NA,151,8
0,0,NA,0,-1,"virginica",151,9
12,13,"Petal.Width",1.55,1,NA,151,10
0,0,NA,0,-1,"virginica",151,11
0,0,NA,0,-1,"virginica",151,12
0,0,NA,0,-1,"versicolor",151,13
2,3,"Petal.Length",2.45,1,NA,152,1
0,0,NA,0,-1,"setosa",152,2
4,5,"Petal.Length",4.75,1,NA,152,3
6,7,"Petal.Width",1.65,1,NA,152,4
8,9,"Petal.Length",5.199999999999999,1,NA,152,5
0,0,NA,0,-1,"versicolor",152,6
0,0,NA,0,-1,"virginica",152,7
10,11,"Petal.Width",1.75,1,NA,152,8
0,0,NA,0,-1,"virginica",152,9
12,13,"Petal.Width",1.55,1,NA,152,10
0,0,NA,0,-1,"virginica",152,11
14,15,"Petal.Length",4.95,1,NA,152,12
0,0,NA,0,-1,"versicolor",152,13
0,0,NA,0,-1,"versicolor",152,14
0,0,NA,0,-1,"virginica",152,15
2,3,"Sepal.Length",5.45,1,NA,153,1
4,5,"Petal.Length",2.45,1,NA,153,2
6,7,"Petal.Length",4.75,1,NA,153,3
0,0,NA,0,-1,"setosa",153,4
8,9,"Petal.Width",1.6,1,NA,153,5
10,11,"Sepal.Width",3.45,1,NA,153,6
12,13,"Sepal.Width",2.75,1,NA,153,7
0,0,NA,0,-1,"versicolor",153,8
0,0,NA,0,-1,"virginica",153,9
0,0,NA,0,-1,"versicolor",153,10
0,0,NA,0,-1,"setosa",153,11
14,15,"Petal.Length",5.199999999999999,1,NA,153,12
16,17,"Sepal.Length",6.85,1,NA,153,13
18,19,"Petal.Width",1.75,1,NA,153,14
0,0,NA,0,-1,"virginica",153,15
0,0,NA,0,-1,"virginica",153,16
20,21,"Petal.Length",5.300000000000001,1,NA,153,17
0,0,NA,0,-1,"versicolor",153,18
0,0,NA,0,-1,"virginica",153,19
0,0,NA,0,-1,"versicolor",153,20
0,0,NA,0,-1,"virginica",153,21
2,3,"Petal.Length",5.05,1,NA,154,1
4,5,"Petal.Length",2.45,1,NA,154,2
0,0,NA,0,-1,"virginica",154,3
0,0,NA,0,-1,"setosa",154,4
6,7,"Petal.Length",4.75,1,NA,154,5
8,9,"Sepal.Width",2.55,1,NA,154,6
10,11,"Sepal.Length",6.25,1,NA,154,7
12,13,"Petal.Width",1.6,1,NA,154,8
0,0,NA,0,-1,"versicolor",154,9
0,0,NA,0,-1,"virginica",154,10
14,15,"Petal.Width",1.75,1,NA,154,11
0,0,NA,0,-1,"versicolor",154,12
0,0,NA,0,-1,"virginica",154,13
0,0,NA,0,-1,"versicolor",154,14
0,0,NA,0,-1,"virginica",154,15
2,3,"Petal.Length",2.45,1,NA,155,1
0,0,NA,0,-1,"setosa",155,2
4,5,"Sepal.Length",5.65,1,NA,155,3
6,7,"Petal.Width",1.6,1,NA,155,4
8,9,"Petal.Length",4.95,1,NA,155,5
0,0,NA,0,-1,"versicolor",155,6
0,0,NA,0,-1,"virginica",155,7
10,11,"Petal.Length",4.75,1,NA,155,8
12,13,"Petal.Width",1.75,1,NA,155,9
0,0,NA,0,-1,"versicolor",155,10
14,15,"Sepal.Length",6.55,1,NA,155,11
16,17,"Petal.Width",1.55,1,NA,155,12
0,0,NA,0,-1,"virginica",155,13
18,19,"Sepal.Width",2.6,1,NA,155,14
0,0,NA,0,-1,"versicolor",155,15
0,0,NA,0,-1,"virginica",155,16
20,21,"Petal.Length",5.449999999999999,1,NA,155,17
0,0,NA,0,-1,"versicolor",155,18
0,0,NA,0,-1,"virginica",155,19
0,0,NA,0,-1,"versicolor",155,20
0,0,NA,0,-1,"virginica",155,21
2,3,"Petal.Width",0.75,1,NA,156,1
0,0,NA,0,-1,"setosa",156,2
4,5,"Petal.Width",1.6,1,NA,156,3
6,7,"Petal.Width",1.45,1,NA,156,4
8,9,"Petal.Width",1.85,1,NA,156,5
0,0,NA,0,-1,"versicolor",156,6
10,11,"Sepal.Width",2.5,1,NA,156,7
12,13,"Sepal.Width",2.95,1,NA,156,8
0,0,NA,0,-1,"virginica",156,9
14,15,"Petal.Length",4.75,1,NA,156,10
0,0,NA,0,-1,"versicolor",156,11
0,0,NA,0,-1,"virginica",156,12
16,17,"Petal.Width",1.75,1,NA,156,13
0,0,NA,0,-1,"versicolor",156,14
0,0,NA,0,-1,"virginica",156,15
0,0,NA,0,-1,"versicolor",156,16
18,19,"Petal.Length",4.949999999999999,1,NA,156,17
0,0,NA,0,-1,"versicolor",156,18
0,0,NA,0,-1,"virginica",156,19
2,3,"Petal.Length",2.45,1,NA,157,1
0,0,NA,0,-1,"setosa",157,2
4,5,"Petal.Length",4.800000000000001,1,NA,157,3
0,0,NA,0,-1,"versicolor",157,4
6,7,"Sepal.Length",6.6,1,NA,157,5
0,0,NA,0,-1,"virginica",157,6
8,9,"Petal.Width",1.75,1,NA,157,7
0,0,NA,0,-1,"versicolor",157,8
0,0,NA,0,-1,"virginica",157,9
2,3,"Petal.Width",0.8,1,NA,158,1
0,0,NA,0,-1,"setosa",158,2
4,5,"Petal.Length",4.75,1,NA,158,3
0,0,NA,0,-1,"versicolor",158,4
6,7,"Petal.Width",1.55,1,NA,158,5
8,9,"Petal.Length",5,1,NA,158,6
10,11,"Sepal.Width",3.1500000000000004,1,NA,158,7
0,0,NA,0,-1,"versicolor",158,8
0,0,NA,0,-1,"virginica",158,9
0,0,NA,0,-1,"virginica",158,10
12,13,"Sepal.Length",6.050000000000001,1,NA,158,11
0,0,NA,0,-1,"versicolor",158,12
0,0,NA,0,-1,"virginica",158,13
2,3,"Petal.Width",0.7,1,NA,159,1
0,0,NA,0,-1,"setosa",159,2
4,5,"Petal.Width",1.75,1,NA,159,3
6,7,"Petal.Length",5.35,1,NA,159,4
8,9,"Sepal.Length",6,1,NA,159,5
10,11,"Sepal.Length",4.95,1,NA,159,6
0,0,NA,0,-1,"virginica",159,7
12,13,"Sepal.Width",3.1,1,NA,159,8
0,0,NA,0,-1,"virginica",159,9
0,0,NA,0,-1,"virginica",159,10
14,15,"Petal.Length",4.95,1,NA,159,11
0,0,NA,0,-1,"virginica",159,12
0,0,NA,0,-1,"versicolor",159,13
0,0,NA,0,-1,"versicolor",159,14
16,17,"Petal.Width",1.55,1,NA,159,15
0,0,NA,0,-1,"virginica",159,16
0,0,NA,0,-1,"versicolor",159,17
2,3,"Sepal.Length",5.45,1,NA,160,1
4,5,"Petal.Length",2.35,1,NA,160,2
6,7,"Petal.Width",1.75,1,NA,160,3
0,0,NA,0,-1,"setosa",160,4
8,9,"Petal.Width",1.6,1,NA,160,5
10,11,"Petal.Width",0.65,1,NA,160,6
12,13,"Sepal.Length",6,1,NA,160,7
0,0,NA,0,-1,"versicolor",160,8
0,0,NA,0,-1,"virginica",160,9
0,0,NA,0,-1,"setosa",160,10
14,15,"Petal.Width",1.45,1,NA,160,11
16,17,"Petal.Width",1.85,1,NA,160,12
0,0,NA,0,-1,"virginica",160,13
0,0,NA,0,-1,"versicolor",160,14
18,19,"Sepal.Width",2.8499999999999996,1,NA,160,15
0,0,NA,0,-1,"versicolor",160,16
0,0,NA,0,-1,"virginica",160,17
20,21,"Petal.Width",1.55,1,NA,160,18
0,0,NA,0,-1,"versicolor",160,19
22,23,"Petal.Length",4.85,1,NA,160,20
0,0,NA,0,-1,"versicolor",160,21
0,0,NA,0,-1,"versicolor",160,22
0,0,NA,0,-1,"virginica",160,23
2,3,"Petal.Width",0.8,1,NA,161,1
0,0,NA,0,-1,"setosa",161,2
4,5,"Petal.Width",1.7000000000000002,1,NA,161,3
6,7,"Sepal.Length",5.95,1,NA,161,4
0,0,NA,0,-1,"virginica",161,5
0,0,NA,0,-1,"versicolor",161,6
8,9,"Petal.Length",4.95,1,NA,161,7
0,0,NA,0,-1,"versicolor",161,8
10,11,"Sepal.Length",6.05,1,NA,161,9
12,13,"Petal.Length",5.05,1,NA,161,10
0,0,NA,0,-1,"virginica",161,11
0,0,NA,0,-1,"virginica",161,12
0,0,NA,0,-1,"versicolor",161,13
2,3,"Sepal.Length",5.45,1,NA,162,1
4,5,"Petal.Width",0.8,1,NA,162,2
6,7,"Petal.Length",4.75,1,NA,162,3
0,0,NA,0,-1,"setosa",162,4
0,0,NA,0,-1,"versicolor",162,5
8,9,"Sepal.Width",3.5999999999999996,1,NA,162,6
10,11,"Petal.Width",1.75,1,NA,162,7
0,0,NA,0,-1,"versicolor",162,8
0,0,NA,0,-1,"setosa",162,9
12,13,"Sepal.Width",2.75,1,NA,162,10
14,15,"Sepal.Length",6.050000000000001,1,NA,162,11
16,17,"Petal.Length",5.35,1,NA,162,12
18,19,"Petal.Length",5.05,1,NA,162,13
20,21,"Sepal.Length",5.85,1,NA,162,14
0,0,NA,0,-1,"virginica",162,15
0,0,NA,0,-1,"versicolor",162,16
0,0,NA,0,-1,"virginica",162,17
0,0,NA,0,-1,"versicolor",162,18
0,0,NA,0,-1,"virginica",162,19
0,0,NA,0,-1,"virginica",162,20
0,0,NA,0,-1,"versicolor",162,21
2,3,"Sepal.Length",5.45,1,NA,163,1
4,5,"Petal.Width",0.8,1,NA,163,2
6,7,"Petal.Length",4.85,1,NA,163,3
0,0,NA,0,-1,"setosa",163,4
0,0,NA,0,-1,"versicolor",163,5
8,9,"Petal.Length",2.7,1,NA,163,6
10,11,"Petal.Width",1.7000000000000002,1,NA,163,7
0,0,NA,0,-1,"setosa",163,8
0,0,NA,0,-1,"versicolor",163,9
12,13,"Sepal.Width",2.75,1,NA,163,10
0,0,NA,0,-1,"virginica",163,11
14,15,"Sepal.Length",6.199999999999999,1,NA,163,12
0,0,NA,0,-1,"virginica",163,13
16,17,"Petal.Width",1.55,1,NA,163,14
0,0,NA,0,-1,"versicolor",163,15
0,0,NA,0,-1,"virginica",163,16
0,0,NA,0,-1,"versicolor",163,17
2,3,"Sepal.Length",5.45,1,NA,164,1
4,5,"Petal.Length",2.5999999999999996,1,NA,164,2
6,7,"Petal.Width",1.75,1,NA,164,3
0,0,NA,0,-1,"setosa",164,4
8,9,"Petal.Width",1.5499999999999998,1,NA,164,5
10,11,"Petal.Length",2.5,1,NA,164,6
0,0,NA,0,-1,"virginica",164,7
0,0,NA,0,-1,"versicolor",164,8
0,0,NA,0,-1,"virginica",164,9
0,0,NA,0,-1,"setosa",164,10
12,13,"Petal.Width",1.35,1,NA,164,11
0,0,NA,0,-1,"versicolor",164,12
14,15,"Petal.Length",5.05,1,NA,164,13
0,0,NA,0,-1,"versicolor",164,14
0,0,NA,0,-1,"virginica",164,15
2,3,"Petal.Length",2.35,1,NA,165,1
0,0,NA,0,-1,"setosa",165,2
4,5,"Petal.Width",1.75,1,NA,165,3
6,7,"Petal.Width",1.55,1,NA,165,4
0,0,NA,0,-1,"virginica",165,5
8,9,"Sepal.Width",2.25,1,NA,165,6
10,11,"Petal.Length",5.449999999999999,1,NA,165,7
12,13,"Sepal.Length",5.5,1,NA,165,8
14,15,"Petal.Length",5.25,1,NA,165,9
16,17,"Sepal.Length",5.45,1,NA,165,10
0,0,NA,0,-1,"virginica",165,11
0,0,NA,0,-1,"versicolor",165,12
0,0,NA,0,-1,"versicolor",165,13
0,0,NA,0,-1,"versicolor",165,14
0,0,NA,0,-1,"virginica",165,15
0,0,NA,0,-1,"virginica",165,16
0,0,NA,0,-1,"versicolor",165,17
2,3,"Sepal.Length",5.45,1,NA,166,1
4,5,"Petal.Length",2.45,1,NA,166,2
6,7,"Petal.Length",4.85,1,NA,166,3
0,0,NA,0,-1,"setosa",166,4
0,0,NA,0,-1,"versicolor",166,5
8,9,"Petal.Length",2.65,1,NA,166,6
10,11,"Petal.Width",1.75,1,NA,166,7
0,0,NA,0,-1,"setosa",166,8
12,13,"Petal.Length",4.75,1,NA,166,9
14,15,"Petal.Width",1.55,1,NA,166,10
0,0,NA,0,-1,"virginica",166,11
0,0,NA,0,-1,"versicolor",166,12
16,17,"Petal.Width",1.6,1,NA,166,13
0,0,NA,0,-1,"virginica",166,14
18,19,"Petal.Width",1.65,1,NA,166,15
0,0,NA,0,-1,"versicolor",166,16
0,0,NA,0,-1,"virginica",166,17
20,21,"Petal.Length",5.449999999999999,1,NA,166,18
0,0,NA,0,-1,"versicolor",166,19
0,0,NA,0,-1,"versicolor",166,20
0,0,NA,0,-1,"virginica",166,21
2,3,"Sepal.Length",5.45,1,NA,167,1
4,5,"Petal.Length",2.5,1,NA,167,2
6,7,"Petal.Width",1.75,1,NA,167,3
0,0,NA,0,-1,"setosa",167,4
8,9,"Sepal.Length",4.95,1,NA,167,5
10,11,"Petal.Length",5.35,1,NA,167,6
12,13,"Sepal.Length",6.1,1,NA,167,7
14,15,"Sepal.Width",2.45,1,NA,167,8
0,0,NA,0,-1,"versicolor",167,9
16,17,"Petal.Length",2.5,1,NA,167,10
0,0,NA,0,-1,"virginica",167,11
18,19,"Sepal.Length",5.85,1,NA,167,12
0,0,NA,0,-1,"virginica",167,13
0,0,NA,0,-1,"versicolor",167,14
0,0,NA,0,-1,"virginica",167,15
0,0,NA,0,-1,"setosa",167,16
0,0,NA,0,-1,"versicolor",167,17
0,0,NA,0,-1,"virginica",167,18
0,0,NA,0,-1,"versicolor",167,19
2,3,"Petal.Width",0.8,1,NA,168,1
0,0,NA,0,-1,"setosa",168,2
4,5,"Sepal.Length",6.25,1,NA,168,3
6,7,"Petal.Width",1.9,1,NA,168,4
8,9,"Petal.Length",5.05,1,NA,168,5
0,0,NA,0,-1,"versicolor",168,6
0,0,NA,0,-1,"virginica",168,7
10,11,"Petal.Width",1.75,1,NA,168,8
0,0,NA,0,-1,"virginica",168,9
0,0,NA,0,-1,"versicolor",168,10
0,0,NA,0,-1,"virginica",168,11
2,3,"Sepal.Length",5.45,1,NA,169,1
4,5,"Petal.Length",2.45,1,NA,169,2
6,7,"Sepal.Length",6.25,1,NA,169,3
0,0,NA,0,-1,"setosa",169,4
8,9,"Petal.Length",4.2,1,NA,169,5
10,11,"Sepal.Width",3.45,1,NA,169,6
12,13,"Petal.Width",1.75,1,NA,169,7
0,0,NA,0,-1,"versicolor",169,8
0,0,NA,0,-1,"virginica",169,9
14,15,"Petal.Length",4.949999999999999,1,NA,169,10
0,0,NA,0,-1,"setosa",169,11
16,17,"Petal.Length",5.05,1,NA,169,12
0,0,NA,0,-1,"virginica",169,13
0,0,NA,0,-1,"versicolor",169,14
0,0,NA,0,-1,"virginica",169,15
0,0,NA,0,-1,"versicolor",169,16
0,0,NA,0,-1,"virginica",169,17
2,3,"Petal.Length",2.5999999999999996,1,NA,170,1
0,0,NA,0,-1,"setosa",170,2
4,5,"Sepal.Length",6.15,1,NA,170,3
6,7,"Petal.Width",1.65,1,NA,170,4
8,9,"Petal.Width",1.75,1,NA,170,5
0,0,NA,0,-1,"versicolor",170,6
0,0,NA,0,-1,"virginica",170,7
10,11,"Sepal.Length",7.050000000000001,1,NA,170,8
0,0,NA,0,-1,"virginica",170,9
0,0,NA,0,-1,"versicolor",170,10
0,0,NA,0,-1,"virginica",170,11
2,3,"Sepal.Length",5.55,1,NA,171,1
4,5,"Sepal.Width",2.85,1,NA,171,2
6,7,"Petal.Length",4.85,1,NA,171,3
0,0,NA,0,-1,"versicolor",171,4
0,0,NA,0,-1,"setosa",171,5
8,9,"Petal.Width",0.6,1,NA,171,6
10,11,"Petal.Width",1.75,1,NA,171,7
0,0,NA,0,-1,"setosa",171,8
0,0,NA,0,-1,"versicolor",171,9
12,13,"Petal.Length",5.35,1,NA,171,10
0,0,NA,0,-1,"virginica",171,11
14,15,"Sepal.Width",2.35,1,NA,171,12
0,0,NA,0,-1,"virginica",171,13
0,0,NA,0,-1,"virginica",171,14
0,0,NA,0,-1,"versicolor",171,15
2,3,"Petal.Width",0.7,1,NA,172,1
0,0,NA,0,-1,"setosa",172,2
4,5,"Petal.Width",1.7000000000000002,1,NA,172,3
6,7,"Petal.Length",5,1,NA,172,4
8,9,"Petal.Length",4.85,1,NA,172,5
0,0,NA,0,-1,"versicolor",172,6
10,11,"Petal.Length",5.35,1,NA,172,7
12,13,"Sepal.Length",6.050000000000001,1,NA,172,8
0,0,NA,0,-1,"virginica",172,9
14,15,"Sepal.Length",6.15,1,NA,172,10
0,0,NA,0,-1,"virginica",172,11
0,0,NA,0,-1,"versicolor",172,12
0,0,NA,0,-1,"virginica",172,13
0,0,NA,0,-1,"versicolor",172,14
0,0,NA,0,-1,"virginica",172,15
2,3,"Petal.Length",2.45,1,NA,173,1
0,0,NA,0,-1,"setosa",173,2
4,5,"Sepal.Length",5.75,1,NA,173,3
6,7,"Petal.Length",4.7,1,NA,173,4
8,9,"Petal.Width",1.75,1,NA,173,5
10,11,"Sepal.Length",5,1,NA,173,6
0,0,NA,0,-1,"virginica",173,7
12,13,"Sepal.Length",7.1,1,NA,173,8
14,15,"Petal.Length",4.85,1,NA,173,9
0,0,NA,0,-1,"virginica",173,10
0,0,NA,0,-1,"versicolor",173,11
16,17,"Sepal.Width",2.8499999999999996,1,NA,173,12
0,0,NA,0,-1,"virginica",173,13
0,0,NA,0,-1,"virginica",173,14
0,0,NA,0,-1,"virginica",173,15
18,19,"Sepal.Width",2.75,1,NA,173,16
0,0,NA,0,-1,"versicolor",173,17
0,0,NA,0,-1,"versicolor",173,18
0,0,NA,0,-1,"versicolor",173,19
2,3,"Petal.Width",0.75,1,NA,174,1
0,0,NA,0,-1,"setosa",174,2
4,5,"Petal.Width",1.65,1,NA,174,3
6,7,"Petal.Length",4.95,1,NA,174,4
0,0,NA,0,-1,"virginica",174,5
0,0,NA,0,-1,"versicolor",174,6
8,9,"Sepal.Width",2.45,1,NA,174,7
0,0,NA,0,-1,"virginica",174,8
10,11,"Sepal.Length",6.15,1,NA,174,9
0,0,NA,0,-1,"versicolor",174,10
0,0,NA,0,-1,"virginica",174,11
2,3,"Petal.Length",2.5999999999999996,1,NA,175,1
0,0,NA,0,-1,"setosa",175,2
4,5,"Petal.Width",1.55,1,NA,175,3
6,7,"Petal.Length",4.95,1,NA,175,4
8,9,"Petal.Width",1.75,1,NA,175,5
0,0,NA,0,-1,"versicolor",175,6
0,0,NA,0,-1,"virginica",175,7
10,11,"Sepal.Width",3.15,1,NA,175,8
0,0,NA,0,-1,"virginica",175,9
12,13,"Petal.Width",1.65,1,NA,175,10
0,0,NA,0,-1,"versicolor",175,11
0,0,NA,0,-1,"virginica",175,12
14,15,"Petal.Length",4.75,1,NA,175,13
0,0,NA,0,-1,"virginica",175,14
0,0,NA,0,-1,"versicolor",175,15
2,3,"Petal.Width",0.8,1,NA,176,1
0,0,NA,0,-1,"setosa",176,2
4,5,"Sepal.Length",6.15,1,NA,176,3
6,7,"Petal.Length",4.85,1,NA,176,4
8,9,"Petal.Length",5.05,1,NA,176,5
10,11,"Petal.Width",1.7000000000000002,1,NA,176,6
0,0,NA,0,-1,"virginica",176,7
12,13,"Sepal.Width",2.8499999999999996,1,NA,176,8
0,0,NA,0,-1,"virginica",176,9
0,0,NA,0,-1,"versicolor",176,10
14,15,"Sepal.Length",5.95,1,NA,176,11
16,17,"Sepal.Width",2.6,1,NA,176,12
0,0,NA,0,-1,"versicolor",176,13
0,0,NA,0,-1,"versicolor",176,14
0,0,NA,0,-1,"virginica",176,15
0,0,NA,0,-1,"versicolor",176,16
0,0,NA,0,-1,"virginica",176,17
2,3,"Petal.Length",2.45,1,NA,177,1
0,0,NA,0,-1,"setosa",177,2
4,5,"Sepal.Length",5.75,1,NA,177,3
6,7,"Sepal.Length",5,1,NA,177,4
8,9,"Sepal.Length",7.05,1,NA,177,5
10,11,"Petal.Length",3.9,1,NA,177,6
12,13,"Petal.Width",1.75,1,NA,177,7
14,15,"Sepal.Width",2.95,1,NA,177,8
0,0,NA,0,-1,"virginica",177,9
0,0,NA,0,-1,"versicolor",177,10
0,0,NA,0,-1,"virginica",177,11
0,0,NA,0,-1,"versicolor",177,12
0,0,NA,0,-1,"virginica",177,13
16,17,"Petal.Length",4.95,1,NA,177,14
18,19,"Petal.Width",1.75,1,NA,177,15
20,21,"Petal.Width",1.65,1,NA,177,16
0,0,NA,0,-1,"virginica",177,17
0,0,NA,0,-1,"versicolor",177,18
22,23,"Petal.Length",4.85,1,NA,177,19
0,0,NA,0,-1,"versicolor",177,20
0,0,NA,0,-1,"virginica",177,21
24,25,"Sepal.Width",3.1,1,NA,177,22
0,0,NA,0,-1,"virginica",177,23
0,0,NA,0,-1,"virginica",177,24
0,0,NA,0,-1,"versicolor",177,25
2,3,"Petal.Width",1.55,1,NA,178,1
4,5,"Petal.Width",0.75,1,NA,178,2
6,7,"Petal.Width",1.75,1,NA,178,3
0,0,NA,0,-1,"setosa",178,4
8,9,"Petal.Width",1.45,1,NA,178,5
10,11,"Sepal.Length",6.95,1,NA,178,6
0,0,NA,0,-1,"virginica",178,7
0,0,NA,0,-1,"versicolor",178,8
12,13,"Sepal.Width",2.8499999999999996,1,NA,178,9
0,0,NA,0,-1,"versicolor",178,10
0,0,NA,0,-1,"virginica",178,11
14,15,"Sepal.Width",2.65,1,NA,178,12
0,0,NA,0,-1,"versicolor",178,13
16,17,"Sepal.Length",6.1,1,NA,178,14
18,19,"Sepal.Length",6.4,1,NA,178,15
0,0,NA,0,-1,"virginica",178,16
0,0,NA,0,-1,"versicolor",178,17
0,0,NA,0,-1,"virginica",178,18
0,0,NA,0,-1,"versicolor",178,19
2,3,"Sepal.Length",5.45,1,NA,179,1
4,5,"Petal.Width",0.8500000000000001,1,NA,179,2
6,7,"Petal.Length",4.75,1,NA,179,3
0,0,NA,0,-1,"setosa",179,4
0,0,NA,0,-1,"versicolor",179,5
8,9,"Petal.Length",2.65,1,NA,179,6
10,11,"Petal.Width",1.75,1,NA,179,7
0,0,NA,0,-1,"setosa",179,8
0,0,NA,0,-1,"versicolor",179,9
12,13,"Sepal.Length",6.5,1,NA,179,10
0,0,NA,0,-1,"virginica",179,11
14,15,"Petal.Width",1.55,1,NA,179,12
0,0,NA,0,-1,"versicolor",179,13
0,0,NA,0,-1,"virginica",179,14
0,0,NA,0,-1,"versicolor",179,15
2,3,"Petal.Length",2.45,1,NA,180,1
0,0,NA,0,-1,"setosa",180,2
4,5,"Petal.Width",1.7000000000000002,1,NA,180,3
6,7,"Sepal.Length",7.1,1,NA,180,4
8,9,"Sepal.Length",5.95,1,NA,180,5
10,11,"Sepal.Width",2.25,1,NA,180,6
0,0,NA,0,-1,"virginica",180,7
12,13,"Petal.Length",4.949999999999999,1,NA,180,8
0,0,NA,0,-1,"virginica",180,9
0,0,NA,0,-1,"versicolor",180,10
0,0,NA,0,-1,"versicolor",180,11
0,0,NA,0,-1,"versicolor",180,12
0,0,NA,0,-1,"virginica",180,13
2,3,"Petal.Width",0.8,1,NA,181,1
0,0,NA,0,-1,"setosa",181,2
4,5,"Petal.Length",4.75,1,NA,181,3
0,0,NA,0,-1,"versicolor",181,4
6,7,"Sepal.Width",3.05,1,NA,181,5
0,0,NA,0,-1,"virginica",181,6
8,9,"Sepal.Length",6.050000000000001,1,NA,181,7
0,0,NA,0,-1,"versicolor",181,8
10,11,"Petal.Width",1.8,1,NA,181,9
0,0,NA,0,-1,"versicolor",181,10
0,0,NA,0,-1,"virginica",181,11
2,3,"Petal.Width",0.7,1,NA,182,1
0,0,NA,0,-1,"setosa",182,2
4,5,"Petal.Length",4.95,1,NA,182,3
6,7,"Petal.Width",1.65,1,NA,182,4
8,9,"Sepal.Length",6.1,1,NA,182,5
0,0,NA,0,-1,"versicolor",182,6
0,0,NA,0,-1,"virginica",182,7
10,11,"Sepal.Length",5.9,1,NA,182,8
0,0,NA,0,-1,"virginica",182,9
0,0,NA,0,-1,"virginica",182,10
12,13,"Petal.Width",1.55,1,NA,182,11
0,0,NA,0,-1,"virginica",182,12
0,0,NA,0,-1,"versicolor",182,13
2,3,"Petal.Length",2.7,1,NA,183,1
0,0,NA,0,-1,"setosa",183,2
4,5,"Petal.Length",4.85,1,NA,183,3
6,7,"Petal.Width",1.65,1,NA,183,4
8,9,"Petal.Length",5.05,1,NA,183,5
0,0,NA,0,-1,"versicolor",183,6
10,11,"Sepal.Length",5.4,1,NA,183,7
12,13,"Petal.Width",1.75,1,NA,183,8
0,0,NA,0,-1,"virginica",183,9
0,0,NA,0,-1,"virginica",183,10
14,15,"Sepal.Width",3.1,1,NA,183,11
0,0,NA,0,-1,"versicolor",183,12
0,0,NA,0,-1,"virginica",183,13
0,0,NA,0,-1,"virginica",183,14
0,0,NA,0,-1,"versicolor",183,15
2,3,"Petal.Length",2.35,1,NA,184,1
0,0,NA,0,-1,"setosa",184,2
4,5,"Petal.Length",4.95,1,NA,184,3
6,7,"Petal.Width",1.65,1,NA,184,4
8,9,"Petal.Length",5.15,1,NA,184,5
0,0,NA,0,-1,"versicolor",184,6
10,11,"Sepal.Width",3,1,NA,184,7
12,13,"Petal.Width",1.7999999999999998,1,NA,184,8
0,0,NA,0,-1,"virginica",184,9
0,0,NA,0,-1,"virginica",184,10
0,0,NA,0,-1,"versicolor",184,11
0,0,NA,0,-1,"versicolor",184,12
0,0,NA,0,-1,"virginica",184,13
2,3,"Petal.Length",2.5999999999999996,1,NA,185,1
0,0,NA,0,-1,"setosa",185,2
4,5,"Petal.Width",1.6,1,NA,185,3
6,7,"Petal.Length",5,1,NA,185,4
8,9,"Sepal.Length",6,1,NA,185,5
0,0,NA,0,-1,"versicolor",185,6
0,0,NA,0,-1,"virginica",185,7
10,11,"Sepal.Width",3.1,1,NA,185,8
0,0,NA,0,-1,"virginica",185,9
0,0,NA,0,-1,"virginica",185,10
0,0,NA,0,-1,"versicolor",185,11
2,3,"Petal.Width",0.8,1,NA,186,1
0,0,NA,0,-1,"setosa",186,2
4,5,"Petal.Length",4.95,1,NA,186,3
6,7,"Sepal.Width",2.95,1,NA,186,4
0,0,NA,0,-1,"virginica",186,5
0,0,NA,0,-1,"versicolor",186,6
8,9,"Petal.Width",1.7000000000000002,1,NA,186,7
0,0,NA,0,-1,"versicolor",186,8
0,0,NA,0,-1,"virginica",186,9
2,3,"Petal.Length",2.5999999999999996,1,NA,187,1
0,0,NA,0,-1,"setosa",187,2
4,5,"Petal.Width",1.7000000000000002,1,NA,187,3
6,7,"Petal.Length",4.95,1,NA,187,4
8,9,"Petal.Length",4.85,1,NA,187,5
0,0,NA,0,-1,"versicolor",187,6
10,11,"Sepal.Width",2.85,1,NA,187,7
12,13,"Sepal.Length",5.95,1,NA,187,8
0,0,NA,0,-1,"virginica",187,9
14,15,"Petal.Width",1.55,1,NA,187,10
0,0,NA,0,-1,"virginica",187,11
0,0,NA,0,-1,"versicolor",187,12
0,0,NA,0,-1,"virginica",187,13
0,0,NA,0,-1,"virginica",187,14
0,0,NA,0,-1,"versicolor",187,15
2,3,"Petal.Length",2.7,1,NA,188,1
0,0,NA,0,-1,"setosa",188,2
4,5,"Petal.Width",1.75,1,NA,188,3
6,7,"Petal.Width",1.55,1,NA,188,4
0,0,NA,0,-1,"virginica",188,5
8,9,"Petal.Width",1.45,1,NA,188,6
10,11,"Sepal.Width",2.75,1,NA,188,7
0,0,NA,0,-1,"versicolor",188,8
12,13,"Sepal.Width",2.9,1,NA,188,9
0,0,NA,0,-1,"virginica",188,10
14,15,"Petal.Length",5.4,1,NA,188,11
16,17,"Petal.Length",4.85,1,NA,188,12
0,0,NA,0,-1,"versicolor",188,13
0,0,NA,0,-1,"versicolor",188,14
0,0,NA,0,-1,"virginica",188,15
0,0,NA,0,-1,"versicolor",188,16
0,0,NA,0,-1,"virginica",188,17
2,3,"Sepal.Length",5.300000000000001,1,NA,189,1
4,5,"Petal.Width",0.8,1,NA,189,2
6,7,"Petal.Length",4.75,1,NA,189,3
0,0,NA,0,-1,"setosa",189,4
0,0,NA,0,-1,"versicolor",189,5
8,9,"Petal.Length",2.7,1,NA,189,6
10,11,"Petal.Width",1.65,1,NA,189,7
0,0,NA,0,-1,"setosa",189,8
0,0,NA,0,-1,"versicolor",189,9
12,13,"Petal.Length",5,1,NA,189,10
0,0,NA,0,-1,"virginica",189,11
0,0,NA,0,-1,"versicolor",189,12
0,0,NA,0,-1,"virginica",189,13
2,3,"Petal.Width",1.7000000000000002,1,NA,190,1
4,5,"Petal.Length",2.45,1,NA,190,2
0,0,NA,0,-1,"virginica",190,3
0,0,NA,0,-1,"setosa",190,4
6,7,"Petal.Length",5,1,NA,190,5
0,0,NA,0,-1,"versicolor",190,6
8,9,"Sepal.Length",6.15,1,NA,190,7
0,0,NA,0,-1,"versicolor",190,8
0,0,NA,0,-1,"virginica",190,9
2,3,"Petal.Length",2.45,1,NA,191,1
0,0,NA,0,-1,"setosa",191,2
4,5,"Petal.Width",1.75,1,NA,191,3
6,7,"Petal.Length",5.35,1,NA,191,4
8,9,"Petal.Length",4.9,1,NA,191,5
10,11,"Sepal.Length",4.95,1,NA,191,6
0,0,NA,0,-1,"virginica",191,7
12,13,"Sepal.Length",5.95,1,NA,191,8
0,0,NA,0,-1,"virginica",191,9
14,15,"Petal.Length",3.9,1,NA,191,10
0,0,NA,0,-1,"versicolor",191,11
0,0,NA,0,-1,"versicolor",191,12
0,0,NA,0,-1,"virginica",191,13
0,0,NA,0,-1,"versicolor",191,14
0,0,NA,0,-1,"virginica",191,15
2,3,"Petal.Length",2.45,1,NA,192,1
0,0,NA,0,-1,"setosa",192,2
4,5,"Petal.Length",4.85,1,NA,192,3
6,7,"Sepal.Length",4.95,1,NA,192,4
8,9,"Sepal.Width",2.75,1,NA,192,5
0,0,NA,0,-1,"virginica",192,6
10,11,"Petal.Width",1.7000000000000002,1,NA,192,7
12,13,"Petal.Length",4.95,1,NA,192,8
0,0,NA,0,-1,"virginica",192,9
0,0,NA,0,-1,"versicolor",192,10
0,0,NA,0,-1,"virginica",192,11
0,0,NA,0,-1,"versicolor",192,12
14,15,"Sepal.Length",5.9,1,NA,192,13
0,0,NA,0,-1,"virginica",192,14
16,17,"Petal.Width",1.7000000000000002,1,NA,192,15
18,19,"Petal.Length",5.05,1,NA,192,16
0,0,NA,0,-1,"virginica",192,17
0,0,NA,0,-1,"virginica",192,18
0,0,NA,0,-1,"versicolor",192,19
2,3,"Petal.Length",2.45,1,NA,193,1
0,0,NA,0,-1,"setosa",193,2
4,5,"Petal.Length",4.95,1,NA,193,3
0,0,NA,0,-1,"versicolor",193,4
6,7,"Sepal.Length",6.05,1,NA,193,5
8,9,"Petal.Width",1.7000000000000002,1,NA,193,6
0,0,NA,0,-1,"virginica",193,7
10,11,"Sepal.Width",2.45,1,NA,193,8
0,0,NA,0,-1,"virginica",193,9
0,0,NA,0,-1,"virginica",193,10
0,0,NA,0,-1,"versicolor",193,11
2,3,"Sepal.Length",5.45,1,NA,194,1
4,5,"Sepal.Width",2.8,1,NA,194,2
6,7,"Petal.Width",1.7000000000000002,1,NA,194,3
0,0,NA,0,-1,"versicolor",194,4
8,9,"Petal.Length",3.2,1,NA,194,5
10,11,"Petal.Width",0.7,1,NA,194,6
0,0,NA,0,-1,"virginica",194,7
0,0,NA,0,-1,"setosa",194,8
0,0,NA,0,-1,"versicolor",194,9
0,0,NA,0,-1,"setosa",194,10
12,13,"Petal.Length",4.95,1,NA,194,11
0,0,NA,0,-1,"versicolor",194,12
14,15,"Petal.Width",1.55,1,NA,194,13
0,0,NA,0,-1,"virginica",194,14
0,0,NA,0,-1,"versicolor",194,15
2,3,"Petal.Width",0.75,1,NA,195,1
0,0,NA,0,-1,"setosa",195,2
4,5,"Petal.Width",1.65,1,NA,195,3
6,7,"Petal.Length",4.95,1,NA,195,4
8,9,"Petal.Width",1.85,1,NA,195,5
0,0,NA,0,-1,"versicolor",195,6
0,0,NA,0,-1,"virginica",195,7
10,11,"Petal.Length",5.05,1,NA,195,8
0,0,NA,0,-1,"virginica",195,9
12,13,"Sepal.Width",2.9,1,NA,195,10
0,0,NA,0,-1,"virginica",195,11
0,0,NA,0,-1,"virginica",195,12
14,15,"Sepal.Length",6,1,NA,195,13
0,0,NA,0,-1,"versicolor",195,14
16,17,"Petal.Width",1.75,1,NA,195,15
0,0,NA,0,-1,"versicolor",195,16
0,0,NA,0,-1,"virginica",195,17
2,3,"Petal.Width",0.7,1,NA,196,1
0,0,NA,0,-1,"setosa",196,2
4,5,"Petal.Length",4.75,1,NA,196,3
0,0,NA,0,-1,"versicolor",196,4
6,7,"Petal.Length",5.15,1,NA,196,5
8,9,"Petal.Width",1.75,1,NA,196,6
0,0,NA,0,-1,"virginica",196,7
10,11,"Sepal.Width",2.35,1,NA,196,8
0,0,NA,0,-1,"virginica",196,9
0,0,NA,0,-1,"virginica",196,10
12,13,"Sepal.Length",6.5,1,NA,196,11
14,15,"Sepal.Width",2.75,1,NA,196,12
0,0,NA,0,-1,"versicolor",196,13
0,0,NA,0,-1,"versicolor",196,14
0,0,NA,0,-1,"virginica",196,15
2,3,"Petal.Length",2.45,1,NA,197,1
0,0,NA,0,-1,"setosa",197,2
4,5,"Sepal.Length",6.15,1,NA,197,3
6,7,"Petal.Length",4.75,1,NA,197,4
8,9,"Petal.Width",1.65,1,NA,197,5
10,11,"Petal.Length",4.35,1,NA,197,6
12,13,"Sepal.Length",5.85,1,NA,197,7
14,15,"Petal.Length",5,1,NA,197,8
0,0,NA,0,-1,"virginica",197,9
0,0,NA,0,-1,"versicolor",197,10
16,17,"Sepal.Length",5.45,1,NA,197,11
0,0,NA,0,-1,"virginica",197,12
18,19,"Petal.Width",1.7000000000000002,1,NA,197,13
0,0,NA,0,-1,"versicolor",197,14
0,0,NA,0,-1,"virginica",197,15
0,0,NA,0,-1,"virginica",197,16
0,0,NA,0,-1,"versicolor",197,17
0,0,NA,0,-1,"versicolor",197,18
20,21,"Petal.Length",4.85,1,NA,197,19
0,0,NA,0,-1,"virginica",197,20
0,0,NA,0,-1,"virginica",197,21
2,3,"Petal.Length",2.45,1,NA,198,1
0,0,NA,0,-1,"setosa",198,2
4,5,"Petal.Width",1.75,1,NA,198,3
6,7,"Petal.Length",5.05,1,NA,198,4
8,9,"Sepal.Length",5.95,1,NA,198,5
10,11,"Sepal.Length",4.95,1,NA,198,6
12,13,"Sepal.Length",6.05,1,NA,198,7
14,15,"Petal.Width",1.85,1,NA,198,8
0,0,NA,0,-1,"virginica",198,9
16,17,"Petal.Length",3.9,1,NA,198,10
0,0,NA,0,-1,"versicolor",198,11
0,0,NA,0,-1,"versicolor",198,12
0,0,NA,0,-1,"virginica",198,13
0,0,NA,0,-1,"versicolor",198,14
0,0,NA,0,-1,"virginica",198,15
0,0,NA,0,-1,"versicolor",198,16
0,0,NA,0,-1,"virginica",198,17
2,3,"Petal.Width",0.8,1,NA,199,1
0,0,NA,0,-1,"setosa",199,2
4,5,"Sepal.Length",5.75,1,NA,199,3
6,7,"Sepal.Length",4.95,1,NA,199,4
8,9,"Petal.Width",1.75,1,NA,199,5
10,11,"Petal.Length",3.9,1,NA,199,6
12,13,"Sepal.Length",5.65,1,NA,199,7
14,15,"Petal.Length",4.95,1,NA,199,8
16,17,"Sepal.Length",5.95,1,NA,199,9
0,0,NA,0,-1,"versicolor",199,10
0,0,NA,0,-1,"virginica",199,11
0,0,NA,0,-1,"versicolor",199,12
18,19,"Petal.Length",4.75,1,NA,199,13
0,0,NA,0,-1,"versicolor",199,14
20,21,"Petal.Width",1.55,1,NA,199,15
22,23,"Sepal.Width",3.1,1,NA,199,16
0,0,NA,0,-1,"virginica",199,17
0,0,NA,0,-1,"versicolor",199,18
0,0,NA,0,-1,"virginica",199,19
0,0,NA,0,-1,"virginica",199,20
0,0,NA,0,-1,"versicolor",199,21
0,0,NA,0,-1,"virginica",199,22
0,0,NA,0,-1,"versicolor",199,23
2,3,"Petal.Length",2.45,1,NA,200,1
0,0,NA,0,-1,"setosa",200,2
4,5,"Petal.Length",4.75,1,NA,200,3
6,7,"Petal.Width",1.65,1,NA,200,4
8,9,"Petal.Length",4.95,1,NA,200,5
0,0,NA,0,-1,"versicolor",200,6
0,0,NA,0,-1,"virginica",200,7
10,11,"Sepal.Length",6.55,1,NA,200,8
12,13,"Petal.Width",1.7000000000000002,1,NA,200,9
0,0,NA,0,-1,"virginica",200,10
0,0,NA,0,-1,"versicolor",200,11
14,15,"Petal.Width",1.55,1,NA,200,12
0,0,NA,0,-1,"virginica",200,13
0,0,NA,0,-1,"virginica",200,14
0,0,NA,0,-1,"versicolor",200,15
