# {"problem_type":"classification","split_var_ranges":{"acc_range":{"min":0,"max":12.374},"heading_range":{"min":0,"max":35999379},"speed_h_range":{"min":0,"max":63318},"speed_v_range":{"min":0,"max":32737},"speed_h_sum":{"min":337,"max":867410},"speed_v_sum":{"min":-369253,"max":755180},"acc_sum":{"min":0.6954,"max":68.1712}}}
"left daughter","right daughter","split var","split point","status","prediction","tree_idx","node_idx"
2,3,"acc_range",0.1366373664783464,1,NA,1,1
4,5,"heading_range",438558.5,1,NA,1,2
6,7,"speed_h_range",455.5,1,NA,1,3
8,9,"speed_v_range",299.5,1,NA,1,4
10,11,"speed_h_sum",297049,1,NA,1,5
12,13,"speed_h_sum",281671,1,NA,1,6
14,15,"acc_range",0.317228289758312,1,NA,1,7
16,17,"speed_v_sum",33945,1,NA,1,8
18,19,"speed_v_range",388.5,1,NA,1,9
20,21,"speed_h_sum",193702.5,1,NA,1,10
22,23,"speed_h_range",306.5,1,NA,1,11
24,25,"speed_v_sum",247027,1,NA,1,12
26,27,"acc_sum",11.372821268065959,1,NA,1,13
28,29,"speed_v_sum",46632,1,NA,1,14
30,31,"heading_range",277654.5,1,NA,1,15
32,33,"acc_range",0.1151141658447688,1,NA,1,16
34,35,"speed_h_sum",325233,1,NA,1,17
36,37,"speed_h_sum",273832.5,1,NA,1,18
38,39,"speed_h_sum",272955.5,1,NA,1,19
40,41,"speed_v_sum",21851.5,1,NA,1,20
42,43,"speed_v_range",202.5,1,NA,1,21
44,45,"speed_h_sum",436202.5,1,NA,1,22
0,0,NA,0,-1,"plane",1,23
46,47,"acc_range",0.633986423072961,1,NA,1,24
48,49,"speed_h_range",450.5,1,NA,1,25
50,51,"speed_v_sum",123990.5,1,NA,1,26
52,53,"speed_h_range",361,1,NA,1,27
54,55,"speed_v_range",2234.5,1,NA,1,28
56,57,"speed_v_sum",199107.5,1,NA,1,29
58,59,"speed_h_sum",437224,1,NA,1,30
60,61,"speed_v_sum",206148.5,1,NA,1,31
62,63,"speed_v_sum",33854,1,NA,1,32
64,65,"speed_h_sum",253341.5,1,NA,1,33
66,67,"speed_h_range",274.5,1,NA,1,34
68,69,"speed_v_sum",256308.5,1,NA,1,35
70,71,"speed_v_sum",60657,1,NA,1,36
72,73,"speed_h_sum",279648.5,1,NA,1,37
74,75,"acc_sum",8.69899845417973,1,NA,1,38
76,77,"acc_sum",6.791942709117171,1,NA,1,39
0,0,NA,0,-1,"landing",1,40
78,79,"acc_sum",7.603793655185483,1,NA,1,41
0,0,NA,0,-1,"maneuver",1,42
80,81,"speed_h_range",256.5,1,NA,1,43
0,0,NA,0,-1,"flight",1,44
0,0,NA,0,-1,"plane",1,45
82,83,"speed_v_sum",4903,1,NA,1,46
84,85,"acc_sum",12.624604562164027,1,NA,1,47
86,87,"speed_v_sum",263679.5,1,NA,1,48
88,89,"speed_h_sum",272016.5,1,NA,1,49
90,91,"speed_v_sum",-25146,1,NA,1,50
92,93,"speed_h_sum",374027,1,NA,1,51
94,95,"speed_h_range",225.5,1,NA,1,52
96,97,"acc_range",0.22382039021803657,1,NA,1,53
98,99,"speed_v_sum",29516,1,NA,1,54
100,101,"speed_h_sum",260042,1,NA,1,55
102,103,"acc_sum",8.338863163547085,1,NA,1,56
104,105,"speed_h_range",1896,1,NA,1,57
106,107,"speed_v_sum",151060.5,1,NA,1,58
108,109,"speed_h_sum",449562,1,NA,1,59
110,111,"speed_v_range",1020.5,1,NA,1,60
112,113,"speed_v_sum",361776,1,NA,1,61
114,115,"speed_h_range",189.5,1,NA,1,62
116,117,"speed_h_range",175,1,NA,1,63
0,0,NA,0,-1,"canopy",1,64
0,0,NA,0,-1,"plane",1,65
118,119,"speed_v_sum",63698.5,1,NA,1,66
120,121,"acc_sum",10.974164020187793,1,NA,1,67
0,0,NA,0,-1,"plane",1,68
0,0,NA,0,-1,"flight",1,69
122,123,"heading_range",45691.5,1,NA,1,70
124,125,"speed_v_sum",184361.5,1,NA,1,71
126,127,"acc_range",0.09315894221412552,1,NA,1,72
128,129,"speed_v_sum",133345.5,1,NA,1,73
130,131,"speed_h_sum",231115.5,1,NA,1,74
132,133,"speed_v_sum",23049,1,NA,1,75
134,135,"heading_range",239586.5,1,NA,1,76
136,137,"speed_v_sum",143276,1,NA,1,77
138,139,"heading_range",576047.5,1,NA,1,78
140,141,"speed_h_sum",168980,1,NA,1,79
142,143,"heading_range",582472,1,NA,1,80
144,145,"acc_sum",9.961364194482073,1,NA,1,81
146,147,"speed_h_sum",47732,1,NA,1,82
148,149,"acc_range",0.1816160416303838,1,NA,1,83
150,151,"heading_range",911206,1,NA,1,84
152,153,"speed_v_range",194.5,1,NA,1,85
154,155,"acc_range",0.273735039004159,1,NA,1,86
156,157,"speed_v_range",2016,1,NA,1,87
0,0,NA,0,-1,"flight",1,88
0,0,NA,0,-1,"freefall",1,89
0,0,NA,0,-1,"plane",1,90
158,159,"speed_v_sum",-24789,1,NA,1,91
160,161,"speed_h_range",209,1,NA,1,92
162,163,"heading_range",272688,1,NA,1,93
164,165,"acc_range",0.16024346833757586,1,NA,1,94
166,167,"acc_sum",12.910599669972882,1,NA,1,95
168,169,"speed_h_sum",460761.5,1,NA,1,96
170,171,"speed_h_sum",460371,1,NA,1,97
172,173,"speed_h_sum",233070.5,1,NA,1,98
174,175,"speed_h_range",674.5,1,NA,1,99
176,177,"speed_v_range",2881,1,NA,1,100
0,0,NA,0,-1,"plane",1,101
178,179,"speed_h_range",1999.5,1,NA,1,102
180,181,"speed_h_sum",396990.5,1,NA,1,103
182,183,"heading_range",1227565,1,NA,1,104
184,185,"speed_v_range",2360,1,NA,1,105
186,187,"acc_sum",11.745668669799354,1,NA,1,106
188,189,"speed_h_sum",181190,1,NA,1,107
190,191,"speed_h_range",712.5,1,NA,1,108
192,193,"speed_v_sum",175590.5,1,NA,1,109
194,195,"speed_v_sum",9743,1,NA,1,110
196,197,"speed_h_sum",71234,1,NA,1,111
198,199,"acc_sum",15.875316284561064,1,NA,1,112
0,0,NA,0,-1,"freefall",1,113
0,0,NA,0,-1,"plane",1,114
0,0,NA,0,-1,"plane",1,115
0,0,NA,0,-1,"plane",1,116
0,0,NA,0,-1,"canopy",1,117
0,0,NA,0,-1,"canopy",1,118
0,0,NA,0,-1,"canopy",1,119
0,0,NA,0,-1,"canopy",1,120
0,0,NA,0,-1,"canopy",1,121
0,0,NA,0,-1,"maneuver",1,122
0,0,NA,0,-1,"canopy",1,123
0,0,NA,0,-1,"canopy",1,124
0,0,NA,0,-1,"flight",1,125
0,0,NA,0,-1,"plane",1,126
0,0,NA,0,-1,"canopy",1,127
0,0,NA,0,-1,"plane",1,128
0,0,NA,0,-1,"flight",1,129
0,0,NA,0,-1,"canopy",1,130
0,0,NA,0,-1,"freefall",1,131
0,0,NA,0,-1,"landing",1,132
0,0,NA,0,-1,"canopy",1,133
0,0,NA,0,-1,"flight",1,134
0,0,NA,0,-1,"freefall",1,135
0,0,NA,0,-1,"plane",1,136
0,0,NA,0,-1,"flight",1,137
0,0,NA,0,-1,"canopy",1,138
0,0,NA,0,-1,"maneuver",1,139
0,0,NA,0,-1,"canopy",1,140
0,0,NA,0,-1,"canopy",1,141
0,0,NA,0,-1,"canopy",1,142
0,0,NA,0,-1,"canopy",1,143
0,0,NA,0,-1,"maneuver",1,144
0,0,NA,0,-1,"canopy",1,145
0,0,NA,0,-1,"landing",1,146
0,0,NA,0,-1,"plane",1,147
0,0,NA,0,-1,"canopy",1,148
0,0,NA,0,-1,"canopy",1,149
0,0,NA,0,-1,"canopy",1,150
0,0,NA,0,-1,"landing",1,151
0,0,NA,0,-1,"opening",1,152
0,0,NA,0,-1,"canopy",1,153
0,0,NA,0,-1,"flight",1,154
0,0,NA,0,-1,"flight",1,155
0,0,NA,0,-1,"flight",1,156
0,0,NA,0,-1,"flight",1,157
0,0,NA,0,-1,"freefall",1,158
0,0,NA,0,-1,"plane",1,159
0,0,NA,0,-1,"flight",1,160
0,0,NA,0,-1,"flight",1,161
0,0,NA,0,-1,"flight",1,162
0,0,NA,0,-1,"flight",1,163
0,0,NA,0,-1,"plane",1,164
0,0,NA,0,-1,"flight",1,165
0,0,NA,0,-1,"flight",1,166
0,0,NA,0,-1,"flight",1,167
0,0,NA,0,-1,"flight",1,168
0,0,NA,0,-1,"plane",1,169
0,0,NA,0,-1,"flight",1,170
0,0,NA,0,-1,"plane",1,171
0,0,NA,0,-1,"landing",1,172
0,0,NA,0,-1,"plane",1,173
0,0,NA,0,-1,"plane",1,174
0,0,NA,0,-1,"plane",1,175
0,0,NA,0,-1,"landing",1,176
0,0,NA,0,-1,"maneuver",1,177
0,0,NA,0,-1,"canopy",1,178
0,0,NA,0,-1,"freefall",1,179
0,0,NA,0,-1,"canopy",1,180
0,0,NA,0,-1,"plane",1,181
0,0,NA,0,-1,"flight",1,182
0,0,NA,0,-1,"flight",1,183
0,0,NA,0,-1,"flight",1,184
0,0,NA,0,-1,"freefall",1,185
0,0,NA,0,-1,"plane",1,186
0,0,NA,0,-1,"canopy",1,187
0,0,NA,0,-1,"freefall",1,188
0,0,NA,0,-1,"flight",1,189
0,0,NA,0,-1,"flight",1,190
0,0,NA,0,-1,"plane",1,191
0,0,NA,0,-1,"plane",1,192
0,0,NA,0,-1,"opening",1,193
0,0,NA,0,-1,"landing",1,194
0,0,NA,0,-1,"canopy",1,195
0,0,NA,0,-1,"landing",1,196
0,0,NA,0,-1,"canopy",1,197
0,0,NA,0,-1,"flight",1,198
0,0,NA,0,-1,"recovery_arc",1,199
2,3,"speed_v_sum",44539,1,NA,2,1
4,5,"acc_range",0.6611370216525014,1,NA,2,2
6,7,"acc_range",0.28035284533408805,1,NA,2,3
8,9,"speed_h_sum",272343,1,NA,2,4
10,11,"speed_v_sum",-6555.5,1,NA,2,5
12,13,"speed_h_range",583.5,1,NA,2,6
14,15,"speed_v_sum",173135.5,1,NA,2,7
16,17,"speed_v_range",882.5,1,NA,2,8
18,19,"acc_sum",11.676356728306352,1,NA,2,9
20,21,"acc_sum",12.94267977322582,1,NA,2,10
22,23,"speed_v_sum",5791,1,NA,2,11
24,25,"acc_range",0.06412184427598322,1,NA,2,12
26,27,"speed_v_sum",199196,1,NA,2,13
28,29,"speed_h_sum",293306.5,1,NA,2,14
30,31,"speed_h_sum",183311,1,NA,2,15
32,33,"speed_v_sum",6425,1,NA,2,16
34,35,"speed_v_sum",24890,1,NA,2,17
36,37,"acc_sum",10.944921059965857,1,NA,2,18
38,39,"speed_h_sum",499744,1,NA,2,19
40,41,"speed_h_sum",224037,1,NA,2,20
42,43,"acc_range",0.9757740129549703,1,NA,2,21
44,45,"speed_h_range",919.5,1,NA,2,22
46,47,"acc_range",1.3974143828367818,1,NA,2,23
48,49,"speed_h_sum",340413,1,NA,2,24
50,51,"acc_sum",8.617561617499753,1,NA,2,25
52,53,"speed_v_sum",54589.5,1,NA,2,26
54,55,"acc_sum",8.794219507416479,1,NA,2,27
56,57,"speed_h_range",1196.5,1,NA,2,28
58,59,"acc_sum",13.327208259844824,1,NA,2,29
60,61,"speed_v_sum",362135.5,1,NA,2,30
62,63,"heading_range",994225.5,1,NA,2,31
64,65,"heading_range",155560.5,1,NA,2,32
66,67,"heading_range",53825,1,NA,2,33
68,69,"speed_h_range",905.5,1,NA,2,34
70,71,"speed_v_sum",36780,1,NA,2,35
72,73,"speed_h_range",3194.5,1,NA,2,36
74,75,"acc_sum",10.944985026644055,1,NA,2,37
76,77,"speed_v_sum",-4844,1,NA,2,38
0,0,NA,0,-1,"plane",2,39
78,79,"speed_h_sum",121690,1,NA,2,40
80,81,"acc_range",0.9515782344983217,1,NA,2,41
82,83,"acc_range",0.7122832623239046,1,NA,2,42
84,85,"speed_h_sum",89749.5,1,NA,2,43
86,87,"heading_range",182644,1,NA,2,44
88,89,"speed_h_range",925,1,NA,2,45
90,91,"speed_h_range",1263,1,NA,2,46
92,93,"speed_v_range",6104.5,1,NA,2,47
94,95,"speed_h_range",87.5,1,NA,2,48
96,97,"acc_sum",12.474600049132263,1,NA,2,49
98,99,"speed_h_range",424.5,1,NA,2,50
100,101,"speed_v_sum",170666.5,1,NA,2,51
102,103,"speed_h_sum",334998.5,1,NA,2,52
104,105,"speed_h_range",1186.5,1,NA,2,53
106,107,"speed_h_sum",283045.5,1,NA,2,54
108,109,"speed_h_range",2746,1,NA,2,55
110,111,"speed_v_sum",94823,1,NA,2,56
112,113,"speed_h_range",3177,1,NA,2,57
114,115,"speed_v_sum",137346,1,NA,2,58
116,117,"acc_sum",16.63529215859988,1,NA,2,59
118,119,"speed_v_range",1629,1,NA,2,60
120,121,"speed_h_sum",68519,1,NA,2,61
122,123,"acc_sum",7.790807520710581,1,NA,2,62
124,125,"speed_h_sum",245902,1,NA,2,63
0,0,NA,0,-1,"plane",2,64
0,0,NA,0,-1,"landing",2,65
126,127,"speed_v_sum",33936.5,1,NA,2,66
128,129,"speed_v_sum",44512.5,1,NA,2,67
130,131,"heading_range",792603,1,NA,2,68
132,133,"speed_v_range",3839.5,1,NA,2,69
134,135,"speed_v_range",1605.5,1,NA,2,70
136,137,"acc_sum",8.509129324897717,1,NA,2,71
138,139,"speed_v_range",3890,1,NA,2,72
140,141,"acc_range",0.5228197469558991,1,NA,2,73
0,0,NA,0,-1,"freefall",2,74
142,143,"acc_range",0.6463291547958836,1,NA,2,75
144,145,"speed_v_sum",-5419.5,1,NA,2,76
0,0,NA,0,-1,"plane",2,77
146,147,"heading_range",1023548.5,1,NA,2,78
0,0,NA,0,-1,"maneuver",2,79
148,149,"acc_range",0.820790174436616,1,NA,2,80
150,151,"heading_range",239065,1,NA,2,81
152,153,"heading_range",344739.5,1,NA,2,82
0,0,NA,0,-1,"maneuver",2,83
0,0,NA,0,-1,"landing",2,84
154,155,"speed_h_sum",305529,1,NA,2,85
0,0,NA,0,-1,"plane",2,86
156,157,"speed_h_sum",188506,1,NA,2,87
0,0,NA,0,-1,"plane",2,88
158,159,"heading_range",331839.5,1,NA,2,89
160,161,"heading_range",235006.5,1,NA,2,90
162,163,"acc_sum",11.884048112325527,1,NA,2,91
0,0,NA,0,-1,"landing",2,92
0,0,NA,0,-1,"maneuver",2,93
0,0,NA,0,-1,"maneuver",2,94
164,165,"speed_h_sum",149064.5,1,NA,2,95
0,0,NA,0,-1,"plane",2,96
166,167,"speed_v_range",227.5,1,NA,2,97
168,169,"speed_h_sum",230225.5,1,NA,2,98
170,171,"speed_h_sum",230769,1,NA,2,99
172,173,"speed_v_range",642.5,1,NA,2,100
174,175,"speed_h_sum",162355,1,NA,2,101
176,177,"acc_range",0.251056206802468,1,NA,2,102
0,0,NA,0,-1,"plane",2,103
178,179,"heading_range",361260,1,NA,2,104
180,181,"heading_range",397753.5,1,NA,2,105
182,183,"speed_h_range",1442.5,1,NA,2,106
184,185,"speed_v_range",3100,1,NA,2,107
186,187,"speed_v_sum",233641,1,NA,2,108
188,189,"acc_range",0.12397427521386983,1,NA,2,109
190,191,"acc_range",0.6816601358321825,1,NA,2,110
192,193,"speed_h_range",542,1,NA,2,111
194,195,"speed_v_range",2196.5,1,NA,2,112
196,197,"heading_range",35539971,1,NA,2,113
198,199,"acc_sum",10.271994257268634,1,NA,2,114
0,0,NA,0,-1,"flight",2,115
0,0,NA,0,-1,"opening",2,116
0,0,NA,0,-1,"opening",2,117
0,0,NA,0,-1,"canopy",2,118
0,0,NA,0,-1,"recovery_arc",2,119
0,0,NA,0,-1,"freefall",2,120
0,0,NA,0,-1,"freefall",2,121
0,0,NA,0,-1,"freefall",2,122
0,0,NA,0,-1,"flight",2,123
0,0,NA,0,-1,"recovery_arc",2,124
0,0,NA,0,-1,"flight",2,125
0,0,NA,0,-1,"plane",2,126
0,0,NA,0,-1,"canopy",2,127
0,0,NA,0,-1,"canopy",2,128
0,0,NA,0,-1,"maneuver",2,129
0,0,NA,0,-1,"maneuver",2,130
0,0,NA,0,-1,"landing",2,131
0,0,NA,0,-1,"landing",2,132
0,0,NA,0,-1,"maneuver",2,133
0,0,NA,0,-1,"canopy",2,134
0,0,NA,0,-1,"landing",2,135
0,0,NA,0,-1,"maneuver",2,136
0,0,NA,0,-1,"canopy",2,137
0,0,NA,0,-1,"plane",2,138
0,0,NA,0,-1,"plane",2,139
0,0,NA,0,-1,"plane",2,140
0,0,NA,0,-1,"plane",2,141
0,0,NA,0,-1,"plane",2,142
0,0,NA,0,-1,"plane",2,143
0,0,NA,0,-1,"plane",2,144
0,0,NA,0,-1,"freefall",2,145
0,0,NA,0,-1,"canopy",2,146
0,0,NA,0,-1,"landing",2,147
0,0,NA,0,-1,"plane",2,148
0,0,NA,0,-1,"plane",2,149
0,0,NA,0,-1,"freefall",2,150
0,0,NA,0,-1,"plane",2,151
0,0,NA,0,-1,"plane",2,152
0,0,NA,0,-1,"freefall",2,153
0,0,NA,0,-1,"maneuver",2,154
0,0,NA,0,-1,"freefall",2,155
0,0,NA,0,-1,"landing",2,156
0,0,NA,0,-1,"plane",2,157
0,0,NA,0,-1,"plane",2,158
0,0,NA,0,-1,"landing",2,159
0,0,NA,0,-1,"plane",2,160
0,0,NA,0,-1,"canopy",2,161
0,0,NA,0,-1,"plane",2,162
0,0,NA,0,-1,"landing",2,163
0,0,NA,0,-1,"canopy",2,164
0,0,NA,0,-1,"canopy",2,165
0,0,NA,0,-1,"plane",2,166
0,0,NA,0,-1,"plane",2,167
0,0,NA,0,-1,"canopy",2,168
0,0,NA,0,-1,"freefall",2,169
0,0,NA,0,-1,"canopy",2,170
0,0,NA,0,-1,"freefall",2,171
0,0,NA,0,-1,"canopy",2,172
0,0,NA,0,-1,"canopy",2,173
0,0,NA,0,-1,"canopy",2,174
0,0,NA,0,-1,"flight",2,175
0,0,NA,0,-1,"canopy",2,176
0,0,NA,0,-1,"canopy",2,177
0,0,NA,0,-1,"canopy",2,178
0,0,NA,0,-1,"canopy",2,179
0,0,NA,0,-1,"plane",2,180
0,0,NA,0,-1,"canopy",2,181
0,0,NA,0,-1,"freefall",2,182
0,0,NA,0,-1,"freefall",2,183
0,0,NA,0,-1,"flight",2,184
0,0,NA,0,-1,"freefall",2,185
0,0,NA,0,-1,"recovery_arc",2,186
0,0,NA,0,-1,"flight",2,187
0,0,NA,0,-1,"plane",2,188
0,0,NA,0,-1,"recovery_arc",2,189
0,0,NA,0,-1,"canopy",2,190
0,0,NA,0,-1,"canopy",2,191
0,0,NA,0,-1,"canopy",2,192
0,0,NA,0,-1,"canopy",2,193
0,0,NA,0,-1,"canopy",2,194
0,0,NA,0,-1,"landing",2,195
0,0,NA,0,-1,"opening",2,196
0,0,NA,0,-1,"canopy",2,197
0,0,NA,0,-1,"plane",2,198
0,0,NA,0,-1,"plane",2,199
2,3,"heading_range",320844,1,NA,3,1
4,5,"speed_v_sum",44539,1,NA,3,2
6,7,"speed_h_sum",280114.5,1,NA,3,3
8,9,"speed_v_sum",34581.5,1,NA,3,4
10,11,"speed_v_range",454.5,1,NA,3,5
12,13,"acc_range",0.3737995697995261,1,NA,3,6
14,15,"acc_range",0.23316377296100327,1,NA,3,7
16,17,"speed_h_sum",264374.5,1,NA,3,8
18,19,"acc_range",0.07858564683593705,1,NA,3,9
20,21,"heading_range",48171,1,NA,3,10
22,23,"acc_range",0.2802723151949964,1,NA,3,11
24,25,"speed_v_sum",199610.5,1,NA,3,12
26,27,"speed_v_sum",31174.5,1,NA,3,13
28,29,"speed_h_sum",363045,1,NA,3,14
30,31,"speed_h_sum",461938.5,1,NA,3,15
32,33,"speed_v_sum",6201.5,1,NA,3,16
34,35,"acc_sum",10.923395320328844,1,NA,3,17
36,37,"speed_h_range",157,1,NA,3,18
38,39,"heading_range",264878.5,1,NA,3,19
40,41,"acc_sum",10.968295378373488,1,NA,3,20
42,43,"speed_h_sum",281297,1,NA,3,21
44,45,"speed_h_sum",281341.5,1,NA,3,22
46,47,"acc_sum",7.909903671051794,1,NA,3,23
48,49,"speed_v_range",1732,1,NA,3,24
50,51,"speed_h_range",1606,1,NA,3,25
52,53,"speed_v_sum",-11718.5,1,NA,3,26
54,55,"speed_v_sum",174178.5,1,NA,3,27
56,57,"speed_h_sum",333873,1,NA,3,28
58,59,"acc_range",0.1678405396652794,1,NA,3,29
60,61,"speed_h_range",2202,1,NA,3,30
62,63,"acc_range",0.6561018030186985,1,NA,3,31
64,65,"acc_sum",7.971554375376453,1,NA,3,32
66,67,"speed_h_range",956.5,1,NA,3,33
68,69,"heading_range",193397,1,NA,3,34
70,71,"speed_h_sum",499715.5,1,NA,3,35
0,0,NA,0,-1,"canopy",3,36
72,73,"heading_range",281441.5,1,NA,3,37
74,75,"speed_h_sum",274595.5,1,NA,3,38
76,77,"acc_sum",11.171960695785135,1,NA,3,39
78,79,"acc_range",0.22966378145754163,1,NA,3,40
80,81,"speed_v_sum",146163,1,NA,3,41
82,83,"speed_v_sum",196016,1,NA,3,42
84,85,"speed_v_sum",134680.5,1,NA,3,43
86,87,"speed_h_sum",210924,1,NA,3,44
88,89,"acc_range",0.17133693440794717,1,NA,3,45
90,91,"speed_v_sum",140710.5,1,NA,3,46
92,93,"speed_v_sum",153937.5,1,NA,3,47
94,95,"speed_h_sum",190268,1,NA,3,48
96,97,"speed_v_sum",38835.5,1,NA,3,49
98,99,"speed_v_sum",253769.5,1,NA,3,50
100,101,"heading_range",1099274,1,NA,3,51
102,103,"heading_range",626591.5,1,NA,3,52
104,105,"speed_v_sum",15952.5,1,NA,3,53
106,107,"acc_sum",12.385383543439636,1,NA,3,54
108,109,"acc_sum",13.094134210063494,1,NA,3,55
110,111,"speed_v_range",1797,1,NA,3,56
112,113,"acc_sum",7.408475518178211,1,NA,3,57
114,115,"acc_sum",9.55840910610107,1,NA,3,58
116,117,"speed_v_sum",132187.5,1,NA,3,59
118,119,"speed_v_range",3133,1,NA,3,60
120,121,"acc_sum",9.937465073162759,1,NA,3,61
0,0,NA,0,-1,"plane",3,62
122,123,"heading_range",369183,1,NA,3,63
124,125,"speed_v_sum",-12594,1,NA,3,64
126,127,"acc_range",0.9904749570527184,1,NA,3,65
128,129,"speed_v_range",2884.5,1,NA,3,66
130,131,"speed_h_sum",171132,1,NA,3,67
0,0,NA,0,-1,"plane",3,68
132,133,"heading_range",193404.5,1,NA,3,69
134,135,"speed_h_range",4444,1,NA,3,70
0,0,NA,0,-1,"plane",3,71
136,137,"speed_v_range",245,1,NA,3,72
138,139,"acc_sum",10.672117991030486,1,NA,3,73
140,141,"speed_h_range",659.5,1,NA,3,74
142,143,"speed_v_range",2889,1,NA,3,75
144,145,"speed_h_sum",261495,1,NA,3,76
146,147,"speed_h_sum",374678.5,1,NA,3,77
148,149,"speed_h_sum",272992,1,NA,3,78
150,151,"speed_h_sum",226674.5,1,NA,3,79
152,153,"speed_v_sum",54866,1,NA,3,80
154,155,"acc_range",0.9085887109314233,1,NA,3,81
156,157,"acc_sum",12.018053896011079,1,NA,3,82
0,0,NA,0,-1,"flight",3,83
0,0,NA,0,-1,"plane",3,84
158,159,"speed_h_range",124.5,1,NA,3,85
160,161,"speed_v_range",1865.5,1,NA,3,86
162,163,"acc_sum",9.103489173527262,1,NA,3,87
164,165,"acc_sum",9.179249845966464,1,NA,3,88
166,167,"speed_v_range",3272.5,1,NA,3,89
168,169,"acc_sum",7.154063465531955,1,NA,3,90
170,171,"speed_v_sum",281947.5,1,NA,3,91
172,173,"speed_h_sum",398137,1,NA,3,92
174,175,"speed_v_range",1965,1,NA,3,93
176,177,"speed_v_sum",10298,1,NA,3,94
178,179,"speed_h_range",2246.5,1,NA,3,95
180,181,"acc_sum",7.275475552933621,1,NA,3,96
182,183,"speed_h_sum",164850,1,NA,3,97
184,185,"acc_sum",22.297219269101014,1,NA,3,98
186,187,"acc_sum",7.174014923483456,1,NA,3,99
188,189,"acc_range",0.30615367373742375,1,NA,3,100
190,191,"speed_h_sum",127772.5,1,NA,3,101
192,193,"speed_h_range",1063,1,NA,3,102
194,195,"speed_v_sum",-22848,1,NA,3,103
196,197,"speed_h_range",2737.5,1,NA,3,104
198,199,"heading_range",973653.5,1,NA,3,105
0,0,NA,0,-1,"canopy",3,106
0,0,NA,0,-1,"canopy",3,107
0,0,NA,0,-1,"flight",3,108
0,0,NA,0,-1,"recovery_arc",3,109
0,0,NA,0,-1,"canopy",3,110
0,0,NA,0,-1,"plane",3,111
0,0,NA,0,-1,"freefall",3,112
0,0,NA,0,-1,"flight",3,113
0,0,NA,0,-1,"plane",3,114
0,0,NA,0,-1,"plane",3,115
0,0,NA,0,-1,"plane",3,116
0,0,NA,0,-1,"flight",3,117
0,0,NA,0,-1,"flight",3,118
0,0,NA,0,-1,"freefall",3,119
0,0,NA,0,-1,"plane",3,120
0,0,NA,0,-1,"flight",3,121
0,0,NA,0,-1,"plane",3,122
0,0,NA,0,-1,"freefall",3,123
0,0,NA,0,-1,"plane",3,124
0,0,NA,0,-1,"maneuver",3,125
0,0,NA,0,-1,"landing",3,126
0,0,NA,0,-1,"maneuver",3,127
0,0,NA,0,-1,"canopy",3,128
0,0,NA,0,-1,"maneuver",3,129
0,0,NA,0,-1,"landing",3,130
0,0,NA,0,-1,"landing",3,131
0,0,NA,0,-1,"freefall",3,132
0,0,NA,0,-1,"plane",3,133
0,0,NA,0,-1,"plane",3,134
0,0,NA,0,-1,"plane",3,135
0,0,NA,0,-1,"plane",3,136
0,0,NA,0,-1,"plane",3,137
0,0,NA,0,-1,"canopy",3,138
0,0,NA,0,-1,"plane",3,139
0,0,NA,0,-1,"canopy",3,140
0,0,NA,0,-1,"canopy",3,141
0,0,NA,0,-1,"plane",3,142
0,0,NA,0,-1,"plane",3,143
0,0,NA,0,-1,"canopy",3,144
0,0,NA,0,-1,"plane",3,145
0,0,NA,0,-1,"canopy",3,146
0,0,NA,0,-1,"plane",3,147
0,0,NA,0,-1,"canopy",3,148
0,0,NA,0,-1,"plane",3,149
0,0,NA,0,-1,"canopy",3,150
0,0,NA,0,-1,"flight",3,151
0,0,NA,0,-1,"plane",3,152
0,0,NA,0,-1,"canopy",3,153
0,0,NA,0,-1,"flight",3,154
0,0,NA,0,-1,"flight",3,155
0,0,NA,0,-1,"canopy",3,156
0,0,NA,0,-1,"canopy",3,157
0,0,NA,0,-1,"flight",3,158
0,0,NA,0,-1,"flight",3,159
0,0,NA,0,-1,"canopy",3,160
0,0,NA,0,-1,"freefall",3,161
0,0,NA,0,-1,"freefall",3,162
0,0,NA,0,-1,"canopy",3,163
0,0,NA,0,-1,"flight",3,164
0,0,NA,0,-1,"plane",3,165
0,0,NA,0,-1,"flight",3,166
0,0,NA,0,-1,"freefall",3,167
0,0,NA,0,-1,"plane",3,168
0,0,NA,0,-1,"canopy",3,169
0,0,NA,0,-1,"freefall",3,170
0,0,NA,0,-1,"freefall",3,171
0,0,NA,0,-1,"canopy",3,172
0,0,NA,0,-1,"plane",3,173
0,0,NA,0,-1,"flight",3,174
0,0,NA,0,-1,"flight",3,175
0,0,NA,0,-1,"landing",3,176
0,0,NA,0,-1,"canopy",3,177
0,0,NA,0,-1,"canopy",3,178
0,0,NA,0,-1,"landing",3,179
0,0,NA,0,-1,"maneuver",3,180
0,0,NA,0,-1,"landing",3,181
0,0,NA,0,-1,"canopy",3,182
0,0,NA,0,-1,"canopy",3,183
0,0,NA,0,-1,"recovery_arc",3,184
0,0,NA,0,-1,"freefall",3,185
0,0,NA,0,-1,"freefall",3,186
0,0,NA,0,-1,"flight",3,187
0,0,NA,0,-1,"recovery_arc",3,188
0,0,NA,0,-1,"flight",3,189
0,0,NA,0,-1,"recovery_arc",3,190
0,0,NA,0,-1,"recovery_arc",3,191
0,0,NA,0,-1,"maneuver",3,192
0,0,NA,0,-1,"maneuver",3,193
0,0,NA,0,-1,"maneuver",3,194
0,0,NA,0,-1,"canopy",3,195
0,0,NA,0,-1,"landing",3,196
0,0,NA,0,-1,"landing",3,197
0,0,NA,0,-1,"canopy",3,198
0,0,NA,0,-1,"landing",3,199
2,3,"speed_h_sum",275984,1,NA,4,1
4,5,"speed_v_sum",205248.5,1,NA,4,2
6,7,"speed_v_sum",136441,1,NA,4,3
8,9,"speed_v_sum",15814.5,1,NA,4,4
10,11,"acc_sum",13.267584385463485,1,NA,4,5
12,13,"speed_v_sum",86936.5,1,NA,4,6
14,15,"speed_h_sum",454630,1,NA,4,7
16,17,"speed_v_range",492,1,NA,4,8
18,19,"speed_h_range",1196.5,1,NA,4,9
20,21,"acc_sum",8.699238285568741,1,NA,4,10
22,23,"acc_sum",19.678584311973413,1,NA,4,11
24,25,"speed_v_sum",53650,1,NA,4,12
26,27,"speed_h_range",793,1,NA,4,13
28,29,"speed_v_range",3237,1,NA,4,14
30,31,"acc_range",0.15174992976876184,1,NA,4,15
32,33,"speed_v_sum",5113,1,NA,4,16
34,35,"speed_h_sum",84104,1,NA,4,17
36,37,"acc_range",0.2868607354368067,1,NA,4,18
38,39,"speed_h_range",3644,1,NA,4,19
40,41,"speed_v_range",1725.5,1,NA,4,20
42,43,"speed_h_range",1466.5,1,NA,4,21
44,45,"acc_sum",15.069003506306764,1,NA,4,22
46,47,"acc_range",0.9535551486175042,1,NA,4,23
48,49,"speed_v_range",4840,1,NA,4,24
50,51,"heading_range",442157,1,NA,4,25
52,53,"speed_v_range",677,1,NA,4,26
54,55,"speed_h_range",2942.5,1,NA,4,27
56,57,"speed_h_range",73.5,1,NA,4,28
58,59,"acc_sum",12.231561484145615,1,NA,4,29
60,61,"acc_sum",11.356061100511834,1,NA,4,30
62,63,"speed_h_range",273.5,1,NA,4,31
64,65,"acc_range",0.34199854944122043,1,NA,4,32
66,67,"heading_range",71258.5,1,NA,4,33
68,69,"speed_v_sum",-19364.5,1,NA,4,34
70,71,"acc_sum",8.20731972488911,1,NA,4,35
72,73,"speed_h_sum",203134.5,1,NA,4,36
74,75,"speed_v_sum",62716.5,1,NA,4,37
76,77,"acc_sum",8.384128328487147,1,NA,4,38
78,79,"acc_sum",16.80355644513919,1,NA,4,39
80,81,"speed_v_sum",255467,1,NA,4,40
82,83,"speed_h_range",2683,1,NA,4,41
84,85,"speed_v_sum",254454.5,1,NA,4,42
86,87,"speed_v_sum",345189.5,1,NA,4,43
88,89,"heading_range",1045933,1,NA,4,44
90,91,"speed_h_sum",140496,1,NA,4,45
92,93,"heading_range",1853200,1,NA,4,46
94,95,"speed_v_range",3398.5,1,NA,4,47
96,97,"acc_range",0.6478394106972933,1,NA,4,48
98,99,"heading_range",342734.5,1,NA,4,49
100,101,"speed_v_sum",53654.5,1,NA,4,50
102,103,"speed_v_range",1789,1,NA,4,51
0,0,NA,0,-1,"canopy",4,52
104,105,"heading_range",483338,1,NA,4,53
106,107,"speed_v_range",3392,1,NA,4,54
108,109,"acc_sum",9.625201903131918,1,NA,4,55
110,111,"speed_h_sum",386413.5,1,NA,4,56
112,113,"speed_h_range",1037.5,1,NA,4,57
114,115,"speed_v_sum",262233.5,1,NA,4,58
116,117,"speed_v_range",7157,1,NA,4,59
0,0,NA,0,-1,"plane",4,60
0,0,NA,0,-1,"opening",4,61
0,0,NA,0,-1,"flight",4,62
118,119,"speed_v_range",937.5,1,NA,4,63
120,121,"speed_v_sum",646.5,1,NA,4,64
0,0,NA,0,-1,"landing",4,65
0,0,NA,0,-1,"plane",4,66
0,0,NA,0,-1,"canopy",4,67
0,0,NA,0,-1,"plane",4,68
0,0,NA,0,-1,"landing",4,69
122,123,"speed_h_sum",161490,1,NA,4,70
124,125,"acc_sum",16.339344099375253,1,NA,4,71
126,127,"speed_v_range",1876,1,NA,4,72
128,129,"heading_range",443524,1,NA,4,73
130,131,"acc_sum",11.809801318251385,1,NA,4,74
132,133,"speed_v_range",888.5,1,NA,4,75
134,135,"speed_v_range",2302,1,NA,4,76
136,137,"heading_range",620072,1,NA,4,77
138,139,"heading_range",1356570,1,NA,4,78
140,141,"speed_h_range",5890.5,1,NA,4,79
0,0,NA,0,-1,"freefall",4,80
0,0,NA,0,-1,"flight",4,81
142,143,"speed_v_sum",346830,1,NA,4,82
144,145,"speed_h_sum",258566,1,NA,4,83
146,147,"speed_v_sum",216029,1,NA,4,84
148,149,"speed_h_sum",164890.5,1,NA,4,85
150,151,"speed_v_range",5218,1,NA,4,86
152,153,"speed_h_sum",203771,1,NA,4,87
154,155,"heading_range",219491.5,1,NA,4,88
0,0,NA,0,-1,"recovery_arc",4,89
156,157,"speed_h_range",3139,1,NA,4,90
158,159,"heading_range",1128617,1,NA,4,91
160,161,"speed_h_range",2451.5,1,NA,4,92
162,163,"speed_h_sum",105608.5,1,NA,4,93
164,165,"speed_h_sum",198060,1,NA,4,94
166,167,"heading_range",852111.5,1,NA,4,95
168,169,"acc_sum",10.95227332735611,1,NA,4,96
170,171,"speed_h_range",3509,1,NA,4,97
172,173,"speed_v_sum",49556,1,NA,4,98
174,175,"speed_v_range",4854,1,NA,4,99
0,0,NA,0,-1,"canopy",4,100
176,177,"speed_h_sum",396743,1,NA,4,101
178,179,"speed_v_range",968,1,NA,4,102
180,181,"speed_v_sum",82110,1,NA,4,103
0,0,NA,0,-1,"canopy",4,104
0,0,NA,0,-1,"maneuver",4,105
182,183,"speed_h_sum",409388,1,NA,4,106
184,185,"speed_h_sum",432675,1,NA,4,107
0,0,NA,0,-1,"freefall",4,108
0,0,NA,0,-1,"plane",4,109
0,0,NA,0,-1,"freefall",4,110
0,0,NA,0,-1,"plane",4,111
186,187,"speed_v_sum",216124,1,NA,4,112
188,189,"acc_range",2.817642925988931,1,NA,4,113
190,191,"speed_h_range",6266,1,NA,4,114
192,193,"heading_range",279573.5,1,NA,4,115
194,195,"speed_h_sum",443716,1,NA,4,116
0,0,NA,0,-1,"plane",4,117
196,197,"speed_v_sum",283758,1,NA,4,118
198,199,"speed_v_range",1048,1,NA,4,119
0,0,NA,0,-1,"plane",4,120
0,0,NA,0,-1,"landing",4,121
0,0,NA,0,-1,"maneuver",4,122
0,0,NA,0,-1,"plane",4,123
0,0,NA,0,-1,"landing",4,124
0,0,NA,0,-1,"maneuver",4,125
0,0,NA,0,-1,"canopy",4,126
0,0,NA,0,-1,"canopy",4,127
0,0,NA,0,-1,"canopy",4,128
0,0,NA,0,-1,"canopy",4,129
0,0,NA,0,-1,"canopy",4,130
0,0,NA,0,-1,"canopy",4,131
0,0,NA,0,-1,"canopy",4,132
0,0,NA,0,-1,"canopy",4,133
0,0,NA,0,-1,"recovery_arc",4,134
0,0,NA,0,-1,"maneuver",4,135
0,0,NA,0,-1,"canopy",4,136
0,0,NA,0,-1,"canopy",4,137
0,0,NA,0,-1,"landing",4,138
0,0,NA,0,-1,"landing",4,139
0,0,NA,0,-1,"canopy",4,140
0,0,NA,0,-1,"opening",4,141
0,0,NA,0,-1,"freefall",4,142
0,0,NA,0,-1,"freefall",4,143
0,0,NA,0,-1,"flight",4,144
0,0,NA,0,-1,"freefall",4,145
0,0,NA,0,-1,"recovery_arc",4,146
0,0,NA,0,-1,"freefall",4,147
0,0,NA,0,-1,"freefall",4,148
0,0,NA,0,-1,"flight",4,149
0,0,NA,0,-1,"flight",4,150
0,0,NA,0,-1,"recovery_arc",4,151
0,0,NA,0,-1,"freefall",4,152
0,0,NA,0,-1,"flight",4,153
0,0,NA,0,-1,"freefall",4,154
0,0,NA,0,-1,"flight",4,155
0,0,NA,0,-1,"freefall",4,156
0,0,NA,0,-1,"recovery_arc",4,157
0,0,NA,0,-1,"flight",4,158
0,0,NA,0,-1,"recovery_arc",4,159
0,0,NA,0,-1,"freefall",4,160
0,0,NA,0,-1,"recovery_arc",4,161
0,0,NA,0,-1,"recovery_arc",4,162
0,0,NA,0,-1,"recovery_arc",4,163
0,0,NA,0,-1,"freefall",4,164
0,0,NA,0,-1,"flight",4,165
0,0,NA,0,-1,"opening",4,166
0,0,NA,0,-1,"opening",4,167
0,0,NA,0,-1,"plane",4,168
0,0,NA,0,-1,"plane",4,169
0,0,NA,0,-1,"plane",4,170
0,0,NA,0,-1,"freefall",4,171
0,0,NA,0,-1,"plane",4,172
0,0,NA,0,-1,"plane",4,173
0,0,NA,0,-1,"freefall",4,174
0,0,NA,0,-1,"plane",4,175
0,0,NA,0,-1,"canopy",4,176
0,0,NA,0,-1,"plane",4,177
0,0,NA,0,-1,"canopy",4,178
0,0,NA,0,-1,"canopy",4,179
0,0,NA,0,-1,"plane",4,180
0,0,NA,0,-1,"freefall",4,181
0,0,NA,0,-1,"canopy",4,182
0,0,NA,0,-1,"plane",4,183
0,0,NA,0,-1,"plane",4,184
0,0,NA,0,-1,"plane",4,185
0,0,NA,0,-1,"flight",4,186
0,0,NA,0,-1,"flight",4,187
0,0,NA,0,-1,"flight",4,188
0,0,NA,0,-1,"opening",4,189
0,0,NA,0,-1,"freefall",4,190
0,0,NA,0,-1,"plane",4,191
0,0,NA,0,-1,"flight",4,192
0,0,NA,0,-1,"freefall",4,193
0,0,NA,0,-1,"flight",4,194
0,0,NA,0,-1,"opening",4,195
0,0,NA,0,-1,"flight",4,196
0,0,NA,0,-1,"opening",4,197
0,0,NA,0,-1,"opening",4,198
0,0,NA,0,-1,"opening",4,199
2,3,"acc_sum",11.840176895549828,1,NA,5,1
4,5,"speed_v_range",359.5,1,NA,5,2
6,7,"acc_range",0.15516878671977696,1,NA,5,3
8,9,"speed_h_sum",275981.5,1,NA,5,4
10,11,"speed_v_sum",45617.5,1,NA,5,5
12,13,"acc_range",0.08421108154018808,1,NA,5,6
14,15,"heading_range",409119.5,1,NA,5,7
16,17,"speed_h_sum",203117,1,NA,5,8
18,19,"acc_range",0.31473917160169734,1,NA,5,9
20,21,"speed_h_sum",272650,1,NA,5,10
22,23,"acc_sum",8.38923975495343,1,NA,5,11
24,25,"speed_v_sum",68806,1,NA,5,12
26,27,"speed_h_range",273.5,1,NA,5,13
28,29,"acc_range",0.2859044923930115,1,NA,5,14
30,31,"speed_h_sum",281419,1,NA,5,15
32,33,"acc_sum",6.528518490039696,1,NA,5,16
34,35,"speed_h_sum",243413.5,1,NA,5,17
36,37,"acc_range",0.20184578176477092,1,NA,5,18
38,39,"speed_v_sum",114398,1,NA,5,19
40,41,"heading_range",1108718,1,NA,5,20
42,43,"speed_h_sum",497893.5,1,NA,5,21
44,45,"speed_v_sum",142412.5,1,NA,5,22
46,47,"heading_range",461842,1,NA,5,23
48,49,"speed_v_sum",65106.5,1,NA,5,24
50,51,"speed_v_range",224,1,NA,5,25
52,53,"speed_v_sum",36590,1,NA,5,26
54,55,"speed_v_sum",61251,1,NA,5,27
56,57,"speed_h_range",479,1,NA,5,28
58,59,"heading_range",62938,1,NA,5,29
60,61,"acc_range",0.33424671017008933,1,NA,5,30
62,63,"speed_h_range",469,1,NA,5,31
0,0,NA,0,-1,"plane",5,32
64,65,"acc_range",0.34730345642150273,1,NA,5,33
66,67,"acc_sum",10.429953634069335,1,NA,5,34
68,69,"acc_sum",11.748168613690908,1,NA,5,35
70,71,"heading_range",355573.5,1,NA,5,36
72,73,"acc_range",0.254844732369545,1,NA,5,37
74,75,"speed_v_range",222,1,NA,5,38
76,77,"speed_h_range",343.5,1,NA,5,39
78,79,"speed_h_range",1261,1,NA,5,40
80,81,"acc_range",0.2355055175133059,1,NA,5,41
82,83,"acc_sum",10.944921059965857,1,NA,5,42
0,0,NA,0,-1,"plane",5,43
84,85,"speed_h_sum",239776,1,NA,5,44
86,87,"speed_v_range",1983.5,1,NA,5,45
88,89,"speed_h_range",939.5,1,NA,5,46
90,91,"heading_range",645687.5,1,NA,5,47
92,93,"acc_range",0.08261712787398379,1,NA,5,48
94,95,"speed_h_sum",459114.5,1,NA,5,49
0,0,NA,0,-1,"flight",5,50
96,97,"acc_sum",11.92641470984303,1,NA,5,51
0,0,NA,0,-1,"plane",5,52
98,99,"speed_h_sum",269814,1,NA,5,53
100,101,"speed_h_sum",331538,1,NA,5,54
102,103,"speed_h_range",391.5,1,NA,5,55
104,105,"speed_h_range",297.5,1,NA,5,56
106,107,"speed_h_sum",430522,1,NA,5,57
108,109,"acc_range",0.3702415356618367,1,NA,5,58
110,111,"speed_h_sum",293431.5,1,NA,5,59
112,113,"speed_v_sum",198837,1,NA,5,60
114,115,"speed_h_sum",75216.5,1,NA,5,61
116,117,"speed_v_sum",340324.5,1,NA,5,62
118,119,"acc_range",0.27269848687876264,1,NA,5,63
120,121,"speed_h_sum",148435.5,1,NA,5,64
122,123,"acc_sum",10.742133608863274,1,NA,5,65
124,125,"speed_v_sum",179084.5,1,NA,5,66
126,127,"speed_h_range",432.5,1,NA,5,67
128,129,"speed_v_sum",194464.5,1,NA,5,68
0,0,NA,0,-1,"maneuver",5,69
130,131,"speed_h_sum",279569.5,1,NA,5,70
132,133,"speed_h_sum",323088,1,NA,5,71
134,135,"speed_h_sum",469927.5,1,NA,5,72
136,137,"speed_h_range",169.5,1,NA,5,73
0,0,NA,0,-1,"canopy",5,74
138,139,"speed_h_sum",488131,1,NA,5,75
140,141,"speed_v_sum",217243.5,1,NA,5,76
142,143,"heading_range",150775,1,NA,5,77
144,145,"speed_v_range",1361.5,1,NA,5,78
146,147,"acc_sum",7.368420006720048,1,NA,5,79
0,0,NA,0,-1,"canopy",5,80
0,0,NA,0,-1,"landing",5,81
148,149,"speed_v_sum",39526,1,NA,5,82
150,151,"acc_range",0.6463291547958836,1,NA,5,83
152,153,"speed_v_sum",75353.5,1,NA,5,84
154,155,"speed_h_range",4175,1,NA,5,85
156,157,"acc_sum",7.873152732319781,1,NA,5,86
158,159,"speed_h_range",1385,1,NA,5,87
160,161,"speed_h_sum",281689.5,1,NA,5,88
162,163,"speed_v_range",680.5,1,NA,5,89
164,165,"speed_h_sum",277109.5,1,NA,5,90
166,167,"speed_v_range",1747,1,NA,5,91
0,0,NA,0,-1,"plane",5,92
168,169,"speed_v_sum",40824.5,1,NA,5,93
0,0,NA,0,-1,"maneuver",5,94
0,0,NA,0,-1,"plane",5,95
170,171,"speed_h_sum",355701,1,NA,5,96
172,173,"speed_h_sum",260745.5,1,NA,5,97
174,175,"speed_v_range",1881.5,1,NA,5,98
176,177,"speed_v_sum",165863.5,1,NA,5,99
178,179,"speed_v_range",1522,1,NA,5,100
180,181,"speed_h_range",551,1,NA,5,101
182,183,"speed_h_sum",310275.5,1,NA,5,102
184,185,"speed_h_sum",309639.5,1,NA,5,103
186,187,"heading_range",49628,1,NA,5,104
188,189,"speed_v_sum",156662,1,NA,5,105
190,191,"heading_range",239577.5,1,NA,5,106
192,193,"speed_h_range",494,1,NA,5,107
194,195,"speed_v_sum",192137,1,NA,5,108
196,197,"speed_v_range",2096.5,1,NA,5,109
198,199,"speed_h_range",975.5,1,NA,5,110
0,0,NA,0,-1,"flight",5,111
0,0,NA,0,-1,"canopy",5,112
0,0,NA,0,-1,"recovery_arc",5,113
0,0,NA,0,-1,"landing",5,114
0,0,NA,0,-1,"canopy",5,115
0,0,NA,0,-1,"flight",5,116
0,0,NA,0,-1,"freefall",5,117
0,0,NA,0,-1,"plane",5,118
0,0,NA,0,-1,"flight",5,119
0,0,NA,0,-1,"canopy",5,120
0,0,NA,0,-1,"canopy",5,121
0,0,NA,0,-1,"canopy",5,122
0,0,NA,0,-1,"canopy",5,123
0,0,NA,0,-1,"canopy",5,124
0,0,NA,0,-1,"flight",5,125
0,0,NA,0,-1,"canopy",5,126
0,0,NA,0,-1,"canopy",5,127
0,0,NA,0,-1,"canopy",5,128
0,0,NA,0,-1,"flight",5,129
0,0,NA,0,-1,"plane",5,130
0,0,NA,0,-1,"plane",5,131
0,0,NA,0,-1,"canopy",5,132
0,0,NA,0,-1,"plane",5,133
0,0,NA,0,-1,"plane",5,134
0,0,NA,0,-1,"plane",5,135
0,0,NA,0,-1,"flight",5,136
0,0,NA,0,-1,"plane",5,137
0,0,NA,0,-1,"plane",5,138
0,0,NA,0,-1,"plane",5,139
0,0,NA,0,-1,"flight",5,140
0,0,NA,0,-1,"flight",5,141
0,0,NA,0,-1,"flight",5,142
0,0,NA,0,-1,"flight",5,143
0,0,NA,0,-1,"canopy",5,144
0,0,NA,0,-1,"maneuver",5,145
0,0,NA,0,-1,"maneuver",5,146
0,0,NA,0,-1,"landing",5,147
0,0,NA,0,-1,"plane",5,148
0,0,NA,0,-1,"plane",5,149
0,0,NA,0,-1,"plane",5,150
0,0,NA,0,-1,"plane",5,151
0,0,NA,0,-1,"maneuver",5,152
0,0,NA,0,-1,"canopy",5,153
0,0,NA,0,-1,"plane",5,154
0,0,NA,0,-1,"freefall",5,155
0,0,NA,0,-1,"freefall",5,156
0,0,NA,0,-1,"flight",5,157
0,0,NA,0,-1,"flight",5,158
0,0,NA,0,-1,"freefall",5,159
0,0,NA,0,-1,"canopy",5,160
0,0,NA,0,-1,"flight",5,161
0,0,NA,0,-1,"flight",5,162
0,0,NA,0,-1,"plane",5,163
0,0,NA,0,-1,"canopy",5,164
0,0,NA,0,-1,"flight",5,165
0,0,NA,0,-1,"canopy",5,166
0,0,NA,0,-1,"canopy",5,167
0,0,NA,0,-1,"plane",5,168
0,0,NA,0,-1,"canopy",5,169
0,0,NA,0,-1,"canopy",5,170
0,0,NA,0,-1,"plane",5,171
0,0,NA,0,-1,"canopy",5,172
0,0,NA,0,-1,"plane",5,173
0,0,NA,0,-1,"canopy",5,174
0,0,NA,0,-1,"maneuver",5,175
0,0,NA,0,-1,"maneuver",5,176
0,0,NA,0,-1,"flight",5,177
0,0,NA,0,-1,"canopy",5,178
0,0,NA,0,-1,"landing",5,179
0,0,NA,0,-1,"plane",5,180
0,0,NA,0,-1,"plane",5,181
0,0,NA,0,-1,"canopy",5,182
0,0,NA,0,-1,"flight",5,183
0,0,NA,0,-1,"canopy",5,184
0,0,NA,0,-1,"plane",5,185
0,0,NA,0,-1,"flight",5,186
0,0,NA,0,-1,"canopy",5,187
0,0,NA,0,-1,"canopy",5,188
0,0,NA,0,-1,"flight",5,189
0,0,NA,0,-1,"canopy",5,190
0,0,NA,0,-1,"canopy",5,191
0,0,NA,0,-1,"plane",5,192
0,0,NA,0,-1,"plane",5,193
0,0,NA,0,-1,"canopy",5,194
0,0,NA,0,-1,"flight",5,195
0,0,NA,0,-1,"flight",5,196
0,0,NA,0,-1,"flight",5,197
0,0,NA,0,-1,"canopy",5,198
0,0,NA,0,-1,"landing",5,199
2,3,"speed_h_sum",276081.5,1,NA,6,1
4,5,"speed_v_sum",206213,1,NA,6,2
6,7,"heading_range",309895.5,1,NA,6,3
8,9,"speed_h_sum",21588,1,NA,6,4
10,11,"heading_range",1117443.5,1,NA,6,5
12,13,"acc_range",0.3148301077767916,1,NA,6,6
14,15,"speed_v_sum",162001.5,1,NA,6,7
16,17,"speed_h_range",338,1,NA,6,8
18,19,"speed_v_range",1462.5,1,NA,6,9
20,21,"speed_v_sum",310682,1,NA,6,10
22,23,"speed_h_sum",112141.5,1,NA,6,11
24,25,"speed_v_sum",132651.5,1,NA,6,12
26,27,"speed_v_range",653.5,1,NA,6,13
28,29,"speed_v_sum",65539,1,NA,6,14
30,31,"speed_v_sum",341782,1,NA,6,15
32,33,"speed_v_sum",28547,1,NA,6,16
34,35,"speed_v_sum",34067.5,1,NA,6,17
36,37,"speed_v_sum",6819.5,1,NA,6,18
38,39,"speed_h_sum",76506.5,1,NA,6,19
40,41,"acc_sum",8.678082732766956,1,NA,6,20
42,43,"speed_h_sum",222379.5,1,NA,6,21
44,45,"acc_range",0.6193794163667758,1,NA,6,22
46,47,"acc_range",0.9930962151218624,1,NA,6,23
48,49,"speed_v_sum",87214,1,NA,6,24
50,51,"acc_sum",7.913014166765519,1,NA,6,25
52,53,"speed_v_sum",134769.5,1,NA,6,26
54,55,"speed_h_sum",449054,1,NA,6,27
56,57,"acc_sum",8.83411759743106,1,NA,6,28
58,59,"speed_h_sum",298511.5,1,NA,6,29
60,61,"acc_sum",7.421175441845289,1,NA,6,30
62,63,"heading_range",386911.5,1,NA,6,31
0,0,NA,0,-1,"landing",6,32
0,0,NA,0,-1,"canopy",6,33
0,0,NA,0,-1,"landing",6,34
0,0,NA,0,-1,"canopy",6,35
64,65,"acc_sum",6.217388442942861,1,NA,6,36
66,67,"acc_range",0.440448341019731,1,NA,6,37
68,69,"speed_v_range",2106,1,NA,6,38
70,71,"acc_sum",6.449243904185746,1,NA,6,39
72,73,"acc_range",0.6361744446999432,1,NA,6,40
74,75,"speed_v_range",4330.5,1,NA,6,41
76,77,"speed_h_sum",111988.5,1,NA,6,42
78,79,"speed_v_sum",322553,1,NA,6,43
80,81,"speed_v_range",6031,1,NA,6,44
82,83,"speed_v_range",5782,1,NA,6,45
84,85,"speed_h_range",1116.5,1,NA,6,46
86,87,"speed_v_range",6967,1,NA,6,47
88,89,"acc_range",0.30364848436334924,1,NA,6,48
90,91,"speed_v_range",1174,1,NA,6,49
92,93,"speed_h_range",2268.5,1,NA,6,50
94,95,"acc_range",0.08460124191912133,1,NA,6,51
96,97,"heading_range",126874.5,1,NA,6,52
98,99,"speed_v_sum",217456,1,NA,6,53
100,101,"speed_v_sum",135985,1,NA,6,54
102,103,"speed_v_range",2885,1,NA,6,55
104,105,"speed_v_range",5729.5,1,NA,6,56
106,107,"speed_h_range",4994.5,1,NA,6,57
108,109,"speed_v_sum",106666,1,NA,6,58
110,111,"acc_sum",10.102879200073755,1,NA,6,59
112,113,"speed_h_sum",313116.5,1,NA,6,60
114,115,"speed_v_range",3445,1,NA,6,61
116,117,"speed_v_sum",366016,1,NA,6,62
118,119,"speed_v_range",2952.5,1,NA,6,63
0,0,NA,0,-1,"plane",6,64
120,121,"speed_h_sum",252646,1,NA,6,65
122,123,"speed_v_sum",142878.5,1,NA,6,66
124,125,"acc_sum",12.086952136713556,1,NA,6,67
126,127,"speed_v_sum",28518,1,NA,6,68
128,129,"speed_h_range",3041,1,NA,6,69
130,131,"heading_range",174753.5,1,NA,6,70
132,133,"speed_v_sum",32397,1,NA,6,71
134,135,"heading_range",53757.5,1,NA,6,72
0,0,NA,0,-1,"flight",6,73
136,137,"speed_v_range",3151,1,NA,6,74
138,139,"speed_h_range",1851,1,NA,6,75
140,141,"speed_v_sum",379318.5,1,NA,6,76
142,143,"speed_h_range",1224,1,NA,6,77
144,145,"acc_range",0.5502834238345571,1,NA,6,78
0,0,NA,0,-1,"flight",6,79
0,0,NA,0,-1,"recovery_arc",6,80
146,147,"speed_v_sum",270613.5,1,NA,6,81
148,149,"speed_v_range",2984,1,NA,6,82
150,151,"heading_range",2829136,1,NA,6,83
152,153,"speed_v_range",1111,1,NA,6,84
154,155,"speed_h_range",4162,1,NA,6,85
0,0,NA,0,-1,"opening",6,86
0,0,NA,0,-1,"recovery_arc",6,87
156,157,"speed_v_sum",53536.5,1,NA,6,88
158,159,"acc_sum",11.033887644695476,1,NA,6,89
160,161,"speed_h_sum",461627.5,1,NA,6,90
162,163,"speed_h_sum",464563.5,1,NA,6,91
164,165,"acc_range",0.18072405640555203,1,NA,6,92
0,0,NA,0,-1,"freefall",6,93
166,167,"speed_v_range",224.5,1,NA,6,94
168,169,"acc_sum",11.865562136842993,1,NA,6,95
170,171,"speed_h_sum",290065.5,1,NA,6,96
172,173,"speed_v_sum",48914,1,NA,6,97
174,175,"speed_h_sum",378166.5,1,NA,6,98
176,177,"heading_range",22161.5,1,NA,6,99
178,179,"speed_v_range",3625,1,NA,6,100
180,181,"speed_h_sum",364469,1,NA,6,101
182,183,"speed_v_sum",187981,1,NA,6,102
184,185,"acc_range",0.5162575980539679,1,NA,6,103
0,0,NA,0,-1,"plane",6,104
186,187,"acc_sum",8.789657761120367,1,NA,6,105
188,189,"speed_v_sum",64703.5,1,NA,6,106
190,191,"acc_range",0.5173357530760628,1,NA,6,107
192,193,"acc_sum",10.158698364622982,1,NA,6,108
194,195,"speed_v_sum",127233,1,NA,6,109
196,197,"speed_v_range",6095.5,1,NA,6,110
198,199,"speed_v_sum",144194,1,NA,6,111
0,0,NA,0,-1,"flight",6,112
0,0,NA,0,-1,"freefall",6,113
0,0,NA,0,-1,"flight",6,114
0,0,NA,0,-1,"freefall",6,115
0,0,NA,0,-1,"flight",6,116
0,0,NA,0,-1,"freefall",6,117
0,0,NA,0,-1,"freefall",6,118
0,0,NA,0,-1,"flight",6,119
0,0,NA,0,-1,"landing",6,120
0,0,NA,0,-1,"plane",6,121
0,0,NA,0,-1,"canopy",6,122
0,0,NA,0,-1,"canopy",6,123
0,0,NA,0,-1,"canopy",6,124
0,0,NA,0,-1,"canopy",6,125
0,0,NA,0,-1,"landing",6,126
0,0,NA,0,-1,"canopy",6,127
0,0,NA,0,-1,"landing",6,128
0,0,NA,0,-1,"landing",6,129
0,0,NA,0,-1,"recovery_arc",6,130
0,0,NA,0,-1,"maneuver",6,131
0,0,NA,0,-1,"landing",6,132
0,0,NA,0,-1,"canopy",6,133
0,0,NA,0,-1,"freefall",6,134
0,0,NA,0,-1,"freefall",6,135
0,0,NA,0,-1,"flight",6,136
0,0,NA,0,-1,"flight",6,137
0,0,NA,0,-1,"opening",6,138
0,0,NA,0,-1,"recovery_arc",6,139
0,0,NA,0,-1,"opening",6,140
0,0,NA,0,-1,"freefall",6,141
0,0,NA,0,-1,"freefall",6,142
0,0,NA,0,-1,"freefall",6,143
0,0,NA,0,-1,"flight",6,144
0,0,NA,0,-1,"freefall",6,145
0,0,NA,0,-1,"freefall",6,146
0,0,NA,0,-1,"canopy",6,147
0,0,NA,0,-1,"freefall",6,148
0,0,NA,0,-1,"freefall",6,149
0,0,NA,0,-1,"opening",6,150
0,0,NA,0,-1,"opening",6,151
0,0,NA,0,-1,"flight",6,152
0,0,NA,0,-1,"recovery_arc",6,153
0,0,NA,0,-1,"recovery_arc",6,154
0,0,NA,0,-1,"recovery_arc",6,155
0,0,NA,0,-1,"plane",6,156
0,0,NA,0,-1,"plane",6,157
0,0,NA,0,-1,"plane",6,158
0,0,NA,0,-1,"plane",6,159
0,0,NA,0,-1,"canopy",6,160
0,0,NA,0,-1,"plane",6,161
0,0,NA,0,-1,"freefall",6,162
0,0,NA,0,-1,"plane",6,163
0,0,NA,0,-1,"flight",6,164
0,0,NA,0,-1,"flight",6,165
0,0,NA,0,-1,"plane",6,166
0,0,NA,0,-1,"flight",6,167
0,0,NA,0,-1,"flight",6,168
0,0,NA,0,-1,"flight",6,169
0,0,NA,0,-1,"canopy",6,170
0,0,NA,0,-1,"plane",6,171
0,0,NA,0,-1,"plane",6,172
0,0,NA,0,-1,"canopy",6,173
0,0,NA,0,-1,"freefall",6,174
0,0,NA,0,-1,"flight",6,175
0,0,NA,0,-1,"flight",6,176
0,0,NA,0,-1,"flight",6,177
0,0,NA,0,-1,"plane",6,178
0,0,NA,0,-1,"freefall",6,179
0,0,NA,0,-1,"flight",6,180
0,0,NA,0,-1,"flight",6,181
0,0,NA,0,-1,"plane",6,182
0,0,NA,0,-1,"flight",6,183
0,0,NA,0,-1,"opening",6,184
0,0,NA,0,-1,"plane",6,185
0,0,NA,0,-1,"plane",6,186
0,0,NA,0,-1,"freefall",6,187
0,0,NA,0,-1,"plane",6,188
0,0,NA,0,-1,"plane",6,189
0,0,NA,0,-1,"plane",6,190
0,0,NA,0,-1,"freefall",6,191
0,0,NA,0,-1,"plane",6,192
0,0,NA,0,-1,"canopy",6,193
0,0,NA,0,-1,"maneuver",6,194
0,0,NA,0,-1,"canopy",6,195
0,0,NA,0,-1,"freefall",6,196
0,0,NA,0,-1,"plane",6,197
0,0,NA,0,-1,"plane",6,198
0,0,NA,0,-1,"freefall",6,199
2,3,"acc_range",0.136640236429524,1,NA,7,1
4,5,"speed_v_sum",43996,1,NA,7,2
6,7,"speed_h_sum",281180,1,NA,7,3
8,9,"speed_v_sum",36074,1,NA,7,4
10,11,"speed_v_range",459.5,1,NA,7,5
12,13,"speed_v_range",1393.5,1,NA,7,6
14,15,"speed_v_sum",135998,1,NA,7,7
16,17,"heading_range",276242.5,1,NA,7,8
18,19,"speed_h_range",294.5,1,NA,7,9
20,21,"speed_h_sum",291145.5,1,NA,7,10
22,23,"speed_h_sum",395441,1,NA,7,11
24,25,"speed_v_sum",253950.5,1,NA,7,12
26,27,"speed_v_sum",190708.5,1,NA,7,13
28,29,"acc_sum",7.973114920313581,1,NA,7,14
30,31,"speed_v_sum",214629.5,1,NA,7,15
32,33,"speed_v_sum",32144.5,1,NA,7,16
34,35,"speed_h_sum",254767,1,NA,7,17
36,37,"acc_range",0.06924361959010744,1,NA,7,18
38,39,"speed_v_range",221,1,NA,7,19
40,41,"heading_range",35986818.5,1,NA,7,20
42,43,"speed_h_sum",443059.5,1,NA,7,21
44,45,"speed_h_sum",264632,1,NA,7,22
46,47,"acc_sum",9.040845604375551,1,NA,7,23
48,49,"speed_h_sum",20937,1,NA,7,24
50,51,"speed_v_sum",370073,1,NA,7,25
52,53,"speed_h_sum",75286.5,1,NA,7,26
54,55,"speed_h_range",3090,1,NA,7,27
56,57,"speed_v_sum",84078.5,1,NA,7,28
58,59,"speed_h_range",3735,1,NA,7,29
60,61,"speed_v_range",3252.5,1,NA,7,30
62,63,"speed_v_range",2759,1,NA,7,31
64,65,"speed_h_sum",220002.5,1,NA,7,32
66,67,"acc_range",0.13427411161081215,1,NA,7,33
68,69,"heading_range",374047,1,NA,7,34
0,0,NA,0,-1,"plane",7,35
70,71,"acc_range",0.05810579125343851,1,NA,7,36
72,73,"speed_h_sum",339161,1,NA,7,37
74,75,"acc_range",0.10990934748954861,1,NA,7,38
76,77,"acc_sum",9.432174407143243,1,NA,7,39
78,79,"speed_h_sum",148545.5,1,NA,7,40
0,0,NA,0,-1,"maneuver",7,41
80,81,"acc_range",0.07067242635025539,1,NA,7,42
0,0,NA,0,-1,"plane",7,43
82,83,"heading_range",1344526,1,NA,7,44
84,85,"speed_h_sum",310204,1,NA,7,45
0,0,NA,0,-1,"flight",7,46
86,87,"acc_range",0.1250873283321678,1,NA,7,47
88,89,"speed_v_sum",27983,1,NA,7,48
90,91,"speed_h_sum",205851.5,1,NA,7,49
92,93,"heading_range",2674382.5,1,NA,7,50
94,95,"acc_range",1.0414304603470677,1,NA,7,51
96,97,"speed_v_sum",57760,1,NA,7,52
98,99,"acc_sum",6.381422332100706,1,NA,7,53
100,101,"acc_sum",8.80946146066485,1,NA,7,54
102,103,"acc_range",0.699668659382534,1,NA,7,55
104,105,"speed_v_range",6354,1,NA,7,56
106,107,"speed_h_sum",428016,1,NA,7,57
108,109,"acc_sum",16.54842428902998,1,NA,7,58
110,111,"speed_v_sum",9243,1,NA,7,59
112,113,"speed_v_range",1300.5,1,NA,7,60
114,115,"speed_h_sum",394595,1,NA,7,61
116,117,"speed_v_range",1545,1,NA,7,62
118,119,"heading_range",72563,1,NA,7,63
120,121,"acc_range",0.03878747401205945,1,NA,7,64
122,123,"speed_h_range",662.5,1,NA,7,65
124,125,"speed_h_sum",267589,1,NA,7,66
126,127,"speed_h_range",735,1,NA,7,67
128,129,"speed_v_sum",24580.5,1,NA,7,68
130,131,"heading_range",617304,1,NA,7,69
132,133,"speed_h_sum",308119.5,1,NA,7,70
134,135,"speed_h_sum",365109,1,NA,7,71
0,0,NA,0,-1,"canopy",7,72
0,0,NA,0,-1,"plane",7,73
136,137,"speed_v_sum",38215.5,1,NA,7,74
0,0,NA,0,-1,"canopy",7,75
138,139,"heading_range",100255,1,NA,7,76
140,141,"speed_v_sum",36083.5,1,NA,7,77
142,143,"heading_range",35934578,1,NA,7,78
144,145,"speed_h_range",217.5,1,NA,7,79
146,147,"speed_h_range",183.5,1,NA,7,80
148,149,"speed_v_range",103.5,1,NA,7,81
150,151,"speed_h_sum",187075,1,NA,7,82
152,153,"speed_h_range",4249.5,1,NA,7,83
154,155,"speed_v_range",586,1,NA,7,84
156,157,"heading_range",273847.5,1,NA,7,85
158,159,"speed_v_sum",255986.5,1,NA,7,86
160,161,"acc_range",0.12535984840112213,1,NA,7,87
0,0,NA,0,-1,"landing",7,88
0,0,NA,0,-1,"canopy",7,89
162,163,"speed_h_sum",153155.5,1,NA,7,90
164,165,"acc_sum",8.880207785297248,1,NA,7,91
166,167,"speed_h_sum",279967.5,1,NA,7,92
0,0,NA,0,-1,"recovery_arc",7,93
168,169,"speed_h_sum",191012,1,NA,7,94
0,0,NA,0,-1,"freefall",7,95
170,171,"heading_range",579873,1,NA,7,96
172,173,"speed_v_sum",141363.5,1,NA,7,97
174,175,"acc_range",0.23095262792807006,1,NA,7,98
176,177,"acc_range",0.3737401209909016,1,NA,7,99
178,179,"heading_range",588934,1,NA,7,100
180,181,"heading_range",1173064.5,1,NA,7,101
182,183,"acc_sum",23.949521683330985,1,NA,7,102
184,185,"acc_range",3.386513452481376,1,NA,7,103
0,0,NA,0,-1,"plane",7,104
186,187,"acc_sum",7.903168699368081,1,NA,7,105
188,189,"speed_h_range",2955.5,1,NA,7,106
0,0,NA,0,-1,"plane",7,107
190,191,"speed_v_sum",85296,1,NA,7,108
0,0,NA,0,-1,"canopy",7,109
192,193,"acc_range",0.7022781465829377,1,NA,7,110
194,195,"speed_v_range",7079.5,1,NA,7,111
196,197,"speed_v_range",231.5,1,NA,7,112
198,199,"acc_range",2.14828373733393,1,NA,7,113
0,0,NA,0,-1,"freefall",7,114
0,0,NA,0,-1,"flight",7,115
0,0,NA,0,-1,"flight",7,116
0,0,NA,0,-1,"flight",7,117
0,0,NA,0,-1,"freefall",7,118
0,0,NA,0,-1,"flight",7,119
0,0,NA,0,-1,"plane",7,120
0,0,NA,0,-1,"canopy",7,121
0,0,NA,0,-1,"plane",7,122
0,0,NA,0,-1,"plane",7,123
0,0,NA,0,-1,"canopy",7,124
0,0,NA,0,-1,"plane",7,125
0,0,NA,0,-1,"canopy",7,126
0,0,NA,0,-1,"plane",7,127
0,0,NA,0,-1,"canopy",7,128
0,0,NA,0,-1,"canopy",7,129
0,0,NA,0,-1,"landing",7,130
0,0,NA,0,-1,"canopy",7,131
0,0,NA,0,-1,"canopy",7,132
0,0,NA,0,-1,"plane",7,133
0,0,NA,0,-1,"canopy",7,134
0,0,NA,0,-1,"plane",7,135
0,0,NA,0,-1,"canopy",7,136
0,0,NA,0,-1,"plane",7,137
0,0,NA,0,-1,"plane",7,138
0,0,NA,0,-1,"canopy",7,139
0,0,NA,0,-1,"canopy",7,140
0,0,NA,0,-1,"plane",7,141
0,0,NA,0,-1,"canopy",7,142
0,0,NA,0,-1,"opening",7,143
0,0,NA,0,-1,"canopy",7,144
0,0,NA,0,-1,"canopy",7,145
0,0,NA,0,-1,"plane",7,146
0,0,NA,0,-1,"flight",7,147
0,0,NA,0,-1,"plane",7,148
0,0,NA,0,-1,"flight",7,149
0,0,NA,0,-1,"canopy",7,150
0,0,NA,0,-1,"canopy",7,151
0,0,NA,0,-1,"canopy",7,152
0,0,NA,0,-1,"opening",7,153
0,0,NA,0,-1,"canopy",7,154
0,0,NA,0,-1,"freefall",7,155
0,0,NA,0,-1,"flight",7,156
0,0,NA,0,-1,"freefall",7,157
0,0,NA,0,-1,"plane",7,158
0,0,NA,0,-1,"flight",7,159
0,0,NA,0,-1,"flight",7,160
0,0,NA,0,-1,"plane",7,161
0,0,NA,0,-1,"canopy",7,162
0,0,NA,0,-1,"canopy",7,163
0,0,NA,0,-1,"freefall",7,164
0,0,NA,0,-1,"canopy",7,165
0,0,NA,0,-1,"flight",7,166
0,0,NA,0,-1,"freefall",7,167
0,0,NA,0,-1,"freefall",7,168
0,0,NA,0,-1,"flight",7,169
0,0,NA,0,-1,"landing",7,170
0,0,NA,0,-1,"landing",7,171
0,0,NA,0,-1,"canopy",7,172
0,0,NA,0,-1,"canopy",7,173
0,0,NA,0,-1,"canopy",7,174
0,0,NA,0,-1,"maneuver",7,175
0,0,NA,0,-1,"canopy",7,176
0,0,NA,0,-1,"landing",7,177
0,0,NA,0,-1,"freefall",7,178
0,0,NA,0,-1,"flight",7,179
0,0,NA,0,-1,"freefall",7,180
0,0,NA,0,-1,"recovery_arc",7,181
0,0,NA,0,-1,"recovery_arc",7,182
0,0,NA,0,-1,"recovery_arc",7,183
0,0,NA,0,-1,"opening",7,184
0,0,NA,0,-1,"flight",7,185
0,0,NA,0,-1,"plane",7,186
0,0,NA,0,-1,"freefall",7,187
0,0,NA,0,-1,"plane",7,188
0,0,NA,0,-1,"freefall",7,189
0,0,NA,0,-1,"plane",7,190
0,0,NA,0,-1,"canopy",7,191
0,0,NA,0,-1,"plane",7,192
0,0,NA,0,-1,"freefall",7,193
0,0,NA,0,-1,"freefall",7,194
0,0,NA,0,-1,"plane",7,195
0,0,NA,0,-1,"freefall",7,196
0,0,NA,0,-1,"flight",7,197
0,0,NA,0,-1,"flight",7,198
0,0,NA,0,-1,"opening",7,199
2,3,"acc_range",0.1346973690369323,1,NA,8,1
4,5,"speed_h_sum",273241,1,NA,8,2
6,7,"heading_range",238681,1,NA,8,3
8,9,"speed_v_range",2969.5,1,NA,8,4
10,11,"speed_h_sum",275725.5,1,NA,8,5
12,13,"speed_v_range",415.5,1,NA,8,6
14,15,"speed_h_sum",280208.5,1,NA,8,7
16,17,"speed_v_sum",200726.5,1,NA,8,8
18,19,"speed_h_sum",192877,1,NA,8,9
20,21,"acc_sum",10.43069810783495,1,NA,8,10
22,23,"speed_v_sum",143276,1,NA,8,11
24,25,"heading_range",55869,1,NA,8,12
26,27,"speed_h_sum",400689,1,NA,8,13
28,29,"acc_sum",15.117804211976967,1,NA,8,14
30,31,"speed_h_range",669.5,1,NA,8,15
32,33,"acc_range",0.014637015958744226,1,NA,8,16
34,35,"speed_v_sum",247942,1,NA,8,17
36,37,"speed_v_sum",114858,1,NA,8,18
38,39,"speed_h_range",1572.5,1,NA,8,19
40,41,"speed_v_sum",858,1,NA,8,20
0,0,NA,0,-1,"canopy",8,21
42,43,"speed_h_sum",276180,1,NA,8,22
44,45,"heading_range",27792,1,NA,8,23
46,47,"speed_v_sum",38876.5,1,NA,8,24
48,49,"speed_h_range",616.5,1,NA,8,25
50,51,"speed_v_range",2101,1,NA,8,26
52,53,"acc_sum",13.228973036429217,1,NA,8,27
54,55,"acc_range",0.3738024025737869,1,NA,8,28
56,57,"speed_v_sum",220154.5,1,NA,8,29
58,59,"speed_h_sum",461561,1,NA,8,30
60,61,"speed_v_sum",108929,1,NA,8,31
0,0,NA,0,-1,"plane",8,32
62,63,"acc_sum",8.535694311197545,1,NA,8,33
64,65,"heading_range",928263.5,1,NA,8,34
66,67,"speed_h_range",1315,1,NA,8,35
0,0,NA,0,-1,"maneuver",8,36
0,0,NA,0,-1,"opening",8,37
0,0,NA,0,-1,"canopy",8,38
0,0,NA,0,-1,"freefall",8,39
0,0,NA,0,-1,"plane",8,40
0,0,NA,0,-1,"canopy",8,41
68,69,"acc_range",0.09300208414022204,1,NA,8,42
70,71,"speed_h_range",4501.5,1,NA,8,43
0,0,NA,0,-1,"plane",8,44
72,73,"speed_h_sum",435123,1,NA,8,45
0,0,NA,0,-1,"plane",8,46
74,75,"speed_v_sum",145750.5,1,NA,8,47
76,77,"speed_h_sum",288910.5,1,NA,8,48
78,79,"speed_v_range",174.5,1,NA,8,49
80,81,"speed_h_range",447.5,1,NA,8,50
82,83,"speed_h_range",1585,1,NA,8,51
84,85,"speed_h_range",235.5,1,NA,8,52
86,87,"acc_range",0.5374090974403245,1,NA,8,53
88,89,"speed_v_sum",233748,1,NA,8,54
90,91,"speed_h_sum",25201.5,1,NA,8,55
92,93,"speed_h_sum",105339,1,NA,8,56
94,95,"speed_h_range",3357.5,1,NA,8,57
96,97,"speed_v_sum",176832,1,NA,8,58
0,0,NA,0,-1,"plane",8,59
98,99,"heading_range",415195.5,1,NA,8,60
100,101,"speed_v_range",3445,1,NA,8,61
102,103,"speed_h_sum",154125.5,1,NA,8,62
104,105,"heading_range",35986818.5,1,NA,8,63
0,0,NA,0,-1,"freefall",8,64
0,0,NA,0,-1,"recovery_arc",8,65
0,0,NA,0,-1,"flight",8,66
0,0,NA,0,-1,"freefall",8,67
0,0,NA,0,-1,"plane",8,68
0,0,NA,0,-1,"canopy",8,69
106,107,"speed_h_range",639.5,1,NA,8,70
108,109,"speed_v_sum",83482,1,NA,8,71
110,111,"acc_sum",6.646710585027689,1,NA,8,72
112,113,"speed_v_sum",248634,1,NA,8,73
114,115,"speed_v_sum",65423.5,1,NA,8,74
116,117,"speed_h_sum",367962,1,NA,8,75
118,119,"acc_range",0.19070394863396495,1,NA,8,76
120,121,"speed_v_sum",123167,1,NA,8,77
122,123,"speed_v_sum",28242.5,1,NA,8,78
124,125,"speed_h_sum",381811.5,1,NA,8,79
126,127,"speed_h_sum",280255,1,NA,8,80
128,129,"acc_sum",11.155504435384746,1,NA,8,81
130,131,"speed_h_sum",276188.5,1,NA,8,82
132,133,"acc_range",0.6262284124268405,1,NA,8,83
134,135,"speed_v_sum",129603.5,1,NA,8,84
136,137,"speed_v_sum",139299.5,1,NA,8,85
138,139,"acc_sum",13.959831096991472,1,NA,8,86
140,141,"heading_range",221706,1,NA,8,87
142,143,"speed_h_sum",158144.5,1,NA,8,88
144,145,"acc_sum",7.148229115839058,1,NA,8,89
146,147,"speed_v_sum",34692.5,1,NA,8,90
148,149,"speed_v_sum",251597.5,1,NA,8,91
150,151,"speed_h_sum",58048.5,1,NA,8,92
152,153,"heading_range",684654.5,1,NA,8,93
154,155,"speed_h_sum",170544,1,NA,8,94
156,157,"acc_range",1.2067565263301303,1,NA,8,95
158,159,"acc_sum",7.974891336808542,1,NA,8,96
160,161,"heading_range",35977623.5,1,NA,8,97
162,163,"speed_h_sum",404614,1,NA,8,98
164,165,"acc_sum",12.382541952593382,1,NA,8,99
166,167,"acc_range",3.269530318619844,1,NA,8,100
168,169,"speed_v_range",8301,1,NA,8,101
170,171,"speed_v_sum",38355,1,NA,8,102
172,173,"acc_range",0.12140686261688322,1,NA,8,103
174,175,"speed_v_sum",22995.5,1,NA,8,104
0,0,NA,0,-1,"maneuver",8,105
176,177,"acc_sum",10.944817711438835,1,NA,8,106
0,0,NA,0,-1,"plane",8,107
0,0,NA,0,-1,"plane",8,108
178,179,"heading_range",195423,1,NA,8,109
180,181,"speed_v_sum",192104.5,1,NA,8,110
182,183,"speed_h_range",4980.5,1,NA,8,111
0,0,NA,0,-1,"plane",8,112
184,185,"speed_h_range",266.5,1,NA,8,113
186,187,"acc_range",0.23155166786693238,1,NA,8,114
188,189,"speed_h_sum",210652.5,1,NA,8,115
190,191,"speed_v_sum",230634.5,1,NA,8,116
0,0,NA,0,-1,"flight",8,117
192,193,"speed_h_sum",213530,1,NA,8,118
194,195,"heading_range",115469.5,1,NA,8,119
196,197,"acc_range",0.3305662340676615,1,NA,8,120
198,199,"speed_h_range",140.5,1,NA,8,121
0,0,NA,0,-1,"plane",8,122
0,0,NA,0,-1,"canopy",8,123
0,0,NA,0,-1,"canopy",8,124
0,0,NA,0,-1,"plane",8,125
0,0,NA,0,-1,"canopy",8,126
0,0,NA,0,-1,"flight",8,127
0,0,NA,0,-1,"plane",8,128
0,0,NA,0,-1,"canopy",8,129
0,0,NA,0,-1,"maneuver",8,130
0,0,NA,0,-1,"flight",8,131
0,0,NA,0,-1,"freefall",8,132
0,0,NA,0,-1,"plane",8,133
0,0,NA,0,-1,"plane",8,134
0,0,NA,0,-1,"flight",8,135
0,0,NA,0,-1,"plane",8,136
0,0,NA,0,-1,"flight",8,137
0,0,NA,0,-1,"plane",8,138
0,0,NA,0,-1,"flight",8,139
0,0,NA,0,-1,"flight",8,140
0,0,NA,0,-1,"plane",8,141
0,0,NA,0,-1,"canopy",8,142
0,0,NA,0,-1,"canopy",8,143
0,0,NA,0,-1,"freefall",8,144
0,0,NA,0,-1,"flight",8,145
0,0,NA,0,-1,"landing",8,146
0,0,NA,0,-1,"canopy",8,147
0,0,NA,0,-1,"canopy",8,148
0,0,NA,0,-1,"flight",8,149
0,0,NA,0,-1,"landing",8,150
0,0,NA,0,-1,"opening",8,151
0,0,NA,0,-1,"canopy",8,152
0,0,NA,0,-1,"canopy",8,153
0,0,NA,0,-1,"freefall",8,154
0,0,NA,0,-1,"recovery_arc",8,155
0,0,NA,0,-1,"recovery_arc",8,156
0,0,NA,0,-1,"canopy",8,157
0,0,NA,0,-1,"freefall",8,158
0,0,NA,0,-1,"plane",8,159
0,0,NA,0,-1,"flight",8,160
0,0,NA,0,-1,"opening",8,161
0,0,NA,0,-1,"plane",8,162
0,0,NA,0,-1,"plane",8,163
0,0,NA,0,-1,"plane",8,164
0,0,NA,0,-1,"plane",8,165
0,0,NA,0,-1,"flight",8,166
0,0,NA,0,-1,"opening",8,167
0,0,NA,0,-1,"freefall",8,168
0,0,NA,0,-1,"plane",8,169
0,0,NA,0,-1,"canopy",8,170
0,0,NA,0,-1,"canopy",8,171
0,0,NA,0,-1,"maneuver",8,172
0,0,NA,0,-1,"canopy",8,173
0,0,NA,0,-1,"landing",8,174
0,0,NA,0,-1,"canopy",8,175
0,0,NA,0,-1,"plane",8,176
0,0,NA,0,-1,"plane",8,177
0,0,NA,0,-1,"freefall",8,178
0,0,NA,0,-1,"plane",8,179
0,0,NA,0,-1,"freefall",8,180
0,0,NA,0,-1,"flight",8,181
0,0,NA,0,-1,"flight",8,182
0,0,NA,0,-1,"plane",8,183
0,0,NA,0,-1,"flight",8,184
0,0,NA,0,-1,"opening",8,185
0,0,NA,0,-1,"canopy",8,186
0,0,NA,0,-1,"maneuver",8,187
0,0,NA,0,-1,"canopy",8,188
0,0,NA,0,-1,"canopy",8,189
0,0,NA,0,-1,"freefall",8,190
0,0,NA,0,-1,"flight",8,191
0,0,NA,0,-1,"canopy",8,192
0,0,NA,0,-1,"canopy",8,193
0,0,NA,0,-1,"canopy",8,194
0,0,NA,0,-1,"canopy",8,195
0,0,NA,0,-1,"plane",8,196
0,0,NA,0,-1,"plane",8,197
0,0,NA,0,-1,"flight",8,198
0,0,NA,0,-1,"flight",8,199
2,3,"acc_range",0.13669974527257722,1,NA,9,1
4,5,"speed_v_sum",46742.5,1,NA,9,2
6,7,"speed_h_range",455.5,1,NA,9,3
8,9,"speed_v_sum",43420.5,1,NA,9,4
10,11,"speed_h_sum",397287.5,1,NA,9,5
12,13,"speed_v_range",390.5,1,NA,9,6
14,15,"speed_h_sum",401373.5,1,NA,9,7
16,17,"speed_v_sum",36664,1,NA,9,8
18,19,"speed_v_range",416.5,1,NA,9,9
20,21,"speed_h_sum",292850.5,1,NA,9,10
22,23,"acc_sum",12.493487370966324,1,NA,9,11
24,25,"acc_range",0.3703431517241849,1,NA,9,12
26,27,"heading_range",155778,1,NA,9,13
28,29,"speed_h_sum",255489.5,1,NA,9,14
30,31,"heading_range",340953,1,NA,9,15
32,33,"speed_v_sum",33792.5,1,NA,9,16
34,35,"speed_v_range",489,1,NA,9,17
36,37,"speed_v_sum",43955.5,1,NA,9,18
38,39,"heading_range",430630,1,NA,9,19
40,41,"acc_sum",8.702749704365633,1,NA,9,20
42,43,"speed_v_sum",139638.5,1,NA,9,21
44,45,"acc_range",0.13553768595358762,1,NA,9,22
46,47,"speed_v_sum",161367,1,NA,9,23
48,49,"speed_h_sum",285667.5,1,NA,9,24
50,51,"heading_range",76348.5,1,NA,9,25
52,53,"acc_sum",11.207616300119223,1,NA,9,26
54,55,"acc_range",0.34739465862276275,1,NA,9,27
56,57,"acc_range",0.34631727444735694,1,NA,9,28
58,59,"speed_v_range",3190,1,NA,9,29
60,61,"speed_h_sum",442176.5,1,NA,9,30
62,63,"acc_sum",11.399088224327599,1,NA,9,31
64,65,"speed_h_sum",239613,1,NA,9,32
66,67,"acc_range",0.11948885728176234,1,NA,9,33
68,69,"acc_sum",9.401651033852403,1,NA,9,34
70,71,"heading_range",299574,1,NA,9,35
72,73,"speed_h_range",310,1,NA,9,36
74,75,"speed_h_range",635.5,1,NA,9,37
76,77,"acc_sum",9.41846614111789,1,NA,9,38
78,79,"acc_range",0.03612577472910039,1,NA,9,39
80,81,"speed_h_sum",230156,1,NA,9,40
82,83,"speed_v_sum",206813,1,NA,9,41
0,0,NA,0,-1,"opening",9,42
84,85,"speed_v_sum",175633.5,1,NA,9,43
86,87,"speed_v_sum",236284,1,NA,9,44
88,89,"speed_h_sum",507076,1,NA,9,45
0,0,NA,0,-1,"plane",9,46
0,0,NA,0,-1,"flight",9,47
90,91,"speed_h_sum",147526.5,1,NA,9,48
92,93,"acc_range",0.25504467804808273,1,NA,9,49
94,95,"speed_v_sum",126590.5,1,NA,9,50
96,97,"speed_h_sum",226038.5,1,NA,9,51
98,99,"acc_range",0.3493123368988489,1,NA,9,52
100,101,"speed_v_sum",151035,1,NA,9,53
102,103,"speed_h_sum",284845.5,1,NA,9,54
104,105,"speed_v_sum",179902.5,1,NA,9,55
106,107,"speed_v_range",1761.5,1,NA,9,56
108,109,"speed_h_sum",65658.5,1,NA,9,57
110,111,"speed_h_range",1185,1,NA,9,58
112,113,"speed_v_range",6723.5,1,NA,9,59
114,115,"speed_v_sum",139391.5,1,NA,9,60
116,117,"speed_v_sum",167638,1,NA,9,61
118,119,"speed_v_sum",197448,1,NA,9,62
120,121,"speed_h_sum",468187.5,1,NA,9,63
122,123,"heading_range",43579.5,1,NA,9,64
124,125,"speed_v_sum",-24312,1,NA,9,65
126,127,"acc_sum",6.572500390304789,1,NA,9,66
128,129,"speed_h_sum",285046.5,1,NA,9,67
0,0,NA,0,-1,"canopy",9,68
130,131,"speed_h_sum",315979.5,1,NA,9,69
132,133,"acc_range",0.13565343777768735,1,NA,9,70
134,135,"speed_h_sum",275240.5,1,NA,9,71
136,137,"speed_v_sum",43912,1,NA,9,72
0,0,NA,0,-1,"plane",9,73
138,139,"speed_v_range",306,1,NA,9,74
140,141,"speed_h_sum",385429,1,NA,9,75
142,143,"speed_v_range",747.5,1,NA,9,76
144,145,"speed_h_sum",312684.5,1,NA,9,77
0,0,NA,0,-1,"plane",9,78
0,0,NA,0,-1,"canopy",9,79
146,147,"heading_range",576047.5,1,NA,9,80
0,0,NA,0,-1,"freefall",9,81
148,149,"speed_v_sum",138251,1,NA,9,82
150,151,"acc_sum",13.018912195586852,1,NA,9,83
152,153,"speed_h_sum",338277.5,1,NA,9,84
0,0,NA,0,-1,"flight",9,85
0,0,NA,0,-1,"plane",9,86
154,155,"speed_v_range",1024,1,NA,9,87
0,0,NA,0,-1,"flight",9,88
0,0,NA,0,-1,"plane",9,89
156,157,"speed_v_range",251.5,1,NA,9,90
158,159,"speed_v_sum",211914,1,NA,9,91
160,161,"speed_v_sum",112284.5,1,NA,9,92
162,163,"heading_range",59684.5,1,NA,9,93
164,165,"speed_v_sum",34714.5,1,NA,9,94
166,167,"speed_h_sum",368715,1,NA,9,95
168,169,"acc_range",0.6815591894722839,1,NA,9,96
170,171,"speed_v_sum",218390,1,NA,9,97
172,173,"speed_h_range",277.5,1,NA,9,98
174,175,"acc_sum",10.013896972989382,1,NA,9,99
176,177,"speed_h_sum",322374,1,NA,9,100
178,179,"speed_h_range",196.5,1,NA,9,101
180,181,"speed_v_sum",246930,1,NA,9,102
182,183,"heading_range",239334.5,1,NA,9,103
184,185,"speed_h_sum",23632.5,1,NA,9,104
186,187,"speed_h_sum",458005.5,1,NA,9,105
188,189,"speed_h_range",1185.5,1,NA,9,106
190,191,"speed_v_sum",195981.5,1,NA,9,107
192,193,"acc_range",0.48309046905754777,1,NA,9,108
194,195,"speed_h_range",1342.5,1,NA,9,109
196,197,"speed_h_sum",296170.5,1,NA,9,110
198,199,"acc_sum",16.53738680395982,1,NA,9,111
0,0,NA,0,-1,"freefall",9,112
0,0,NA,0,-1,"plane",9,113
0,0,NA,0,-1,"plane",9,114
0,0,NA,0,-1,"flight",9,115
0,0,NA,0,-1,"plane",9,116
0,0,NA,0,-1,"flight",9,117
0,0,NA,0,-1,"plane",9,118
0,0,NA,0,-1,"flight",9,119
0,0,NA,0,-1,"flight",9,120
0,0,NA,0,-1,"plane",9,121
0,0,NA,0,-1,"plane",9,122
0,0,NA,0,-1,"canopy",9,123
0,0,NA,0,-1,"plane",9,124
0,0,NA,0,-1,"plane",9,125
0,0,NA,0,-1,"canopy",9,126
0,0,NA,0,-1,"plane",9,127
0,0,NA,0,-1,"canopy",9,128
0,0,NA,0,-1,"plane",9,129
0,0,NA,0,-1,"canopy",9,130
0,0,NA,0,-1,"plane",9,131
0,0,NA,0,-1,"plane",9,132
0,0,NA,0,-1,"canopy",9,133
0,0,NA,0,-1,"canopy",9,134
0,0,NA,0,-1,"plane",9,135
0,0,NA,0,-1,"canopy",9,136
0,0,NA,0,-1,"plane",9,137
0,0,NA,0,-1,"canopy",9,138
0,0,NA,0,-1,"canopy",9,139
0,0,NA,0,-1,"canopy",9,140
0,0,NA,0,-1,"plane",9,141
0,0,NA,0,-1,"maneuver",9,142
0,0,NA,0,-1,"canopy",9,143
0,0,NA,0,-1,"canopy",9,144
0,0,NA,0,-1,"plane",9,145
0,0,NA,0,-1,"canopy",9,146
0,0,NA,0,-1,"maneuver",9,147
0,0,NA,0,-1,"canopy",9,148
0,0,NA,0,-1,"canopy",9,149
0,0,NA,0,-1,"flight",9,150
0,0,NA,0,-1,"recovery_arc",9,151
0,0,NA,0,-1,"flight",9,152
0,0,NA,0,-1,"freefall",9,153
0,0,NA,0,-1,"flight",9,154
0,0,NA,0,-1,"opening",9,155
0,0,NA,0,-1,"canopy",9,156
0,0,NA,0,-1,"canopy",9,157
0,0,NA,0,-1,"canopy",9,158
0,0,NA,0,-1,"flight",9,159
0,0,NA,0,-1,"plane",9,160
0,0,NA,0,-1,"flight",9,161
0,0,NA,0,-1,"plane",9,162
0,0,NA,0,-1,"flight",9,163
0,0,NA,0,-1,"plane",9,164
0,0,NA,0,-1,"canopy",9,165
0,0,NA,0,-1,"flight",9,166
0,0,NA,0,-1,"flight",9,167
0,0,NA,0,-1,"canopy",9,168
0,0,NA,0,-1,"canopy",9,169
0,0,NA,0,-1,"freefall",9,170
0,0,NA,0,-1,"flight",9,171
0,0,NA,0,-1,"canopy",9,172
0,0,NA,0,-1,"plane",9,173
0,0,NA,0,-1,"flight",9,174
0,0,NA,0,-1,"flight",9,175
0,0,NA,0,-1,"canopy",9,176
0,0,NA,0,-1,"plane",9,177
0,0,NA,0,-1,"flight",9,178
0,0,NA,0,-1,"flight",9,179
0,0,NA,0,-1,"canopy",9,180
0,0,NA,0,-1,"flight",9,181
0,0,NA,0,-1,"plane",9,182
0,0,NA,0,-1,"flight",9,183
0,0,NA,0,-1,"landing",9,184
0,0,NA,0,-1,"canopy",9,185
0,0,NA,0,-1,"flight",9,186
0,0,NA,0,-1,"opening",9,187
0,0,NA,0,-1,"canopy",9,188
0,0,NA,0,-1,"canopy",9,189
0,0,NA,0,-1,"canopy",9,190
0,0,NA,0,-1,"freefall",9,191
0,0,NA,0,-1,"canopy",9,192
0,0,NA,0,-1,"landing",9,193
0,0,NA,0,-1,"canopy",9,194
0,0,NA,0,-1,"landing",9,195
0,0,NA,0,-1,"flight",9,196
0,0,NA,0,-1,"flight",9,197
0,0,NA,0,-1,"flight",9,198
0,0,NA,0,-1,"opening",9,199
2,3,"speed_h_sum",275736.5,1,NA,10,1
4,5,"speed_v_sum",208681,1,NA,10,2
6,7,"acc_sum",12.552345018680164,1,NA,10,3
8,9,"speed_h_range",1182.5,1,NA,10,4
10,11,"speed_v_range",1449.5,1,NA,10,5
12,13,"speed_h_sum",384825.5,1,NA,10,6
14,15,"speed_v_sum",136789.5,1,NA,10,7
16,17,"speed_v_sum",6234,1,NA,10,8
18,19,"speed_v_sum",28312.5,1,NA,10,9
20,21,"heading_range",1383591,1,NA,10,10
22,23,"acc_sum",13.114277585847644,1,NA,10,11
24,25,"acc_sum",11.036628325549245,1,NA,10,12
26,27,"speed_h_sum",446363,1,NA,10,13
28,29,"heading_range",445843.5,1,NA,10,14
30,31,"speed_h_sum",449671.5,1,NA,10,15
32,33,"heading_range",395200.5,1,NA,10,16
34,35,"speed_h_sum",202702.5,1,NA,10,17
36,37,"speed_h_sum",94869,1,NA,10,18
38,39,"acc_range",0.2315580853527699,1,NA,10,19
40,41,"acc_sum",17.560676555251746,1,NA,10,20
42,43,"acc_sum",24.00554441654819,1,NA,10,21
44,45,"acc_sum",7.9415440090831035,1,NA,10,22
46,47,"speed_v_sum",364373.5,1,NA,10,23
48,49,"acc_sum",9.524217603115218,1,NA,10,24
50,51,"speed_v_range",1594.5,1,NA,10,25
52,53,"acc_sum",11.565290004620499,1,NA,10,26
54,55,"speed_h_sum",454319,1,NA,10,27
56,57,"speed_v_sum",86079,1,NA,10,28
58,59,"speed_v_sum",37708,1,NA,10,29
60,61,"speed_h_range",1037.5,1,NA,10,30
62,63,"speed_v_sum",263680,1,NA,10,31
64,65,"speed_v_range",1287.5,1,NA,10,32
66,67,"speed_v_range",2987.5,1,NA,10,33
68,69,"speed_h_sum",148503,1,NA,10,34
70,71,"acc_sum",17.774928387706957,1,NA,10,35
72,73,"acc_sum",7.082216250855639,1,NA,10,36
74,75,"speed_h_range",2727.5,1,NA,10,37
76,77,"speed_h_range",3437,1,NA,10,38
78,79,"acc_sum",8.444694393519985,1,NA,10,39
80,81,"speed_v_sum",253950.5,1,NA,10,40
0,0,NA,0,-1,"freefall",10,41
0,0,NA,0,-1,"recovery_arc",10,42
0,0,NA,0,-1,"freefall",10,43
82,83,"speed_h_range",832.5,1,NA,10,44
84,85,"speed_h_sum",187625,1,NA,10,45
86,87,"heading_range",1388195.5,1,NA,10,46
88,89,"speed_h_sum",211653.5,1,NA,10,47
90,91,"speed_v_sum",89461,1,NA,10,48
92,93,"speed_v_sum",66695,1,NA,10,49
94,95,"acc_range",0.1768798542376877,1,NA,10,50
96,97,"acc_sum",11.079673660673336,1,NA,10,51
98,99,"speed_h_range",561.5,1,NA,10,52
100,101,"speed_v_range",654.5,1,NA,10,53
102,103,"acc_range",0.30897760922130457,1,NA,10,54
104,105,"acc_sum",11.950372639047195,1,NA,10,55
106,107,"speed_h_range",241,1,NA,10,56
108,109,"speed_v_range",1173.5,1,NA,10,57
110,111,"speed_v_range",3196,1,NA,10,58
112,113,"acc_range",0.24964653564392525,1,NA,10,59
114,115,"speed_h_sum",410863,1,NA,10,60
116,117,"acc_sum",16.43261011014345,1,NA,10,61
118,119,"speed_h_range",555.5,1,NA,10,62
0,0,NA,0,-1,"opening",10,63
120,121,"speed_v_sum",666,1,NA,10,64
122,123,"speed_h_range",301.5,1,NA,10,65
124,125,"heading_range",554605,1,NA,10,66
0,0,NA,0,-1,"canopy",10,67
126,127,"acc_sum",6.985100188867152,1,NA,10,68
128,129,"speed_v_range",1812.5,1,NA,10,69
130,131,"heading_range",993584.5,1,NA,10,70
132,133,"speed_h_sum",217929.5,1,NA,10,71
134,135,"speed_h_sum",76248,1,NA,10,72
0,0,NA,0,-1,"landing",10,73
136,137,"speed_v_sum",-6266,1,NA,10,74
138,139,"acc_range",0.5668667946508024,1,NA,10,75
140,141,"speed_v_range",2518,1,NA,10,76
142,143,"speed_h_range",4520,1,NA,10,77
144,145,"heading_range",131719,1,NA,10,78
146,147,"speed_h_sum",143173.5,1,NA,10,79
0,0,NA,0,-1,"freefall",10,80
148,149,"speed_h_sum",142399.5,1,NA,10,81
0,0,NA,0,-1,"flight",10,82
0,0,NA,0,-1,"freefall",10,83
0,0,NA,0,-1,"freefall",10,84
150,151,"acc_range",0.15758631973298037,1,NA,10,85
152,153,"speed_h_sum",169791.5,1,NA,10,86
154,155,"speed_v_sum",252088.5,1,NA,10,87
156,157,"acc_sum",21.76485780466122,1,NA,10,88
0,0,NA,0,-1,"flight",10,89
158,159,"speed_v_range",4371,1,NA,10,90
160,161,"speed_v_sum",230418,1,NA,10,91
162,163,"acc_range",0.11867441891742159,1,NA,10,92
164,165,"speed_v_range",3701,1,NA,10,93
166,167,"speed_v_range",225.5,1,NA,10,94
168,169,"heading_range",275997.5,1,NA,10,95
170,171,"speed_v_range",2036,1,NA,10,96
172,173,"speed_h_range",638.5,1,NA,10,97
174,175,"acc_range",0.18911685535706246,1,NA,10,98
176,177,"speed_v_sum",184896.5,1,NA,10,99
178,179,"acc_sum",11.864221058943016,1,NA,10,100
180,181,"acc_sum",11.898898751743321,1,NA,10,101
182,183,"speed_v_sum",168060,1,NA,10,102
184,185,"acc_sum",10.235485861954405,1,NA,10,103
186,187,"heading_range",193397,1,NA,10,104
188,189,"speed_v_sum",162465.5,1,NA,10,105
190,191,"speed_v_sum",61001,1,NA,10,106
192,193,"speed_v_sum",69162.5,1,NA,10,107
0,0,NA,0,-1,"plane",10,108
194,195,"speed_v_range",1858.5,1,NA,10,109
0,0,NA,0,-1,"plane",10,110
0,0,NA,0,-1,"freefall",10,111
196,197,"acc_sum",12.970111987790009,1,NA,10,112
0,0,NA,0,-1,"canopy",10,113
198,199,"speed_v_range",2739.5,1,NA,10,114
0,0,NA,0,-1,"flight",10,115
0,0,NA,0,-1,"flight",10,116
0,0,NA,0,-1,"opening",10,117
0,0,NA,0,-1,"flight",10,118
0,0,NA,0,-1,"opening",10,119
0,0,NA,0,-1,"plane",10,120
0,0,NA,0,-1,"landing",10,121
0,0,NA,0,-1,"plane",10,122
0,0,NA,0,-1,"maneuver",10,123
0,0,NA,0,-1,"landing",10,124
0,0,NA,0,-1,"landing",10,125
0,0,NA,0,-1,"maneuver",10,126
0,0,NA,0,-1,"canopy",10,127
0,0,NA,0,-1,"canopy",10,128
0,0,NA,0,-1,"canopy",10,129
0,0,NA,0,-1,"canopy",10,130
0,0,NA,0,-1,"maneuver",10,131
0,0,NA,0,-1,"maneuver",10,132
0,0,NA,0,-1,"landing",10,133
0,0,NA,0,-1,"plane",10,134
0,0,NA,0,-1,"maneuver",10,135
0,0,NA,0,-1,"canopy",10,136
0,0,NA,0,-1,"landing",10,137
0,0,NA,0,-1,"landing",10,138
0,0,NA,0,-1,"maneuver",10,139
0,0,NA,0,-1,"canopy",10,140
0,0,NA,0,-1,"maneuver",10,141
0,0,NA,0,-1,"opening",10,142
0,0,NA,0,-1,"canopy",10,143
0,0,NA,0,-1,"freefall",10,144
0,0,NA,0,-1,"maneuver",10,145
0,0,NA,0,-1,"canopy",10,146
0,0,NA,0,-1,"canopy",10,147
0,0,NA,0,-1,"freefall",10,148
0,0,NA,0,-1,"flight",10,149
0,0,NA,0,-1,"freefall",10,150
0,0,NA,0,-1,"flight",10,151
0,0,NA,0,-1,"opening",10,152
0,0,NA,0,-1,"recovery_arc",10,153
0,0,NA,0,-1,"recovery_arc",10,154
0,0,NA,0,-1,"recovery_arc",10,155
0,0,NA,0,-1,"freefall",10,156
0,0,NA,0,-1,"freefall",10,157
0,0,NA,0,-1,"plane",10,158
0,0,NA,0,-1,"plane",10,159
0,0,NA,0,-1,"freefall",10,160
0,0,NA,0,-1,"flight",10,161
0,0,NA,0,-1,"plane",10,162
0,0,NA,0,-1,"plane",10,163
0,0,NA,0,-1,"flight",10,164
0,0,NA,0,-1,"freefall",10,165
0,0,NA,0,-1,"canopy",10,166
0,0,NA,0,-1,"plane",10,167
0,0,NA,0,-1,"flight",10,168
0,0,NA,0,-1,"flight",10,169
0,0,NA,0,-1,"flight",10,170
0,0,NA,0,-1,"freefall",10,171
0,0,NA,0,-1,"flight",10,172
0,0,NA,0,-1,"plane",10,173
0,0,NA,0,-1,"plane",10,174
0,0,NA,0,-1,"flight",10,175
0,0,NA,0,-1,"plane",10,176
0,0,NA,0,-1,"flight",10,177
0,0,NA,0,-1,"flight",10,178
0,0,NA,0,-1,"flight",10,179
0,0,NA,0,-1,"plane",10,180
0,0,NA,0,-1,"flight",10,181
0,0,NA,0,-1,"plane",10,182
0,0,NA,0,-1,"flight",10,183
0,0,NA,0,-1,"plane",10,184
0,0,NA,0,-1,"flight",10,185
0,0,NA,0,-1,"plane",10,186
0,0,NA,0,-1,"plane",10,187
0,0,NA,0,-1,"plane",10,188
0,0,NA,0,-1,"opening",10,189
0,0,NA,0,-1,"plane",10,190
0,0,NA,0,-1,"canopy",10,191
0,0,NA,0,-1,"plane",10,192
0,0,NA,0,-1,"plane",10,193
0,0,NA,0,-1,"opening",10,194
0,0,NA,0,-1,"canopy",10,195
0,0,NA,0,-1,"canopy",10,196
0,0,NA,0,-1,"maneuver",10,197
0,0,NA,0,-1,"flight",10,198
0,0,NA,0,-1,"freefall",10,199
2,3,"speed_v_sum",44622.5,1,NA,11,1
4,5,"speed_h_sum",272343,1,NA,11,2
6,7,"speed_h_sum",281605,1,NA,11,3
8,9,"speed_v_range",872.5,1,NA,11,4
10,11,"speed_h_range",5557,1,NA,11,5
12,13,"speed_v_range",1796,1,NA,11,6
14,15,"speed_h_sum",461242.5,1,NA,11,7
16,17,"speed_h_range",1364.5,1,NA,11,8
18,19,"acc_range",0.6601556550222534,1,NA,11,9
20,21,"acc_sum",10.944921059965857,1,NA,11,10
22,23,"acc_sum",11.983665184580683,1,NA,11,11
24,25,"acc_range",0.28685459204281055,1,NA,11,12
26,27,"heading_range",224989.5,1,NA,11,13
28,29,"speed_v_sum",141109,1,NA,11,14
30,31,"speed_v_sum",259055,1,NA,11,15
32,33,"heading_range",964528.5,1,NA,11,16
34,35,"heading_range",287712,1,NA,11,17
36,37,"acc_sum",6.662422057883174,1,NA,11,18
38,39,"heading_range",592932.5,1,NA,11,19
40,41,"speed_v_range",3006.5,1,NA,11,20
42,43,"acc_range",0.6480949335811232,1,NA,11,21
0,0,NA,0,-1,"plane",11,22
0,0,NA,0,-1,"freefall",11,23
44,45,"speed_v_sum",199119.5,1,NA,11,24
46,47,"speed_v_range",817.5,1,NA,11,25
48,49,"acc_sum",9.640933398492521,1,NA,11,26
50,51,"speed_h_range",4505,1,NA,11,27
52,53,"speed_h_sum",398122,1,NA,11,28
54,55,"acc_sum",7.873152732319781,1,NA,11,29
0,0,NA,0,-1,"plane",11,30
0,0,NA,0,-1,"opening",11,31
56,57,"acc_sum",6.835513722229749,1,NA,11,32
58,59,"speed_h_range",307,1,NA,11,33
60,61,"speed_v_sum",17580.5,1,NA,11,34
62,63,"acc_range",0.3872821613905027,1,NA,11,35
64,65,"speed_h_sum",170282,1,NA,11,36
66,67,"speed_v_sum",26059.5,1,NA,11,37
68,69,"heading_range",440415.5,1,NA,11,38
70,71,"speed_h_sum",106678.5,1,NA,11,39
72,73,"acc_range",0.9698181405256957,1,NA,11,40
74,75,"acc_range",0.5328617586701222,1,NA,11,41
76,77,"speed_h_sum",499715.5,1,NA,11,42
78,79,"acc_range",0.6495599273296065,1,NA,11,43
80,81,"speed_h_sum",148461.5,1,NA,11,44
82,83,"acc_range",0.14899004325353438,1,NA,11,45
84,85,"acc_sum",10.32410448711196,1,NA,11,46
86,87,"speed_h_range",1210.5,1,NA,11,47
88,89,"speed_v_sum",140408.5,1,NA,11,48
90,91,"speed_v_range",3225.5,1,NA,11,49
92,93,"speed_h_sum",132144.5,1,NA,11,50
94,95,"speed_v_sum",201916,1,NA,11,51
96,97,"speed_v_sum",132865,1,NA,11,52
98,99,"speed_v_range",6063,1,NA,11,53
100,101,"speed_h_range",1716.5,1,NA,11,54
102,103,"acc_range",0.07067242635025539,1,NA,11,55
0,0,NA,0,-1,"plane",11,56
104,105,"speed_h_range",885.5,1,NA,11,57
0,0,NA,0,-1,"canopy",11,58
106,107,"heading_range",35772422.5,1,NA,11,59
108,109,"acc_sum",10.103559331507615,1,NA,11,60
0,0,NA,0,-1,"canopy",11,61
110,111,"acc_sum",10.407298309442702,1,NA,11,62
112,113,"speed_h_sum",100924,1,NA,11,63
114,115,"speed_h_sum",124784.5,1,NA,11,64
0,0,NA,0,-1,"plane",11,65
116,117,"acc_sum",17.847910327602143,1,NA,11,66
118,119,"acc_sum",21.398424303285378,1,NA,11,67
120,121,"speed_v_sum",-6974,1,NA,11,68
122,123,"speed_h_range",4905.5,1,NA,11,69
124,125,"speed_v_sum",-12441,1,NA,11,70
126,127,"heading_range",963249.5,1,NA,11,71
0,0,NA,0,-1,"plane",11,72
128,129,"speed_v_sum",-23714.5,1,NA,11,73
0,0,NA,0,-1,"plane",11,74
130,131,"acc_range",0.5514182506847183,1,NA,11,75
132,133,"acc_range",0.16880367150010112,1,NA,11,76
0,0,NA,0,-1,"plane",11,77
0,0,NA,0,-1,"freefall",11,78
134,135,"speed_h_range",1520,1,NA,11,79
136,137,"speed_h_sum",117605.5,1,NA,11,80
138,139,"speed_h_sum",203123,1,NA,11,81
140,141,"heading_range",114003.5,1,NA,11,82
142,143,"speed_v_sum",253558,1,NA,11,83
144,145,"speed_h_sum",178912.5,1,NA,11,84
146,147,"speed_v_sum",231822,1,NA,11,85
148,149,"heading_range",684708,1,NA,11,86
150,151,"speed_h_range",3091,1,NA,11,87
152,153,"speed_v_sum",99614.5,1,NA,11,88
154,155,"speed_v_range",1955.5,1,NA,11,89
156,157,"speed_v_sum",185678.5,1,NA,11,90
158,159,"acc_sum",31.734536629149982,1,NA,11,91
160,161,"speed_v_range",3437.5,1,NA,11,92
162,163,"acc_sum",8.38944049143274,1,NA,11,93
164,165,"speed_v_sum",158947.5,1,NA,11,94
166,167,"speed_v_range",4784,1,NA,11,95
168,169,"speed_h_range",2096.5,1,NA,11,96
170,171,"speed_v_range",2161,1,NA,11,97
172,173,"acc_range",0.1353688801137809,1,NA,11,98
174,175,"speed_h_range",3654,1,NA,11,99
176,177,"speed_v_range",4228,1,NA,11,100
178,179,"heading_range",50752.5,1,NA,11,101
180,181,"speed_h_sum",359724,1,NA,11,102
182,183,"speed_v_range",2102,1,NA,11,103
184,185,"speed_h_sum",232976.5,1,NA,11,104
186,187,"speed_h_sum",232630.5,1,NA,11,105
0,0,NA,0,-1,"landing",11,106
0,0,NA,0,-1,"canopy",11,107
188,189,"speed_h_sum",137066,1,NA,11,108
0,0,NA,0,-1,"landing",11,109
190,191,"acc_sum",10.042871555969816,1,NA,11,110
192,193,"heading_range",525607,1,NA,11,111
0,0,NA,0,-1,"landing",11,112
194,195,"speed_v_sum",-5073,1,NA,11,113
196,197,"heading_range",214346,1,NA,11,114
0,0,NA,0,-1,"maneuver",11,115
198,199,"speed_h_range",961.5,1,NA,11,116
0,0,NA,0,-1,"maneuver",11,117
0,0,NA,0,-1,"canopy",11,118
0,0,NA,0,-1,"maneuver",11,119
0,0,NA,0,-1,"maneuver",11,120
0,0,NA,0,-1,"landing",11,121
0,0,NA,0,-1,"maneuver",11,122
0,0,NA,0,-1,"landing",11,123
0,0,NA,0,-1,"maneuver",11,124
0,0,NA,0,-1,"landing",11,125
0,0,NA,0,-1,"canopy",11,126
0,0,NA,0,-1,"landing",11,127
0,0,NA,0,-1,"freefall",11,128
0,0,NA,0,-1,"plane",11,129
0,0,NA,0,-1,"freefall",11,130
0,0,NA,0,-1,"plane",11,131
0,0,NA,0,-1,"plane",11,132
0,0,NA,0,-1,"plane",11,133
0,0,NA,0,-1,"plane",11,134
0,0,NA,0,-1,"plane",11,135
0,0,NA,0,-1,"canopy",11,136
0,0,NA,0,-1,"canopy",11,137
0,0,NA,0,-1,"canopy",11,138
0,0,NA,0,-1,"canopy",11,139
0,0,NA,0,-1,"freefall",11,140
0,0,NA,0,-1,"flight",11,141
0,0,NA,0,-1,"freefall",11,142
0,0,NA,0,-1,"flight",11,143
0,0,NA,0,-1,"canopy",11,144
0,0,NA,0,-1,"flight",11,145
0,0,NA,0,-1,"canopy",11,146
0,0,NA,0,-1,"flight",11,147
0,0,NA,0,-1,"canopy",11,148
0,0,NA,0,-1,"canopy",11,149
0,0,NA,0,-1,"canopy",11,150
0,0,NA,0,-1,"flight",11,151
0,0,NA,0,-1,"maneuver",11,152
0,0,NA,0,-1,"recovery_arc",11,153
0,0,NA,0,-1,"flight",11,154
0,0,NA,0,-1,"freefall",11,155
0,0,NA,0,-1,"canopy",11,156
0,0,NA,0,-1,"freefall",11,157
0,0,NA,0,-1,"landing",11,158
0,0,NA,0,-1,"recovery_arc",11,159
0,0,NA,0,-1,"canopy",11,160
0,0,NA,0,-1,"opening",11,161
0,0,NA,0,-1,"freefall",11,162
0,0,NA,0,-1,"canopy",11,163
0,0,NA,0,-1,"canopy",11,164
0,0,NA,0,-1,"opening",11,165
0,0,NA,0,-1,"recovery_arc",11,166
0,0,NA,0,-1,"recovery_arc",11,167
0,0,NA,0,-1,"canopy",11,168
0,0,NA,0,-1,"freefall",11,169
0,0,NA,0,-1,"opening",11,170
0,0,NA,0,-1,"freefall",11,171
0,0,NA,0,-1,"plane",11,172
0,0,NA,0,-1,"plane",11,173
0,0,NA,0,-1,"plane",11,174
0,0,NA,0,-1,"freefall",11,175
0,0,NA,0,-1,"flight",11,176
0,0,NA,0,-1,"freefall",11,177
0,0,NA,0,-1,"freefall",11,178
0,0,NA,0,-1,"freefall",11,179
0,0,NA,0,-1,"flight",11,180
0,0,NA,0,-1,"plane",11,181
0,0,NA,0,-1,"flight",11,182
0,0,NA,0,-1,"flight",11,183
0,0,NA,0,-1,"canopy",11,184
0,0,NA,0,-1,"maneuver",11,185
0,0,NA,0,-1,"canopy",11,186
0,0,NA,0,-1,"maneuver",11,187
0,0,NA,0,-1,"canopy",11,188
0,0,NA,0,-1,"plane",11,189
0,0,NA,0,-1,"landing",11,190
0,0,NA,0,-1,"canopy",11,191
0,0,NA,0,-1,"landing",11,192
0,0,NA,0,-1,"canopy",11,193
0,0,NA,0,-1,"maneuver",11,194
0,0,NA,0,-1,"landing",11,195
0,0,NA,0,-1,"canopy",11,196
0,0,NA,0,-1,"maneuver",11,197
0,0,NA,0,-1,"landing",11,198
0,0,NA,0,-1,"landing",11,199
2,3,"speed_h_sum",280112.5,1,NA,12,1
4,5,"speed_v_range",1042.5,1,NA,12,2
6,7,"heading_range",317737,1,NA,12,3
8,9,"speed_h_sum",204045.5,1,NA,12,4
10,11,"speed_v_sum",27098.5,1,NA,12,5
12,13,"heading_range",193325.5,1,NA,12,6
14,15,"acc_sum",14.823006645183188,1,NA,12,7
16,17,"acc_range",0.2665773252971365,1,NA,12,8
18,19,"speed_v_sum",251922,1,NA,12,9
20,21,"speed_h_sum",82045.5,1,NA,12,10
22,23,"acc_range",0.28117275450541707,1,NA,12,11
24,25,"speed_h_range",308.5,1,NA,12,12
26,27,"speed_v_sum",139391.5,1,NA,12,13
28,29,"speed_h_sum",439375.5,1,NA,12,14
30,31,"speed_h_sum",298450.5,1,NA,12,15
32,33,"speed_h_sum",148502.5,1,NA,12,16
34,35,"heading_range",1264285,1,NA,12,17
36,37,"acc_range",0.06854736433619091,1,NA,12,18
38,39,"speed_h_range",192.5,1,NA,12,19
0,0,NA,0,-1,"landing",12,20
40,41,"speed_v_sum",-5097,1,NA,12,21
42,43,"speed_v_range",1885.5,1,NA,12,22
44,45,"speed_v_sum",193777,1,NA,12,23
46,47,"acc_range",0.28332322732626913,1,NA,12,24
48,49,"acc_sum",12.624787211665433,1,NA,12,25
50,51,"acc_range",0.4873231205274351,1,NA,12,26
52,53,"speed_h_range",2313,1,NA,12,27
54,55,"speed_v_sum",167127,1,NA,12,28
56,57,"speed_h_range",5892.5,1,NA,12,29
58,59,"speed_h_range",4403,1,NA,12,30
60,61,"speed_h_sum",555448.5,1,NA,12,31
62,63,"speed_v_sum",23087.5,1,NA,12,32
64,65,"speed_h_sum",154469.5,1,NA,12,33
66,67,"speed_v_sum",229584,1,NA,12,34
68,69,"heading_range",35879990,1,NA,12,35
70,71,"speed_h_sum",270879.5,1,NA,12,36
72,73,"speed_v_range",807.5,1,NA,12,37
74,75,"speed_v_range",935.5,1,NA,12,38
0,0,NA,0,-1,"flight",12,39
76,77,"speed_h_sum",183430.5,1,NA,12,40
78,79,"speed_h_range",948,1,NA,12,41
80,81,"speed_v_sum",188908.5,1,NA,12,42
82,83,"speed_h_sum",232980.5,1,NA,12,43
84,85,"speed_v_sum",103298.5,1,NA,12,44
86,87,"acc_sum",13.022579216489152,1,NA,12,45
88,89,"acc_range",0.1971936389754146,1,NA,12,46
90,91,"speed_v_range",2546.5,1,NA,12,47
92,93,"acc_sum",7.866804061781705,1,NA,12,48
94,95,"speed_v_sum",137965,1,NA,12,49
96,97,"acc_sum",7.15780921304602,1,NA,12,50
98,99,"speed_h_sum",291476,1,NA,12,51
100,101,"speed_v_range",2874.5,1,NA,12,52
102,103,"speed_v_range",12706.5,1,NA,12,53
104,105,"acc_sum",12.743411257066942,1,NA,12,54
106,107,"speed_v_range",2793,1,NA,12,55
108,109,"speed_v_sum",225372.5,1,NA,12,56
110,111,"acc_range",0.5160949970016371,1,NA,12,57
112,113,"acc_sum",15.024534839973484,1,NA,12,58
0,0,NA,0,-1,"opening",12,59
0,0,NA,0,-1,"flight",12,60
0,0,NA,0,-1,"plane",12,61
114,115,"speed_h_range",695,1,NA,12,62
116,117,"acc_sum",7.751268268543983,1,NA,12,63
118,119,"acc_range",0.15952816774841894,1,NA,12,64
120,121,"heading_range",171167.5,1,NA,12,65
122,123,"acc_range",0.6120208414939123,1,NA,12,66
124,125,"acc_range",0.9857423593653428,1,NA,12,67
126,127,"acc_sum",15.239454976318736,1,NA,12,68
128,129,"heading_range",35914938.5,1,NA,12,69
130,131,"speed_h_sum",241936.5,1,NA,12,70
0,0,NA,0,-1,"plane",12,71
132,133,"acc_sum",8.723480704029772,1,NA,12,72
134,135,"speed_h_range",863.5,1,NA,12,73
0,0,NA,0,-1,"flight",12,74
0,0,NA,0,-1,"freefall",12,75
136,137,"acc_sum",4.023499342509579,1,NA,12,76
138,139,"heading_range",428835,1,NA,12,77
140,141,"speed_h_range",261.5,1,NA,12,78
142,143,"acc_sum",17.14356643392201,1,NA,12,79
144,145,"speed_h_sum",159855,1,NA,12,80
146,147,"speed_h_sum",247078.5,1,NA,12,81
148,149,"speed_v_sum",214172,1,NA,12,82
150,151,"acc_sum",7.254549815848801,1,NA,12,83
152,153,"speed_h_sum",152272,1,NA,12,84
154,155,"speed_h_range",524,1,NA,12,85
156,157,"acc_sum",8.71328610836045,1,NA,12,86
158,159,"speed_v_sum",361275.5,1,NA,12,87
160,161,"speed_v_sum",120493,1,NA,12,88
162,163,"speed_v_range",299.5,1,NA,12,89
164,165,"speed_v_range",156.5,1,NA,12,90
166,167,"speed_h_range",256.5,1,NA,12,91
168,169,"speed_v_sum",104615.5,1,NA,12,92
170,171,"acc_range",0.32957199529046266,1,NA,12,93
172,173,"speed_v_sum",95853,1,NA,12,94
174,175,"speed_h_range",1274.5,1,NA,12,95
0,0,NA,0,-1,"freefall",12,96
176,177,"acc_range",0.2391420688337606,1,NA,12,97
178,179,"heading_range",233433,1,NA,12,98
180,181,"speed_v_sum",53080,1,NA,12,99
182,183,"heading_range",312067.5,1,NA,12,100
184,185,"acc_sum",16.36985760185863,1,NA,12,101
186,187,"speed_v_range",2386.5,1,NA,12,102
0,0,NA,0,-1,"plane",12,103
188,189,"acc_range",0.4185005484227049,1,NA,12,104
0,0,NA,0,-1,"canopy",12,105
190,191,"speed_v_range",2250,1,NA,12,106
192,193,"speed_h_sum",302529.5,1,NA,12,107
194,195,"speed_h_sum",483946,1,NA,12,108
196,197,"heading_range",971200,1,NA,12,109
0,0,NA,0,-1,"plane",12,110
0,0,NA,0,-1,"freefall",12,111
0,0,NA,0,-1,"flight",12,112
198,199,"speed_v_sum",257138,1,NA,12,113
0,0,NA,0,-1,"canopy",12,114
0,0,NA,0,-1,"landing",12,115
0,0,NA,0,-1,"landing",12,116
0,0,NA,0,-1,"canopy",12,117
0,0,NA,0,-1,"canopy",12,118
0,0,NA,0,-1,"canopy",12,119
0,0,NA,0,-1,"canopy",12,120
0,0,NA,0,-1,"canopy",12,121
0,0,NA,0,-1,"canopy",12,122
0,0,NA,0,-1,"canopy",12,123
0,0,NA,0,-1,"flight",12,124
0,0,NA,0,-1,"freefall",12,125
0,0,NA,0,-1,"landing",12,126
0,0,NA,0,-1,"canopy",12,127
0,0,NA,0,-1,"canopy",12,128
0,0,NA,0,-1,"canopy",12,129
0,0,NA,0,-1,"canopy",12,130
0,0,NA,0,-1,"canopy",12,131
0,0,NA,0,-1,"freefall",12,132
0,0,NA,0,-1,"canopy",12,133
0,0,NA,0,-1,"canopy",12,134
0,0,NA,0,-1,"canopy",12,135
0,0,NA,0,-1,"plane",12,136
0,0,NA,0,-1,"maneuver",12,137
0,0,NA,0,-1,"plane",12,138
0,0,NA,0,-1,"landing",12,139
0,0,NA,0,-1,"plane",12,140
0,0,NA,0,-1,"maneuver",12,141
0,0,NA,0,-1,"landing",12,142
0,0,NA,0,-1,"maneuver",12,143
0,0,NA,0,-1,"canopy",12,144
0,0,NA,0,-1,"canopy",12,145
0,0,NA,0,-1,"flight",12,146
0,0,NA,0,-1,"freefall",12,147
0,0,NA,0,-1,"canopy",12,148
0,0,NA,0,-1,"freefall",12,149
0,0,NA,0,-1,"freefall",12,150
0,0,NA,0,-1,"canopy",12,151
0,0,NA,0,-1,"canopy",12,152
0,0,NA,0,-1,"canopy",12,153
0,0,NA,0,-1,"canopy",12,154
0,0,NA,0,-1,"canopy",12,155
0,0,NA,0,-1,"freefall",12,156
0,0,NA,0,-1,"flight",12,157
0,0,NA,0,-1,"recovery_arc",12,158
0,0,NA,0,-1,"freefall",12,159
0,0,NA,0,-1,"plane",12,160
0,0,NA,0,-1,"flight",12,161
0,0,NA,0,-1,"plane",12,162
0,0,NA,0,-1,"plane",12,163
0,0,NA,0,-1,"freefall",12,164
0,0,NA,0,-1,"flight",12,165
0,0,NA,0,-1,"freefall",12,166
0,0,NA,0,-1,"opening",12,167
0,0,NA,0,-1,"plane",12,168
0,0,NA,0,-1,"freefall",12,169
0,0,NA,0,-1,"plane",12,170
0,0,NA,0,-1,"plane",12,171
0,0,NA,0,-1,"plane",12,172
0,0,NA,0,-1,"opening",12,173
0,0,NA,0,-1,"flight",12,174
0,0,NA,0,-1,"flight",12,175
0,0,NA,0,-1,"plane",12,176
0,0,NA,0,-1,"plane",12,177
0,0,NA,0,-1,"freefall",12,178
0,0,NA,0,-1,"canopy",12,179
0,0,NA,0,-1,"plane",12,180
0,0,NA,0,-1,"freefall",12,181
0,0,NA,0,-1,"flight",12,182
0,0,NA,0,-1,"flight",12,183
0,0,NA,0,-1,"flight",12,184
0,0,NA,0,-1,"opening",12,185
0,0,NA,0,-1,"flight",12,186
0,0,NA,0,-1,"freefall",12,187
0,0,NA,0,-1,"plane",12,188
0,0,NA,0,-1,"plane",12,189
0,0,NA,0,-1,"flight",12,190
0,0,NA,0,-1,"flight",12,191
0,0,NA,0,-1,"flight",12,192
0,0,NA,0,-1,"freefall",12,193
0,0,NA,0,-1,"plane",12,194
0,0,NA,0,-1,"plane",12,195
0,0,NA,0,-1,"flight",12,196
0,0,NA,0,-1,"opening",12,197
0,0,NA,0,-1,"canopy",12,198
0,0,NA,0,-1,"flight",12,199
2,3,"heading_range",315205,1,NA,13,1
4,5,"speed_h_range",329.5,1,NA,13,2
6,7,"speed_v_sum",36820.5,1,NA,13,3
8,9,"speed_v_sum",38542.5,1,NA,13,4
10,11,"speed_h_sum",275484,1,NA,13,5
12,13,"speed_v_sum",-6610,1,NA,13,6
14,15,"speed_v_sum",206148.5,1,NA,13,7
16,17,"speed_h_range",192.5,1,NA,13,8
18,19,"speed_v_range",506.5,1,NA,13,9
20,21,"speed_v_range",1684,1,NA,13,10
22,23,"speed_h_sum",403183,1,NA,13,11
24,25,"acc_sum",14.654722467475612,1,NA,13,12
26,27,"speed_v_sum",2523,1,NA,13,13
28,29,"speed_h_range",1182.5,1,NA,13,14
30,31,"acc_sum",15.120653714195823,1,NA,13,15
32,33,"speed_v_sum",27522.5,1,NA,13,16
34,35,"speed_h_sum",232556,1,NA,13,17
36,37,"speed_v_sum",145852,1,NA,13,18
38,39,"acc_range",0.3482300407074781,1,NA,13,19
40,41,"speed_h_range",1496,1,NA,13,20
42,43,"acc_sum",8.330720621196605,1,NA,13,21
44,45,"speed_h_range",1217.5,1,NA,13,22
46,47,"speed_h_sum",444415.5,1,NA,13,23
48,49,"acc_range",0.6640340759777664,1,NA,13,24
50,51,"acc_range",1.4989057472572485,1,NA,13,25
52,53,"speed_h_sum",260500.5,1,NA,13,26
54,55,"heading_range",438830.5,1,NA,13,27
56,57,"speed_v_range",1814.5,1,NA,13,28
58,59,"speed_h_sum",292425,1,NA,13,29
60,61,"speed_v_sum",340191.5,1,NA,13,30
62,63,"acc_range",0.9821510498666228,1,NA,13,31
64,65,"speed_h_sum",155656.5,1,NA,13,32
66,67,"speed_v_sum",29674.5,1,NA,13,33
68,69,"heading_range",153528,1,NA,13,34
70,71,"acc_sum",10.943479256832658,1,NA,13,35
72,73,"acc_range",0.059760900698263564,1,NA,13,36
74,75,"speed_v_range",118.5,1,NA,13,37
76,77,"speed_h_sum",286643,1,NA,13,38
78,79,"speed_h_sum",178247,1,NA,13,39
80,81,"acc_range",0.2727147594856837,1,NA,13,40
82,83,"speed_h_range",1530.5,1,NA,13,41
84,85,"heading_range",177374,1,NA,13,42
86,87,"speed_v_range",3046,1,NA,13,43
88,89,"speed_h_sum",352604,1,NA,13,44
90,91,"speed_h_range",2377,1,NA,13,45
92,93,"speed_h_range",521.5,1,NA,13,46
94,95,"acc_range",0.3046669028915161,1,NA,13,47
96,97,"acc_range",0.5126973862165023,1,NA,13,48
98,99,"speed_v_range",1147,1,NA,13,49
100,101,"speed_h_range",3199.5,1,NA,13,50
0,0,NA,0,-1,"landing",13,51
102,103,"heading_range",505478,1,NA,13,52
104,105,"speed_h_sum",453442.5,1,NA,13,53
106,107,"acc_sum",15.255567183814625,1,NA,13,54
108,109,"speed_v_range",875,1,NA,13,55
110,111,"speed_v_range",722.5,1,NA,13,56
112,113,"speed_h_range",428,1,NA,13,57
114,115,"speed_h_range",3625.5,1,NA,13,58
116,117,"speed_h_sum",401449.5,1,NA,13,59
118,119,"speed_v_range",4010,1,NA,13,60
120,121,"speed_h_sum",210646.5,1,NA,13,61
122,123,"speed_h_range",1795.5,1,NA,13,62
124,125,"speed_v_sum",353028.5,1,NA,13,63
126,127,"heading_range",74896.5,1,NA,13,64
0,0,NA,0,-1,"plane",13,65
128,129,"heading_range",127162,1,NA,13,66
130,131,"speed_h_sum",270080.5,1,NA,13,67
0,0,NA,0,-1,"canopy",13,68
132,133,"speed_h_sum",169416.5,1,NA,13,69
0,0,NA,0,-1,"plane",13,70
134,135,"speed_v_range",369.5,1,NA,13,71
136,137,"speed_h_sum",362869,1,NA,13,72
138,139,"acc_range",0.19304749929681647,1,NA,13,73
140,141,"acc_sum",12.12352286184024,1,NA,13,74
142,143,"speed_v_range",156.5,1,NA,13,75
144,145,"speed_v_range",626.5,1,NA,13,76
146,147,"speed_v_range",1252.5,1,NA,13,77
148,149,"acc_range",0.6380597672716652,1,NA,13,78
150,151,"heading_range",109862,1,NA,13,79
152,153,"speed_v_sum",146537,1,NA,13,80
154,155,"speed_h_sum",226061.5,1,NA,13,81
0,0,NA,0,-1,"recovery_arc",13,82
156,157,"speed_v_sum",41375.5,1,NA,13,83
158,159,"speed_v_range",2448,1,NA,13,84
160,161,"speed_h_sum",161616,1,NA,13,85
162,163,"acc_range",0.39640907288604366,1,NA,13,86
164,165,"heading_range",190919,1,NA,13,87
166,167,"speed_v_range",950.5,1,NA,13,88
168,169,"speed_v_sum",95908.5,1,NA,13,89
170,171,"speed_v_range",3008.5,1,NA,13,90
172,173,"acc_sum",9.219459422660064,1,NA,13,91
174,175,"speed_h_sum",427254,1,NA,13,92
176,177,"acc_range",0.2287191637605388,1,NA,13,93
178,179,"acc_sum",11.870815224731889,1,NA,13,94
180,181,"speed_v_sum",171625,1,NA,13,95
182,183,"acc_range",0.37960643670169103,1,NA,13,96
184,185,"speed_v_sum",-14445.5,1,NA,13,97
186,187,"heading_range",425478,1,NA,13,98
188,189,"speed_h_sum",451358,1,NA,13,99
0,0,NA,0,-1,"canopy",13,100
0,0,NA,0,-1,"maneuver",13,101
190,191,"speed_h_sum",193009,1,NA,13,102
192,193,"speed_h_range",2839,1,NA,13,103
194,195,"acc_sum",12.662270735533841,1,NA,13,104
0,0,NA,0,-1,"plane",13,105
196,197,"speed_h_range",1189.5,1,NA,13,106
198,199,"acc_sum",17.266327833520265,1,NA,13,107
0,0,NA,0,-1,"canopy",13,108
0,0,NA,0,-1,"landing",13,109
0,0,NA,0,-1,"canopy",13,110
0,0,NA,0,-1,"canopy",13,111
0,0,NA,0,-1,"canopy",13,112
0,0,NA,0,-1,"canopy",13,113
0,0,NA,0,-1,"canopy",13,114
0,0,NA,0,-1,"opening",13,115
0,0,NA,0,-1,"freefall",13,116
0,0,NA,0,-1,"plane",13,117
0,0,NA,0,-1,"flight",13,118
0,0,NA,0,-1,"freefall",13,119
0,0,NA,0,-1,"freefall",13,120
0,0,NA,0,-1,"flight",13,121
0,0,NA,0,-1,"recovery_arc",13,122
0,0,NA,0,-1,"recovery_arc",13,123
0,0,NA,0,-1,"flight",13,124
0,0,NA,0,-1,"freefall",13,125
0,0,NA,0,-1,"plane",13,126
0,0,NA,0,-1,"canopy",13,127
0,0,NA,0,-1,"plane",13,128
0,0,NA,0,-1,"canopy",13,129
0,0,NA,0,-1,"canopy",13,130
0,0,NA,0,-1,"plane",13,131
0,0,NA,0,-1,"canopy",13,132
0,0,NA,0,-1,"maneuver",13,133
0,0,NA,0,-1,"plane",13,134
0,0,NA,0,-1,"plane",13,135
0,0,NA,0,-1,"canopy",13,136
0,0,NA,0,-1,"plane",13,137
0,0,NA,0,-1,"canopy",13,138
0,0,NA,0,-1,"canopy",13,139
0,0,NA,0,-1,"plane",13,140
0,0,NA,0,-1,"freefall",13,141
0,0,NA,0,-1,"freefall",13,142
0,0,NA,0,-1,"flight",13,143
0,0,NA,0,-1,"canopy",13,144
0,0,NA,0,-1,"canopy",13,145
0,0,NA,0,-1,"flight",13,146
0,0,NA,0,-1,"flight",13,147
0,0,NA,0,-1,"canopy",13,148
0,0,NA,0,-1,"canopy",13,149
0,0,NA,0,-1,"flight",13,150
0,0,NA,0,-1,"flight",13,151
0,0,NA,0,-1,"canopy",13,152
0,0,NA,0,-1,"flight",13,153
0,0,NA,0,-1,"canopy",13,154
0,0,NA,0,-1,"flight",13,155
0,0,NA,0,-1,"landing",13,156
0,0,NA,0,-1,"freefall",13,157
0,0,NA,0,-1,"freefall",13,158
0,0,NA,0,-1,"freefall",13,159
0,0,NA,0,-1,"maneuver",13,160
0,0,NA,0,-1,"freefall",13,161
0,0,NA,0,-1,"canopy",13,162
0,0,NA,0,-1,"landing",13,163
0,0,NA,0,-1,"landing",13,164
0,0,NA,0,-1,"landing",13,165
0,0,NA,0,-1,"plane",13,166
0,0,NA,0,-1,"flight",13,167
0,0,NA,0,-1,"plane",13,168
0,0,NA,0,-1,"flight",13,169
0,0,NA,0,-1,"flight",13,170
0,0,NA,0,-1,"plane",13,171
0,0,NA,0,-1,"freefall",13,172
0,0,NA,0,-1,"plane",13,173
0,0,NA,0,-1,"plane",13,174
0,0,NA,0,-1,"plane",13,175
0,0,NA,0,-1,"plane",13,176
0,0,NA,0,-1,"plane",13,177
0,0,NA,0,-1,"plane",13,178
0,0,NA,0,-1,"plane",13,179
0,0,NA,0,-1,"plane",13,180
0,0,NA,0,-1,"flight",13,181
0,0,NA,0,-1,"plane",13,182
0,0,NA,0,-1,"plane",13,183
0,0,NA,0,-1,"plane",13,184
0,0,NA,0,-1,"landing",13,185
0,0,NA,0,-1,"landing",13,186
0,0,NA,0,-1,"maneuver",13,187
0,0,NA,0,-1,"plane",13,188
0,0,NA,0,-1,"freefall",13,189
0,0,NA,0,-1,"maneuver",13,190
0,0,NA,0,-1,"landing",13,191
0,0,NA,0,-1,"landing",13,192
0,0,NA,0,-1,"landing",13,193
0,0,NA,0,-1,"plane",13,194
0,0,NA,0,-1,"freefall",13,195
0,0,NA,0,-1,"plane",13,196
0,0,NA,0,-1,"plane",13,197
0,0,NA,0,-1,"landing",13,198
0,0,NA,0,-1,"maneuver",13,199
2,3,"acc_sum",12.306483120682834,1,NA,14,1
4,5,"speed_h_sum",275984,1,NA,14,2
6,7,"speed_v_sum",54837,1,NA,14,3
8,9,"speed_h_range",1185.5,1,NA,14,4
10,11,"acc_sum",8.015728681996407,1,NA,14,5
12,13,"speed_v_range",2396.5,1,NA,14,6
14,15,"speed_v_sum",199028.5,1,NA,14,7
16,17,"speed_v_sum",254448.5,1,NA,14,8
18,19,"speed_v_sum",185835,1,NA,14,9
20,21,"speed_h_sum",396549.5,1,NA,14,10
22,23,"acc_range",0.3068376538585283,1,NA,14,11
24,25,"acc_range",0.34082707398976986,1,NA,14,12
26,27,"speed_h_sum",338745,1,NA,14,13
28,29,"speed_h_sum",298749.5,1,NA,14,14
30,31,"speed_h_sum",240368.5,1,NA,14,15
32,33,"speed_v_range",906.5,1,NA,14,16
34,35,"acc_range",0.8566737687280007,1,NA,14,17
36,37,"speed_v_sum",21659,1,NA,14,18
38,39,"acc_sum",8.622670261684178,1,NA,14,19
40,41,"speed_v_range",3228,1,NA,14,20
42,43,"acc_range",0.3717787753742501,1,NA,14,21
44,45,"acc_sum",11.624845837306534,1,NA,14,22
46,47,"speed_h_range",551,1,NA,14,23
48,49,"heading_range",437195,1,NA,14,24
50,51,"heading_range",341529.5,1,NA,14,25
52,53,"speed_v_range",4206.5,1,NA,14,26
54,55,"acc_range",0.6163848437008439,1,NA,14,27
56,57,"acc_sum",18.572374628662068,1,NA,14,28
58,59,"speed_h_range",928,1,NA,14,29
60,61,"speed_v_sum",366572,1,NA,14,30
62,63,"heading_range",35966098,1,NA,14,31
64,65,"speed_h_sum",202953,1,NA,14,32
66,67,"speed_v_sum",4930.5,1,NA,14,33
68,69,"speed_v_range",3111.5,1,NA,14,34
0,0,NA,0,-1,"freefall",14,35
70,71,"speed_v_range",3240,1,NA,14,36
72,73,"speed_v_range",1733.5,1,NA,14,37
74,75,"heading_range",603983.5,1,NA,14,38
76,77,"acc_range",0.49987468459816303,1,NA,14,39
78,79,"speed_v_sum",78072.5,1,NA,14,40
80,81,"acc_sum",6.547064039295563,1,NA,14,41
0,0,NA,0,-1,"plane",14,42
82,83,"speed_v_sum",176067.5,1,NA,14,43
84,85,"speed_h_sum",396132.5,1,NA,14,44
86,87,"speed_v_sum",99945.5,1,NA,14,45
88,89,"heading_range",198009,1,NA,14,46
90,91,"speed_v_sum",138765.5,1,NA,14,47
92,93,"speed_v_sum",27892.5,1,NA,14,48
94,95,"speed_h_range",943,1,NA,14,49
96,97,"speed_h_sum",262719.5,1,NA,14,50
98,99,"speed_v_range",1452.5,1,NA,14,51
100,101,"speed_h_range",2830.5,1,NA,14,52
102,103,"acc_range",0.5936077006333056,1,NA,14,53
0,0,NA,0,-1,"plane",14,54
104,105,"speed_v_sum",16658,1,NA,14,55
106,107,"speed_h_sum",153548,1,NA,14,56
108,109,"speed_h_sum",198150,1,NA,14,57
110,111,"heading_range",98418,1,NA,14,58
112,113,"speed_h_sum",443746.5,1,NA,14,59
114,115,"speed_v_range",1111,1,NA,14,60
116,117,"speed_h_sum",209214,1,NA,14,61
118,119,"speed_h_sum",449671.5,1,NA,14,62
0,0,NA,0,-1,"opening",14,63
120,121,"speed_h_sum",20649,1,NA,14,64
122,123,"heading_range",125056.5,1,NA,14,65
124,125,"speed_h_sum",81848.5,1,NA,14,66
126,127,"speed_v_range",1810.5,1,NA,14,67
128,129,"acc_sum",12.004728627575249,1,NA,14,68
130,131,"heading_range",649405,1,NA,14,69
132,133,"speed_h_sum",93716,1,NA,14,70
134,135,"speed_h_range",16275.5,1,NA,14,71
136,137,"speed_h_sum",156672.5,1,NA,14,72
138,139,"acc_sum",8.315757483225308,1,NA,14,73
0,0,NA,0,-1,"freefall",14,74
140,141,"speed_h_sum",188304,1,NA,14,75
142,143,"heading_range",1153953.5,1,NA,14,76
144,145,"heading_range",615430,1,NA,14,77
0,0,NA,0,-1,"plane",14,78
146,147,"speed_v_sum",128775,1,NA,14,79
148,149,"speed_h_range",2218.5,1,NA,14,80
150,151,"speed_h_sum",288438.5,1,NA,14,81
0,0,NA,0,-1,"plane",14,82
0,0,NA,0,-1,"flight",14,83
152,153,"speed_h_range",1111.5,1,NA,14,84
154,155,"speed_v_sum",171215,1,NA,14,85
156,157,"speed_h_sum",499764.5,1,NA,14,86
158,159,"heading_range",95607,1,NA,14,87
160,161,"acc_range",0.3681825432019624,1,NA,14,88
162,163,"heading_range",247922,1,NA,14,89
164,165,"speed_v_range",3625,1,NA,14,90
166,167,"speed_h_sum",345705.5,1,NA,14,91
168,169,"acc_range",0.3063846250271207,1,NA,14,92
170,171,"speed_v_range",351.5,1,NA,14,93
172,173,"speed_v_sum",15913,1,NA,14,94
174,175,"acc_range",0.20940573556121644,1,NA,14,95
176,177,"speed_v_range",1597.5,1,NA,14,96
0,0,NA,0,-1,"plane",14,97
178,179,"speed_v_range",468.5,1,NA,14,98
180,181,"speed_h_range",412,1,NA,14,99
182,183,"speed_v_sum",44755.5,1,NA,14,100
184,185,"acc_range",1.3019565017381194,1,NA,14,101
186,187,"acc_sum",21.281858667820188,1,NA,14,102
188,189,"speed_h_range",1742,1,NA,14,103
0,0,NA,0,-1,"freefall",14,104
0,0,NA,0,-1,"plane",14,105
190,191,"acc_range",0.2807368782574895,1,NA,14,106
192,193,"speed_h_range",3483,1,NA,14,107
194,195,"speed_v_sum",152412.5,1,NA,14,108
196,197,"speed_v_range",5091.5,1,NA,14,109
198,199,"speed_v_sum",120454.5,1,NA,14,110
0,0,NA,0,-1,"plane",14,111
0,0,NA,0,-1,"opening",14,112
0,0,NA,0,-1,"plane",14,113
0,0,NA,0,-1,"canopy",14,114
0,0,NA,0,-1,"recovery_arc",14,115
0,0,NA,0,-1,"freefall",14,116
0,0,NA,0,-1,"flight",14,117
0,0,NA,0,-1,"flight",14,118
0,0,NA,0,-1,"opening",14,119
0,0,NA,0,-1,"landing",14,120
0,0,NA,0,-1,"canopy",14,121
0,0,NA,0,-1,"canopy",14,122
0,0,NA,0,-1,"canopy",14,123
0,0,NA,0,-1,"landing",14,124
0,0,NA,0,-1,"maneuver",14,125
0,0,NA,0,-1,"canopy",14,126
0,0,NA,0,-1,"maneuver",14,127
0,0,NA,0,-1,"flight",14,128
0,0,NA,0,-1,"flight",14,129
0,0,NA,0,-1,"freefall",14,130
0,0,NA,0,-1,"flight",14,131
0,0,NA,0,-1,"landing",14,132
0,0,NA,0,-1,"landing",14,133
0,0,NA,0,-1,"maneuver",14,134
0,0,NA,0,-1,"plane",14,135
0,0,NA,0,-1,"canopy",14,136
0,0,NA,0,-1,"canopy",14,137
0,0,NA,0,-1,"maneuver",14,138
0,0,NA,0,-1,"landing",14,139
0,0,NA,0,-1,"freefall",14,140
0,0,NA,0,-1,"flight",14,141
0,0,NA,0,-1,"flight",14,142
0,0,NA,0,-1,"recovery_arc",14,143
0,0,NA,0,-1,"freefall",14,144
0,0,NA,0,-1,"flight",14,145
0,0,NA,0,-1,"canopy",14,146
0,0,NA,0,-1,"flight",14,147
0,0,NA,0,-1,"freefall",14,148
0,0,NA,0,-1,"plane",14,149
0,0,NA,0,-1,"freefall",14,150
0,0,NA,0,-1,"freefall",14,151
0,0,NA,0,-1,"plane",14,152
0,0,NA,0,-1,"plane",14,153
0,0,NA,0,-1,"plane",14,154
0,0,NA,0,-1,"flight",14,155
0,0,NA,0,-1,"plane",14,156
0,0,NA,0,-1,"plane",14,157
0,0,NA,0,-1,"flight",14,158
0,0,NA,0,-1,"flight",14,159
0,0,NA,0,-1,"plane",14,160
0,0,NA,0,-1,"flight",14,161
0,0,NA,0,-1,"flight",14,162
0,0,NA,0,-1,"flight",14,163
0,0,NA,0,-1,"plane",14,164
0,0,NA,0,-1,"plane",14,165
0,0,NA,0,-1,"flight",14,166
0,0,NA,0,-1,"flight",14,167
0,0,NA,0,-1,"plane",14,168
0,0,NA,0,-1,"plane",14,169
0,0,NA,0,-1,"plane",14,170
0,0,NA,0,-1,"plane",14,171
0,0,NA,0,-1,"plane",14,172
0,0,NA,0,-1,"canopy",14,173
0,0,NA,0,-1,"plane",14,174
0,0,NA,0,-1,"landing",14,175
0,0,NA,0,-1,"canopy",14,176
0,0,NA,0,-1,"landing",14,177
0,0,NA,0,-1,"canopy",14,178
0,0,NA,0,-1,"landing",14,179
0,0,NA,0,-1,"canopy",14,180
0,0,NA,0,-1,"landing",14,181
0,0,NA,0,-1,"landing",14,182
0,0,NA,0,-1,"landing",14,183
0,0,NA,0,-1,"maneuver",14,184
0,0,NA,0,-1,"landing",14,185
0,0,NA,0,-1,"canopy",14,186
0,0,NA,0,-1,"maneuver",14,187
0,0,NA,0,-1,"landing",14,188
0,0,NA,0,-1,"maneuver",14,189
0,0,NA,0,-1,"canopy",14,190
0,0,NA,0,-1,"canopy",14,191
0,0,NA,0,-1,"canopy",14,192
0,0,NA,0,-1,"landing",14,193
0,0,NA,0,-1,"canopy",14,194
0,0,NA,0,-1,"opening",14,195
0,0,NA,0,-1,"opening",14,196
0,0,NA,0,-1,"landing",14,197
0,0,NA,0,-1,"plane",14,198
0,0,NA,0,-1,"flight",14,199
2,3,"speed_v_range",323.5,1,NA,15,1
4,5,"speed_v_sum",33945,1,NA,15,2
6,7,"acc_range",0.15931584772192398,1,NA,15,3
8,9,"acc_range",0.2541423203735723,1,NA,15,4
10,11,"acc_sum",11.302925029846861,1,NA,15,5
12,13,"speed_h_sum",272955.5,1,NA,15,6
14,15,"speed_h_sum",281148.5,1,NA,15,7
16,17,"acc_range",0.1616192894276694,1,NA,15,8
18,19,"speed_h_range",174.5,1,NA,15,9
20,21,"speed_v_sum",155367.5,1,NA,15,10
22,23,"speed_h_range",399.5,1,NA,15,11
24,25,"speed_v_range",2969.5,1,NA,15,12
26,27,"speed_h_sum",279436.5,1,NA,15,13
28,29,"speed_h_range",1197.5,1,NA,15,14
30,31,"speed_h_sum",449904.5,1,NA,15,15
32,33,"speed_v_sum",32134,1,NA,15,16
34,35,"speed_h_range",182.5,1,NA,15,17
0,0,NA,0,-1,"canopy",15,18
36,37,"acc_sum",11.457764760400245,1,NA,15,19
38,39,"acc_range",0.05969440769757123,1,NA,15,20
40,41,"speed_v_range",104,1,NA,15,21
42,43,"speed_h_sum",301002,1,NA,15,22
44,45,"acc_sum",14.186702111435633,1,NA,15,23
46,47,"speed_h_range",319.5,1,NA,15,24
48,49,"acc_sum",5.669620103858362,1,NA,15,25
50,51,"speed_v_sum",4348.5,1,NA,15,26
52,53,"speed_v_sum",144188.5,1,NA,15,27
54,55,"speed_v_sum",253510,1,NA,15,28
56,57,"speed_v_sum",28963,1,NA,15,29
58,59,"heading_range",190786.5,1,NA,15,30
60,61,"speed_v_sum",175590.5,1,NA,15,31
62,63,"acc_range",0.1151141658447688,1,NA,15,32
64,65,"speed_v_sum",32461.5,1,NA,15,33
66,67,"speed_v_range",232,1,NA,15,34
68,69,"speed_h_sum",225616,1,NA,15,35
70,71,"speed_v_range",219.5,1,NA,15,36
0,0,NA,0,-1,"canopy",15,37
72,73,"speed_h_sum",311203.5,1,NA,15,38
74,75,"acc_range",0.07291253574891277,1,NA,15,39
0,0,NA,0,-1,"plane",15,40
76,77,"acc_range",0.08602370956582434,1,NA,15,41
78,79,"speed_h_range",315.5,1,NA,15,42
80,81,"speed_h_sum",500906.5,1,NA,15,43
82,83,"acc_range",0.08436967543127838,1,NA,15,44
84,85,"acc_sum",14.683883594262245,1,NA,15,45
86,87,"speed_h_sum",149286.5,1,NA,15,46
88,89,"speed_v_sum",200125.5,1,NA,15,47
0,0,NA,0,-1,"maneuver",15,48
90,91,"heading_range",378701,1,NA,15,49
0,0,NA,0,-1,"plane",15,50
92,93,"acc_sum",11.977428479353666,1,NA,15,51
94,95,"speed_h_sum",499255.5,1,NA,15,52
96,97,"speed_h_range",1068,1,NA,15,53
98,99,"speed_v_range",892.5,1,NA,15,54
100,101,"acc_range",0.9489353966795029,1,NA,15,55
102,103,"speed_v_range",4204,1,NA,15,56
104,105,"speed_v_range",1705,1,NA,15,57
106,107,"acc_sum",11.374328876978646,1,NA,15,58
108,109,"speed_v_sum",143643,1,NA,15,59
110,111,"acc_sum",11.67023644199461,1,NA,15,60
112,113,"acc_sum",13.681196725082616,1,NA,15,61
0,0,NA,0,-1,"plane",15,62
114,115,"heading_range",308238,1,NA,15,63
0,0,NA,0,-1,"canopy",15,64
116,117,"speed_h_sum",264114.5,1,NA,15,65
0,0,NA,0,-1,"canopy",15,66
118,119,"speed_h_range",133.5,1,NA,15,67
120,121,"speed_h_range",832.5,1,NA,15,68
0,0,NA,0,-1,"plane",15,69
122,123,"acc_range",0.3226144078425983,1,NA,15,70
124,125,"heading_range",225373.5,1,NA,15,71
126,127,"speed_v_range",285.5,1,NA,15,72
0,0,NA,0,-1,"plane",15,73
128,129,"speed_v_sum",44049,1,NA,15,74
130,131,"speed_v_range",178.5,1,NA,15,75
0,0,NA,0,-1,"plane",15,76
132,133,"speed_h_sum",371584.5,1,NA,15,77
134,135,"speed_h_sum",191165,1,NA,15,78
136,137,"speed_v_sum",96713,1,NA,15,79
138,139,"speed_h_range",185,1,NA,15,80
0,0,NA,0,-1,"plane",15,81
140,141,"speed_h_sum",278384.5,1,NA,15,82
142,143,"acc_range",0.3710236352753344,1,NA,15,83
144,145,"speed_v_sum",206617.5,1,NA,15,84
0,0,NA,0,-1,"canopy",15,85
146,147,"acc_range",0.03950093195479798,1,NA,15,86
148,149,"speed_v_sum",67258.5,1,NA,15,87
150,151,"speed_v_sum",22747.5,1,NA,15,88
152,153,"speed_h_range",414.5,1,NA,15,89
0,0,NA,0,-1,"freefall",15,90
154,155,"heading_range",1680131.5,1,NA,15,91
0,0,NA,0,-1,"canopy",15,92
0,0,NA,0,-1,"maneuver",15,93
156,157,"speed_h_sum",499251.5,1,NA,15,94
0,0,NA,0,-1,"plane",15,95
158,159,"speed_v_range",4090.5,1,NA,15,96
160,161,"heading_range",254491.5,1,NA,15,97
162,163,"speed_v_sum",6386.5,1,NA,15,98
164,165,"acc_range",0.6937317285384355,1,NA,15,99
166,167,"speed_v_range",3058.5,1,NA,15,100
168,169,"heading_range",1730075.5,1,NA,15,101
170,171,"speed_v_range",3276.5,1,NA,15,102
172,173,"speed_h_sum",219567.5,1,NA,15,103
174,175,"speed_v_sum",125020.5,1,NA,15,104
176,177,"acc_sum",8.550521560359131,1,NA,15,105
178,179,"speed_v_sum",135606,1,NA,15,106
180,181,"speed_v_sum",139511,1,NA,15,107
182,183,"speed_h_range",3855.5,1,NA,15,108
184,185,"speed_v_range",3878,1,NA,15,109
186,187,"acc_sum",11.155150584268643,1,NA,15,110
188,189,"speed_h_sum",501045.5,1,NA,15,111
190,191,"acc_range",0.3212529616169565,1,NA,15,112
0,0,NA,0,-1,"opening",15,113
192,193,"heading_range",212107.5,1,NA,15,114
194,195,"acc_sum",10.868190678123074,1,NA,15,115
0,0,NA,0,-1,"canopy",15,116
0,0,NA,0,-1,"plane",15,117
0,0,NA,0,-1,"canopy",15,118
0,0,NA,0,-1,"plane",15,119
0,0,NA,0,-1,"canopy",15,120
0,0,NA,0,-1,"landing",15,121
196,197,"speed_h_sum",223518,1,NA,15,122
0,0,NA,0,-1,"canopy",15,123
0,0,NA,0,-1,"plane",15,124
0,0,NA,0,-1,"canopy",15,125
0,0,NA,0,-1,"canopy",15,126
198,199,"acc_sum",10.175974403401238,1,NA,15,127
0,0,NA,0,-1,"plane",15,128
0,0,NA,0,-1,"canopy",15,129
0,0,NA,0,-1,"canopy",15,130
0,0,NA,0,-1,"canopy",15,131
0,0,NA,0,-1,"flight",15,132
0,0,NA,0,-1,"flight",15,133
0,0,NA,0,-1,"canopy",15,134
0,0,NA,0,-1,"canopy",15,135
0,0,NA,0,-1,"canopy",15,136
0,0,NA,0,-1,"maneuver",15,137
0,0,NA,0,-1,"flight",15,138
0,0,NA,0,-1,"flight",15,139
0,0,NA,0,-1,"canopy",15,140
0,0,NA,0,-1,"plane",15,141
0,0,NA,0,-1,"canopy",15,142
0,0,NA,0,-1,"flight",15,143
0,0,NA,0,-1,"canopy",15,144
0,0,NA,0,-1,"flight",15,145
0,0,NA,0,-1,"opening",15,146
0,0,NA,0,-1,"canopy",15,147
0,0,NA,0,-1,"canopy",15,148
0,0,NA,0,-1,"canopy",15,149
0,0,NA,0,-1,"landing",15,150
0,0,NA,0,-1,"canopy",15,151
0,0,NA,0,-1,"flight",15,152
0,0,NA,0,-1,"freefall",15,153
0,0,NA,0,-1,"landing",15,154
0,0,NA,0,-1,"canopy",15,155
0,0,NA,0,-1,"plane",15,156
0,0,NA,0,-1,"freefall",15,157
0,0,NA,0,-1,"flight",15,158
0,0,NA,0,-1,"freefall",15,159
0,0,NA,0,-1,"freefall",15,160
0,0,NA,0,-1,"plane",15,161
0,0,NA,0,-1,"landing",15,162
0,0,NA,0,-1,"canopy",15,163
0,0,NA,0,-1,"canopy",15,164
0,0,NA,0,-1,"landing",15,165
0,0,NA,0,-1,"flight",15,166
0,0,NA,0,-1,"opening",15,167
0,0,NA,0,-1,"freefall",15,168
0,0,NA,0,-1,"opening",15,169
0,0,NA,0,-1,"landing",15,170
0,0,NA,0,-1,"landing",15,171
0,0,NA,0,-1,"maneuver",15,172
0,0,NA,0,-1,"landing",15,173
0,0,NA,0,-1,"canopy",15,174
0,0,NA,0,-1,"canopy",15,175
0,0,NA,0,-1,"freefall",15,176
0,0,NA,0,-1,"recovery_arc",15,177
0,0,NA,0,-1,"plane",15,178
0,0,NA,0,-1,"flight",15,179
0,0,NA,0,-1,"plane",15,180
0,0,NA,0,-1,"flight",15,181
0,0,NA,0,-1,"plane",15,182
0,0,NA,0,-1,"freefall",15,183
0,0,NA,0,-1,"flight",15,184
0,0,NA,0,-1,"freefall",15,185
0,0,NA,0,-1,"plane",15,186
0,0,NA,0,-1,"plane",15,187
0,0,NA,0,-1,"plane",15,188
0,0,NA,0,-1,"plane",15,189
0,0,NA,0,-1,"flight",15,190
0,0,NA,0,-1,"flight",15,191
0,0,NA,0,-1,"plane",15,192
0,0,NA,0,-1,"plane",15,193
0,0,NA,0,-1,"canopy",15,194
0,0,NA,0,-1,"plane",15,195
0,0,NA,0,-1,"canopy",15,196
0,0,NA,0,-1,"plane",15,197
0,0,NA,0,-1,"canopy",15,198
0,0,NA,0,-1,"canopy",15,199
2,3,"speed_v_sum",44186.5,1,NA,16,1
4,5,"speed_h_range",1977.5,1,NA,16,2
6,7,"speed_v_sum",172237,1,NA,16,3
8,9,"speed_v_sum",33834.5,1,NA,16,4
10,11,"speed_h_sum",259752.5,1,NA,16,5
12,13,"speed_h_sum",398140.5,1,NA,16,6
14,15,"speed_h_sum",183282.5,1,NA,16,7
16,17,"acc_range",0.9288398541542164,1,NA,16,8
18,19,"speed_h_sum",274386.5,1,NA,16,9
20,21,"speed_v_sum",25766,1,NA,16,10
22,23,"acc_range",0.5387015595426967,1,NA,16,11
24,25,"speed_h_sum",295566.5,1,NA,16,12
26,27,"acc_range",0.2919284086943522,1,NA,16,13
28,29,"speed_h_range",3801.5,1,NA,16,14
30,31,"speed_v_range",2296.5,1,NA,16,15
32,33,"acc_sum",6.965149397854983,1,NA,16,16
34,35,"speed_v_range",650.5,1,NA,16,17
36,37,"speed_v_range",1606,1,NA,16,18
38,39,"speed_v_range",3331,1,NA,16,19
40,41,"speed_v_range",4187.5,1,NA,16,20
42,43,"heading_range",274418,1,NA,16,21
0,0,NA,0,-1,"plane",16,22
44,45,"speed_v_sum",31260.5,1,NA,16,23
46,47,"acc_sum",12.329339242501055,1,NA,16,24
48,49,"speed_v_sum",135406,1,NA,16,25
50,51,"speed_h_sum",419851.5,1,NA,16,26
52,53,"speed_h_range",3654,1,NA,16,27
54,55,"heading_range",1471958,1,NA,16,28
56,57,"acc_range",1.2067565263301303,1,NA,16,29
58,59,"heading_range",1041526,1,NA,16,30
60,61,"acc_sum",7.713886824318275,1,NA,16,31
62,63,"speed_v_range",1394,1,NA,16,32
64,65,"speed_h_sum",266433.5,1,NA,16,33
66,67,"speed_v_sum",13852,1,NA,16,34
68,69,"acc_range",1.576880563389297,1,NA,16,35
70,71,"heading_range",53526,1,NA,16,36
72,73,"acc_sum",6.116692860946374,1,NA,16,37
0,0,NA,0,-1,"plane",16,38
74,75,"speed_v_sum",39858,1,NA,16,39
76,77,"speed_h_sum",96841.5,1,NA,16,40
78,79,"speed_h_range",16824,1,NA,16,41
0,0,NA,0,-1,"landing",16,42
80,81,"acc_sum",19.997121824760868,1,NA,16,43
82,83,"speed_h_range",4678.5,1,NA,16,44
84,85,"heading_range",209575,1,NA,16,45
86,87,"speed_v_sum",112216,1,NA,16,46
88,89,"acc_range",0.3564461233525462,1,NA,16,47
90,91,"speed_v_range",2404.5,1,NA,16,48
92,93,"acc_range",0.7131524554199395,1,NA,16,49
94,95,"speed_v_sum",97529.5,1,NA,16,50
96,97,"acc_sum",14.18998394913726,1,NA,16,51
98,99,"speed_v_sum",138308.5,1,NA,16,52
0,0,NA,0,-1,"freefall",16,53
100,101,"speed_h_sum",113150,1,NA,16,54
102,103,"acc_sum",18.788519035460652,1,NA,16,55
104,105,"speed_v_sum",249700.5,1,NA,16,56
106,107,"speed_v_sum",205390.5,1,NA,16,57
108,109,"acc_sum",8.699496365559177,1,NA,16,58
110,111,"speed_v_sum",258106.5,1,NA,16,59
112,113,"acc_range",0.7466475495410623,1,NA,16,60
114,115,"speed_v_range",4010,1,NA,16,61
0,0,NA,0,-1,"plane",16,62
116,117,"speed_v_sum",-7130.5,1,NA,16,63
118,119,"speed_h_sum",109239.5,1,NA,16,64
120,121,"speed_v_range",846.5,1,NA,16,65
122,123,"speed_h_range",904.5,1,NA,16,66
0,0,NA,0,-1,"canopy",16,67
124,125,"speed_h_sum",225037,1,NA,16,68
0,0,NA,0,-1,"landing",16,69
126,127,"heading_range",39000,1,NA,16,70
128,129,"speed_h_sum",188601.5,1,NA,16,71
130,131,"heading_range",430679.5,1,NA,16,72
132,133,"speed_h_sum",143685,1,NA,16,73
0,0,NA,0,-1,"freefall",16,74
0,0,NA,0,-1,"plane",16,75
134,135,"acc_range",0.34380026594020924,1,NA,16,76
136,137,"acc_range",0.8032345798637998,1,NA,16,77
0,0,NA,0,-1,"maneuver",16,78
0,0,NA,0,-1,"plane",16,79
138,139,"speed_h_range",3392,1,NA,16,80
140,141,"speed_h_sum",149701.5,1,NA,16,81
0,0,NA,0,-1,"plane",16,82
0,0,NA,0,-1,"freefall",16,83
142,143,"speed_v_sum",36690,1,NA,16,84
0,0,NA,0,-1,"freefall",16,85
144,145,"speed_v_range",1635,1,NA,16,86
146,147,"speed_h_range",1016.5,1,NA,16,87
148,149,"speed_h_sum",175374,1,NA,16,88
150,151,"speed_v_range",3052,1,NA,16,89
152,153,"acc_sum",12.709422421055951,1,NA,16,90
154,155,"speed_h_sum",344913.5,1,NA,16,91
156,157,"acc_sum",7.799654596791431,1,NA,16,92
158,159,"acc_sum",12.090514340364761,1,NA,16,93
0,0,NA,0,-1,"plane",16,94
0,0,NA,0,-1,"opening",16,95
0,0,NA,0,-1,"plane",16,96
0,0,NA,0,-1,"opening",16,97
0,0,NA,0,-1,"plane",16,98
160,161,"acc_sum",11.736675223243726,1,NA,16,99
162,163,"speed_v_range",3036.5,1,NA,16,100
164,165,"heading_range",647729.5,1,NA,16,101
166,167,"speed_h_sum",120894.5,1,NA,16,102
168,169,"acc_range",0.653872174677918,1,NA,16,103
170,171,"speed_v_sum",189414.5,1,NA,16,104
172,173,"heading_range",2115904.5,1,NA,16,105
174,175,"speed_v_sum",177212.5,1,NA,16,106
176,177,"speed_h_range",3910.5,1,NA,16,107
178,179,"acc_range",0.1910046879945123,1,NA,16,108
180,181,"speed_v_range",108.5,1,NA,16,109
182,183,"speed_h_sum",316138.5,1,NA,16,110
184,185,"speed_h_sum",446572.5,1,NA,16,111
186,187,"speed_h_range",1289.5,1,NA,16,112
188,189,"speed_v_sum",301237,1,NA,16,113
190,191,"speed_h_range",3637,1,NA,16,114
192,193,"acc_range",0.14438197369279554,1,NA,16,115
194,195,"acc_sum",5.454833776687152,1,NA,16,116
196,197,"speed_h_sum",127180,1,NA,16,117
198,199,"heading_range",565107.5,1,NA,16,118
0,0,NA,0,-1,"canopy",16,119
0,0,NA,0,-1,"plane",16,120
0,0,NA,0,-1,"plane",16,121
0,0,NA,0,-1,"landing",16,122
0,0,NA,0,-1,"landing",16,123
0,0,NA,0,-1,"landing",16,124
0,0,NA,0,-1,"plane",16,125
0,0,NA,0,-1,"canopy",16,126
0,0,NA,0,-1,"maneuver",16,127
0,0,NA,0,-1,"canopy",16,128
0,0,NA,0,-1,"canopy",16,129
0,0,NA,0,-1,"canopy",16,130
0,0,NA,0,-1,"maneuver",16,131
0,0,NA,0,-1,"landing",16,132
0,0,NA,0,-1,"canopy",16,133
0,0,NA,0,-1,"landing",16,134
0,0,NA,0,-1,"landing",16,135
0,0,NA,0,-1,"landing",16,136
0,0,NA,0,-1,"maneuver",16,137
0,0,NA,0,-1,"landing",16,138
0,0,NA,0,-1,"canopy",16,139
0,0,NA,0,-1,"canopy",16,140
0,0,NA,0,-1,"maneuver",16,141
0,0,NA,0,-1,"plane",16,142
0,0,NA,0,-1,"freefall",16,143
0,0,NA,0,-1,"canopy",16,144
0,0,NA,0,-1,"canopy",16,145
0,0,NA,0,-1,"canopy",16,146
0,0,NA,0,-1,"canopy",16,147
0,0,NA,0,-1,"canopy",16,148
0,0,NA,0,-1,"canopy",16,149
0,0,NA,0,-1,"canopy",16,150
0,0,NA,0,-1,"landing",16,151
0,0,NA,0,-1,"canopy",16,152
0,0,NA,0,-1,"opening",16,153
0,0,NA,0,-1,"plane",16,154
0,0,NA,0,-1,"freefall",16,155
0,0,NA,0,-1,"freefall",16,156
0,0,NA,0,-1,"flight",16,157
0,0,NA,0,-1,"freefall",16,158
0,0,NA,0,-1,"opening",16,159
0,0,NA,0,-1,"freefall",16,160
0,0,NA,0,-1,"opening",16,161
0,0,NA,0,-1,"freefall",16,162
0,0,NA,0,-1,"opening",16,163
0,0,NA,0,-1,"freefall",16,164
0,0,NA,0,-1,"canopy",16,165
0,0,NA,0,-1,"landing",16,166
0,0,NA,0,-1,"canopy",16,167
0,0,NA,0,-1,"recovery_arc",16,168
0,0,NA,0,-1,"opening",16,169
0,0,NA,0,-1,"landing",16,170
0,0,NA,0,-1,"opening",16,171
0,0,NA,0,-1,"recovery_arc",16,172
0,0,NA,0,-1,"recovery_arc",16,173
0,0,NA,0,-1,"opening",16,174
0,0,NA,0,-1,"flight",16,175
0,0,NA,0,-1,"opening",16,176
0,0,NA,0,-1,"canopy",16,177
0,0,NA,0,-1,"freefall",16,178
0,0,NA,0,-1,"flight",16,179
0,0,NA,0,-1,"plane",16,180
0,0,NA,0,-1,"flight",16,181
0,0,NA,0,-1,"recovery_arc",16,182
0,0,NA,0,-1,"flight",16,183
0,0,NA,0,-1,"flight",16,184
0,0,NA,0,-1,"opening",16,185
0,0,NA,0,-1,"flight",16,186
0,0,NA,0,-1,"freefall",16,187
0,0,NA,0,-1,"flight",16,188
0,0,NA,0,-1,"freefall",16,189
0,0,NA,0,-1,"flight",16,190
0,0,NA,0,-1,"opening",16,191
0,0,NA,0,-1,"plane",16,192
0,0,NA,0,-1,"recovery_arc",16,193
0,0,NA,0,-1,"plane",16,194
0,0,NA,0,-1,"plane",16,195
0,0,NA,0,-1,"maneuver",16,196
0,0,NA,0,-1,"maneuver",16,197
0,0,NA,0,-1,"landing",16,198
0,0,NA,0,-1,"landing",16,199
2,3,"speed_v_sum",43882.5,1,NA,17,1
4,5,"speed_h_sum",271089,1,NA,17,2
6,7,"speed_v_sum",170374,1,NA,17,3
8,9,"speed_v_sum",15475.5,1,NA,17,4
10,11,"acc_sum",11.676356728306352,1,NA,17,5
12,13,"acc_range",0.07401811445122553,1,NA,17,6
14,15,"speed_h_range",1456.5,1,NA,17,7
16,17,"speed_h_sum",86760,1,NA,17,8
18,19,"speed_h_sum",241935.5,1,NA,17,9
20,21,"acc_range",0.5283066325358206,1,NA,17,10
22,23,"acc_range",0.6545386301224982,1,NA,17,11
24,25,"speed_h_sum",333865,1,NA,17,12
26,27,"speed_h_sum",295453.5,1,NA,17,13
28,29,"speed_v_sum",218911.5,1,NA,17,14
30,31,"acc_sum",7.798077445508158,1,NA,17,15
32,33,"speed_h_range",172.5,1,NA,17,16
34,35,"acc_range",0.9069821223603787,1,NA,17,17
36,37,"acc_sum",11.640424085602168,1,NA,17,18
38,39,"heading_range",111517,1,NA,17,19
40,41,"heading_range",63210.5,1,NA,17,20
42,43,"speed_v_range",2858,1,NA,17,21
44,45,"speed_h_sum",499744,1,NA,17,22
46,47,"acc_range",0.663494378826777,1,NA,17,23
48,49,"speed_h_range",86.5,1,NA,17,24
0,0,NA,0,-1,"plane",17,25
50,51,"speed_v_sum",107337.5,1,NA,17,26
52,53,"acc_sum",8.826765765947592,1,NA,17,27
54,55,"speed_h_sum",379516.5,1,NA,17,28
56,57,"speed_v_range",2602.5,1,NA,17,29
58,59,"acc_sum",7.69062037906285,1,NA,17,30
60,61,"acc_sum",15.152955269526572,1,NA,17,31
0,0,NA,0,-1,"plane",17,32
0,0,NA,0,-1,"landing",17,33
62,63,"speed_v_sum",-14115.5,1,NA,17,34
64,65,"speed_v_sum",5272.5,1,NA,17,35
66,67,"speed_h_range",886.5,1,NA,17,36
68,69,"acc_sum",19.65202345029229,1,NA,17,37
70,71,"speed_v_sum",43638,1,NA,17,38
0,0,NA,0,-1,"landing",17,39
72,73,"speed_v_sum",-25124,1,NA,17,40
0,0,NA,0,-1,"plane",17,41
74,75,"speed_h_range",1527.5,1,NA,17,42
76,77,"speed_v_sum",36584.5,1,NA,17,43
78,79,"speed_h_range",551,1,NA,17,44
0,0,NA,0,-1,"plane",17,45
0,0,NA,0,-1,"freefall",17,46
80,81,"speed_h_range",2488,1,NA,17,47
0,0,NA,0,-1,"maneuver",17,48
82,83,"speed_h_sum",210183,1,NA,17,49
84,85,"acc_sum",6.932456696960323,1,NA,17,50
86,87,"speed_v_range",3668.5,1,NA,17,51
88,89,"speed_h_range",2764,1,NA,17,52
90,91,"acc_range",0.2490569928351266,1,NA,17,53
92,93,"heading_range",649120.5,1,NA,17,54
94,95,"acc_range",0.5128642796774299,1,NA,17,55
96,97,"speed_v_sum",367334.5,1,NA,17,56
98,99,"speed_v_range",3676.5,1,NA,17,57
100,101,"speed_h_sum",303738.5,1,NA,17,58
102,103,"acc_sum",7.7586947337793575,1,NA,17,59
104,105,"speed_v_range",7959,1,NA,17,60
106,107,"speed_v_sum",348688,1,NA,17,61
108,109,"speed_h_range",685,1,NA,17,62
110,111,"speed_v_range",618.5,1,NA,17,63
112,113,"heading_range",708564.5,1,NA,17,64
114,115,"speed_h_sum",120144,1,NA,17,65
116,117,"acc_sum",7.810865496949886,1,NA,17,66
118,119,"speed_h_sum",143104,1,NA,17,67
120,121,"speed_v_range",1389,1,NA,17,68
122,123,"heading_range",580253,1,NA,17,69
0,0,NA,0,-1,"maneuver",17,70
0,0,NA,0,-1,"canopy",17,71
0,0,NA,0,-1,"plane",17,72
124,125,"heading_range",63207.5,1,NA,17,73
126,127,"heading_range",70409,1,NA,17,74
128,129,"acc_range",0.8172127314168953,1,NA,17,75
130,131,"speed_h_range",3846,1,NA,17,76
132,133,"speed_h_sum",358903,1,NA,17,77
134,135,"speed_h_sum",499208,1,NA,17,78
136,137,"acc_range",0.3963831879263689,1,NA,17,79
138,139,"speed_h_range",1473.5,1,NA,17,80
0,0,NA,0,-1,"freefall",17,81
140,141,"heading_range",411280,1,NA,17,82
142,143,"speed_h_sum",242134.5,1,NA,17,83
144,145,"speed_v_range",2959,1,NA,17,84
146,147,"acc_sum",12.46673374676756,1,NA,17,85
148,149,"speed_v_range",1293.5,1,NA,17,86
150,151,"speed_h_sum",263073.5,1,NA,17,87
152,153,"speed_h_range",1642,1,NA,17,88
154,155,"heading_range",477356.5,1,NA,17,89
156,157,"speed_h_sum",394376,1,NA,17,90
158,159,"acc_range",1.9178590242313471,1,NA,17,91
160,161,"speed_h_sum",324561,1,NA,17,92
162,163,"acc_range",0.24720615144519142,1,NA,17,93
164,165,"speed_v_range",3918,1,NA,17,94
166,167,"speed_h_range",697.5,1,NA,17,95
168,169,"acc_sum",8.678082732766956,1,NA,17,96
170,171,"speed_h_sum",206378,1,NA,17,97
172,173,"acc_sum",16.383249466693563,1,NA,17,98
174,175,"heading_range",216695.5,1,NA,17,99
0,0,NA,0,-1,"freefall",17,100
176,177,"speed_h_range",2136.5,1,NA,17,101
178,179,"acc_range",0.42428867143071924,1,NA,17,102
0,0,NA,0,-1,"freefall",17,103
180,181,"acc_range",0.14941246740388014,1,NA,17,104
0,0,NA,0,-1,"plane",17,105
182,183,"speed_h_range",5403,1,NA,17,106
184,185,"speed_h_sum",214907,1,NA,17,107
0,0,NA,0,-1,"plane",17,108
186,187,"acc_sum",5.999247653565574,1,NA,17,109
188,189,"heading_range",273424,1,NA,17,110
190,191,"speed_h_range",1107.5,1,NA,17,111
192,193,"speed_v_sum",-7193,1,NA,17,112
0,0,NA,0,-1,"canopy",17,113
0,0,NA,0,-1,"landing",17,114
0,0,NA,0,-1,"maneuver",17,115
194,195,"acc_sum",6.199520202502634,1,NA,17,116
196,197,"speed_h_sum",188472.5,1,NA,17,117
198,199,"speed_h_sum",104425,1,NA,17,118
0,0,NA,0,-1,"canopy",17,119
0,0,NA,0,-1,"canopy",17,120
0,0,NA,0,-1,"landing",17,121
0,0,NA,0,-1,"maneuver",17,122
0,0,NA,0,-1,"canopy",17,123
0,0,NA,0,-1,"plane",17,124
0,0,NA,0,-1,"freefall",17,125
0,0,NA,0,-1,"plane",17,126
0,0,NA,0,-1,"plane",17,127
0,0,NA,0,-1,"plane",17,128
0,0,NA,0,-1,"plane",17,129
0,0,NA,0,-1,"plane",17,130
0,0,NA,0,-1,"freefall",17,131
0,0,NA,0,-1,"plane",17,132
0,0,NA,0,-1,"freefall",17,133
0,0,NA,0,-1,"plane",17,134
0,0,NA,0,-1,"freefall",17,135
0,0,NA,0,-1,"plane",17,136
0,0,NA,0,-1,"plane",17,137
0,0,NA,0,-1,"plane",17,138
0,0,NA,0,-1,"plane",17,139
0,0,NA,0,-1,"canopy",17,140
0,0,NA,0,-1,"canopy",17,141
0,0,NA,0,-1,"maneuver",17,142
0,0,NA,0,-1,"canopy",17,143
0,0,NA,0,-1,"maneuver",17,144
0,0,NA,0,-1,"maneuver",17,145
0,0,NA,0,-1,"canopy",17,146
0,0,NA,0,-1,"canopy",17,147
0,0,NA,0,-1,"canopy",17,148
0,0,NA,0,-1,"canopy",17,149
0,0,NA,0,-1,"landing",17,150
0,0,NA,0,-1,"freefall",17,151
0,0,NA,0,-1,"flight",17,152
0,0,NA,0,-1,"plane",17,153
0,0,NA,0,-1,"freefall",17,154
0,0,NA,0,-1,"plane",17,155
0,0,NA,0,-1,"flight",17,156
0,0,NA,0,-1,"plane",17,157
0,0,NA,0,-1,"plane",17,158
0,0,NA,0,-1,"opening",17,159
0,0,NA,0,-1,"freefall",17,160
0,0,NA,0,-1,"freefall",17,161
0,0,NA,0,-1,"canopy",17,162
0,0,NA,0,-1,"recovery_arc",17,163
0,0,NA,0,-1,"flight",17,164
0,0,NA,0,-1,"freefall",17,165
0,0,NA,0,-1,"freefall",17,166
0,0,NA,0,-1,"flight",17,167
0,0,NA,0,-1,"flight",17,168
0,0,NA,0,-1,"flight",17,169
0,0,NA,0,-1,"freefall",17,170
0,0,NA,0,-1,"flight",17,171
0,0,NA,0,-1,"flight",17,172
0,0,NA,0,-1,"opening",17,173
0,0,NA,0,-1,"flight",17,174
0,0,NA,0,-1,"opening",17,175
0,0,NA,0,-1,"freefall",17,176
0,0,NA,0,-1,"freefall",17,177
0,0,NA,0,-1,"flight",17,178
0,0,NA,0,-1,"freefall",17,179
0,0,NA,0,-1,"canopy",17,180
0,0,NA,0,-1,"flight",17,181
0,0,NA,0,-1,"recovery_arc",17,182
0,0,NA,0,-1,"recovery_arc",17,183
0,0,NA,0,-1,"freefall",17,184
0,0,NA,0,-1,"flight",17,185
0,0,NA,0,-1,"plane",17,186
0,0,NA,0,-1,"maneuver",17,187
0,0,NA,0,-1,"canopy",17,188
0,0,NA,0,-1,"canopy",17,189
0,0,NA,0,-1,"canopy",17,190
0,0,NA,0,-1,"landing",17,191
0,0,NA,0,-1,"maneuver",17,192
0,0,NA,0,-1,"maneuver",17,193
0,0,NA,0,-1,"maneuver",17,194
0,0,NA,0,-1,"landing",17,195
0,0,NA,0,-1,"canopy",17,196
0,0,NA,0,-1,"canopy",17,197
0,0,NA,0,-1,"canopy",17,198
0,0,NA,0,-1,"landing",17,199
2,3,"acc_sum",12.222240291984239,1,NA,18,1
4,5,"acc_range",0.12506605853116426,1,NA,18,2
6,7,"acc_range",0.15643236911598446,1,NA,18,3
8,9,"speed_h_sum",271129.5,1,NA,18,4
10,11,"speed_v_sum",38655,1,NA,18,5
12,13,"speed_h_sum",443710.5,1,NA,18,6
14,15,"speed_h_sum",293446.5,1,NA,18,7
16,17,"speed_v_range",877.5,1,NA,18,8
18,19,"speed_v_range",4275,1,NA,18,9
20,21,"acc_range",0.8564694805532078,1,NA,18,10
22,23,"speed_h_sum",281241.5,1,NA,18,11
24,25,"speed_h_sum",320771,1,NA,18,12
26,27,"speed_h_sum",465312.5,1,NA,18,13
28,29,"speed_h_range",1182.5,1,NA,18,14
30,31,"speed_h_range",609.5,1,NA,18,15
32,33,"speed_v_range",32,1,NA,18,16
34,35,"acc_range",0.12358124282656285,1,NA,18,17
36,37,"speed_v_sum",143825.5,1,NA,18,18
38,39,"speed_v_range",4281,1,NA,18,19
40,41,"heading_range",352249,1,NA,18,20
42,43,"speed_v_sum",7124.5,1,NA,18,21
44,45,"speed_v_range",1764,1,NA,18,22
46,47,"speed_v_sum",135369.5,1,NA,18,23
48,49,"speed_v_sum",206925,1,NA,18,24
0,0,NA,0,-1,"flight",18,25
50,51,"speed_v_range",1336,1,NA,18,26
0,0,NA,0,-1,"plane",18,27
52,53,"speed_v_sum",206919,1,NA,18,28
54,55,"speed_v_range",3100.5,1,NA,18,29
56,57,"speed_v_sum",132270,1,NA,18,30
58,59,"speed_h_sum",449954.5,1,NA,18,31
0,0,NA,0,-1,"plane",18,32
60,61,"heading_range",481839,1,NA,18,33
62,63,"acc_sum",9.249326183457905,1,NA,18,34
64,65,"heading_range",397881,1,NA,18,35
66,67,"speed_v_range",141.5,1,NA,18,36
68,69,"heading_range",28836,1,NA,18,37
0,0,NA,0,-1,"freefall",18,38
70,71,"speed_h_sum",349679.5,1,NA,18,39
72,73,"heading_range",270702,1,NA,18,40
74,75,"acc_range",0.22546008090979897,1,NA,18,41
76,77,"heading_range",544084.5,1,NA,18,42
78,79,"speed_h_range",1927,1,NA,18,43
80,81,"speed_v_sum",254560,1,NA,18,44
82,83,"speed_v_sum",181892.5,1,NA,18,45
84,85,"speed_h_sum",398090.5,1,NA,18,46
86,87,"speed_v_range",3272,1,NA,18,47
88,89,"speed_h_range",475,1,NA,18,48
0,0,NA,0,-1,"recovery_arc",18,49
0,0,NA,0,-1,"flight",18,50
0,0,NA,0,-1,"plane",18,51
90,91,"acc_range",0.44003735070017636,1,NA,18,52
92,93,"acc_range",0.8196633556741202,1,NA,18,53
94,95,"speed_v_sum",61284.5,1,NA,18,54
96,97,"speed_v_sum",184232,1,NA,18,55
0,0,NA,0,-1,"plane",18,56
98,99,"speed_v_sum",215592,1,NA,18,57
100,101,"acc_sum",17.918672946943246,1,NA,18,58
102,103,"acc_sum",16.48009779322956,1,NA,18,59
104,105,"speed_h_sum",148490.5,1,NA,18,60
106,107,"heading_range",35928948,1,NA,18,61
108,109,"heading_range",244652.5,1,NA,18,62
110,111,"speed_h_sum",165504,1,NA,18,63
112,113,"speed_h_sum",217613.5,1,NA,18,64
114,115,"heading_range",1291941,1,NA,18,65
116,117,"speed_v_range",140.5,1,NA,18,66
118,119,"speed_v_sum",89471.5,1,NA,18,67
0,0,NA,0,-1,"plane",18,68
0,0,NA,0,-1,"flight",18,69
120,121,"acc_sum",7.176868832882281,1,NA,18,70
122,123,"acc_sum",7.525559148714622,1,NA,18,71
124,125,"speed_h_sum",201674.5,1,NA,18,72
126,127,"speed_v_sum",13103.5,1,NA,18,73
128,129,"speed_v_range",309,1,NA,18,74
130,131,"speed_h_sum",259119.5,1,NA,18,75
132,133,"heading_range",179590,1,NA,18,76
134,135,"speed_h_sum",76988.5,1,NA,18,77
0,0,NA,0,-1,"plane",18,78
136,137,"heading_range",533958.5,1,NA,18,79
138,139,"speed_v_range",768.5,1,NA,18,80
140,141,"speed_v_range",1674,1,NA,18,81
142,143,"acc_range",0.30271499817986824,1,NA,18,82
144,145,"speed_h_sum",197727,1,NA,18,83
146,147,"acc_sum",6.681590583665805,1,NA,18,84
148,149,"speed_h_range",3175.5,1,NA,18,85
150,151,"speed_v_sum",147163.5,1,NA,18,86
152,153,"speed_v_sum",258501,1,NA,18,87
154,155,"heading_range",1069464.5,1,NA,18,88
156,157,"speed_v_sum",72170.5,1,NA,18,89
158,159,"speed_v_range",3005,1,NA,18,90
160,161,"speed_h_range",630.5,1,NA,18,91
162,163,"heading_range",1269815,1,NA,18,92
164,165,"speed_v_sum",361410.5,1,NA,18,93
166,167,"acc_range",0.3054444631176436,1,NA,18,94
168,169,"speed_v_sum",215045.5,1,NA,18,95
170,171,"speed_h_range",5890.5,1,NA,18,96
172,173,"acc_range",1.2067565263301303,1,NA,18,97
174,175,"speed_v_range",461,1,NA,18,98
176,177,"speed_h_sum",460639.5,1,NA,18,99
178,179,"speed_v_sum",140034,1,NA,18,100
180,181,"speed_h_sum",303890.5,1,NA,18,101
182,183,"speed_v_range",3366.5,1,NA,18,102
0,0,NA,0,-1,"opening",18,103
184,185,"acc_sum",9.06096806334839,1,NA,18,104
186,187,"speed_h_sum",154442.5,1,NA,18,105
188,189,"speed_h_sum",195971.5,1,NA,18,106
190,191,"speed_h_sum",228804.5,1,NA,18,107
192,193,"acc_range",0.11302782137440076,1,NA,18,108
194,195,"speed_h_sum",189360,1,NA,18,109
196,197,"acc_range",0.11156036543803283,1,NA,18,110
198,199,"heading_range",830240.5,1,NA,18,111
0,0,NA,0,-1,"canopy",18,112
0,0,NA,0,-1,"maneuver",18,113
0,0,NA,0,-1,"maneuver",18,114
0,0,NA,0,-1,"landing",18,115
0,0,NA,0,-1,"plane",18,116
0,0,NA,0,-1,"plane",18,117
0,0,NA,0,-1,"plane",18,118
0,0,NA,0,-1,"plane",18,119
0,0,NA,0,-1,"freefall",18,120
0,0,NA,0,-1,"plane",18,121
0,0,NA,0,-1,"freefall",18,122
0,0,NA,0,-1,"plane",18,123
0,0,NA,0,-1,"canopy",18,124
0,0,NA,0,-1,"plane",18,125
0,0,NA,0,-1,"plane",18,126
0,0,NA,0,-1,"canopy",18,127
0,0,NA,0,-1,"canopy",18,128
0,0,NA,0,-1,"plane",18,129
0,0,NA,0,-1,"landing",18,130
0,0,NA,0,-1,"plane",18,131
0,0,NA,0,-1,"plane",18,132
0,0,NA,0,-1,"plane",18,133
0,0,NA,0,-1,"landing",18,134
0,0,NA,0,-1,"canopy",18,135
0,0,NA,0,-1,"plane",18,136
0,0,NA,0,-1,"landing",18,137
0,0,NA,0,-1,"canopy",18,138
0,0,NA,0,-1,"canopy",18,139
0,0,NA,0,-1,"flight",18,140
0,0,NA,0,-1,"freefall",18,141
0,0,NA,0,-1,"canopy",18,142
0,0,NA,0,-1,"landing",18,143
0,0,NA,0,-1,"freefall",18,144
0,0,NA,0,-1,"freefall",18,145
0,0,NA,0,-1,"plane",18,146
0,0,NA,0,-1,"freefall",18,147
0,0,NA,0,-1,"plane",18,148
0,0,NA,0,-1,"freefall",18,149
0,0,NA,0,-1,"flight",18,150
0,0,NA,0,-1,"flight",18,151
0,0,NA,0,-1,"freefall",18,152
0,0,NA,0,-1,"flight",18,153
0,0,NA,0,-1,"canopy",18,154
0,0,NA,0,-1,"canopy",18,155
0,0,NA,0,-1,"canopy",18,156
0,0,NA,0,-1,"canopy",18,157
0,0,NA,0,-1,"canopy",18,158
0,0,NA,0,-1,"landing",18,159
0,0,NA,0,-1,"canopy",18,160
0,0,NA,0,-1,"canopy",18,161
0,0,NA,0,-1,"flight",18,162
0,0,NA,0,-1,"recovery_arc",18,163
0,0,NA,0,-1,"opening",18,164
0,0,NA,0,-1,"freefall",18,165
0,0,NA,0,-1,"landing",18,166
0,0,NA,0,-1,"landing",18,167
0,0,NA,0,-1,"canopy",18,168
0,0,NA,0,-1,"recovery_arc",18,169
0,0,NA,0,-1,"landing",18,170
0,0,NA,0,-1,"opening",18,171
0,0,NA,0,-1,"recovery_arc",18,172
0,0,NA,0,-1,"opening",18,173
0,0,NA,0,-1,"freefall",18,174
0,0,NA,0,-1,"flight",18,175
0,0,NA,0,-1,"flight",18,176
0,0,NA,0,-1,"opening",18,177
0,0,NA,0,-1,"plane",18,178
0,0,NA,0,-1,"flight",18,179
0,0,NA,0,-1,"flight",18,180
0,0,NA,0,-1,"opening",18,181
0,0,NA,0,-1,"plane",18,182
0,0,NA,0,-1,"freefall",18,183
0,0,NA,0,-1,"canopy",18,184
0,0,NA,0,-1,"canopy",18,185
0,0,NA,0,-1,"canopy",18,186
0,0,NA,0,-1,"canopy",18,187
0,0,NA,0,-1,"canopy",18,188
0,0,NA,0,-1,"canopy",18,189
0,0,NA,0,-1,"canopy",18,190
0,0,NA,0,-1,"maneuver",18,191
0,0,NA,0,-1,"canopy",18,192
0,0,NA,0,-1,"maneuver",18,193
0,0,NA,0,-1,"canopy",18,194
0,0,NA,0,-1,"maneuver",18,195
0,0,NA,0,-1,"canopy",18,196
0,0,NA,0,-1,"canopy",18,197
0,0,NA,0,-1,"canopy",18,198
0,0,NA,0,-1,"maneuver",18,199
2,3,"acc_sum",12.162695632037579,1,NA,19,1
4,5,"heading_range",305097,1,NA,19,2
6,7,"speed_h_sum",461552,1,NA,19,3
8,9,"speed_h_sum",275545.5,1,NA,19,4
10,11,"speed_v_sum",38333.5,1,NA,19,5
12,13,"speed_h_sum",293431.5,1,NA,19,6
14,15,"heading_range",505893,1,NA,19,7
16,17,"speed_v_sum",140524,1,NA,19,8
18,19,"speed_v_range",3223.5,1,NA,19,9
20,21,"acc_range",0.22489424751977094,1,NA,19,10
22,23,"acc_range",0.3079146836030052,1,NA,19,11
24,25,"speed_h_range",1182,1,NA,19,12
26,27,"speed_v_range",1544.5,1,NA,19,13
28,29,"speed_h_range",2578,1,NA,19,14
30,31,"speed_v_range",2956,1,NA,19,15
32,33,"speed_v_range",1683.5,1,NA,19,16
34,35,"speed_v_range",1677,1,NA,19,17
36,37,"acc_sum",8.033856150999952,1,NA,19,18
38,39,"heading_range",61083.5,1,NA,19,19
40,41,"speed_v_sum",12291.5,1,NA,19,20
42,43,"speed_h_sum",252750,1,NA,19,21
44,45,"speed_v_range",1635,1,NA,19,22
46,47,"speed_h_range",1464.5,1,NA,19,23
48,49,"speed_h_sum",29986,1,NA,19,24
50,51,"acc_range",0.26855360506126147,1,NA,19,25
52,53,"acc_range",3.132161128596113,1,NA,19,26
54,55,"speed_h_sum",449673.5,1,NA,19,27
56,57,"acc_sum",12.171331680276618,1,NA,19,28
58,59,"speed_h_range",2678.5,1,NA,19,29
0,0,NA,0,-1,"plane",19,30
0,0,NA,0,-1,"freefall",19,31
60,61,"speed_h_range",1489.5,1,NA,19,32
62,63,"acc_sum",9.747277705017321,1,NA,19,33
64,65,"acc_sum",8.860512311569977,1,NA,19,34
66,67,"acc_sum",11.22609052591889,1,NA,19,35
68,69,"speed_v_sum",89400.5,1,NA,19,36
70,71,"speed_v_sum",135068,1,NA,19,37
72,73,"speed_h_range",2545,1,NA,19,38
74,75,"speed_h_sum",388372.5,1,NA,19,39
76,77,"acc_sum",6.221654438979652,1,NA,19,40
78,79,"speed_v_range",250.5,1,NA,19,41
80,81,"speed_h_sum",51728,1,NA,19,42
82,83,"speed_v_range",3326.5,1,NA,19,43
84,85,"acc_sum",11.878265861748629,1,NA,19,44
86,87,"speed_v_range",3592,1,NA,19,45
88,89,"speed_v_sum",198826.5,1,NA,19,46
90,91,"acc_range",0.4888513165167251,1,NA,19,47
92,93,"speed_v_range",436.5,1,NA,19,48
94,95,"acc_sum",19.27989411399819,1,NA,19,49
96,97,"speed_v_sum",28250.5,1,NA,19,50
98,99,"heading_range",1700036.5,1,NA,19,51
100,101,"speed_v_sum",141430,1,NA,19,52
102,103,"acc_sum",16.19537249795137,1,NA,19,53
104,105,"speed_v_sum",166854.5,1,NA,19,54
106,107,"heading_range",126891.5,1,NA,19,55
108,109,"speed_h_sum",503722,1,NA,19,56
0,0,NA,0,-1,"plane",19,57
0,0,NA,0,-1,"freefall",19,58
0,0,NA,0,-1,"plane",19,59
110,111,"speed_h_sum",202800.5,1,NA,19,60
112,113,"acc_range",0.9395449654015797,1,NA,19,61
114,115,"speed_v_range",2216.5,1,NA,19,62
0,0,NA,0,-1,"landing",19,63
116,117,"acc_range",0.30870425951296226,1,NA,19,64
118,119,"speed_h_range",1720,1,NA,19,65
120,121,"speed_h_sum",212862,1,NA,19,66
0,0,NA,0,-1,"flight",19,67
0,0,NA,0,-1,"plane",19,68
122,123,"speed_v_range",1706,1,NA,19,69
124,125,"acc_range",0.3642350048509765,1,NA,19,70
126,127,"speed_v_range",124,1,NA,19,71
128,129,"acc_sum",10.842445973736616,1,NA,19,72
130,131,"speed_h_range",3188.5,1,NA,19,73
132,133,"speed_h_range",1708.5,1,NA,19,74
134,135,"acc_range",0.2714543340188468,1,NA,19,75
0,0,NA,0,-1,"maneuver",19,76
136,137,"speed_v_sum",-2937,1,NA,19,77
138,139,"speed_h_sum",386636,1,NA,19,78
140,141,"speed_h_sum",286451,1,NA,19,79
0,0,NA,0,-1,"landing",19,80
142,143,"speed_h_range",884.5,1,NA,19,81
144,145,"speed_h_range",1479,1,NA,19,82
146,147,"speed_v_range",3345.5,1,NA,19,83
148,149,"speed_v_range",793.5,1,NA,19,84
150,151,"acc_range",0.07364173162641385,1,NA,19,85
152,153,"heading_range",746728,1,NA,19,86
154,155,"speed_h_sum",387999.5,1,NA,19,87
156,157,"speed_v_sum",112500.5,1,NA,19,88
158,159,"speed_h_range",1248,1,NA,19,89
160,161,"speed_h_sum",149912,1,NA,19,90
162,163,"heading_range",452794.5,1,NA,19,91
0,0,NA,0,-1,"canopy",19,92
0,0,NA,0,-1,"landing",19,93
164,165,"heading_range",117610.5,1,NA,19,94
166,167,"speed_h_sum",116969,1,NA,19,95
168,169,"speed_v_range",4109,1,NA,19,96
170,171,"speed_v_sum",200613,1,NA,19,97
172,173,"speed_h_sum",135447.5,1,NA,19,98
174,175,"acc_sum",16.088143754070224,1,NA,19,99
176,177,"speed_h_sum",407291.5,1,NA,19,100
178,179,"speed_v_sum",366128.5,1,NA,19,101
0,0,NA,0,-1,"flight",19,102
0,0,NA,0,-1,"opening",19,103
180,181,"speed_h_sum",430677,1,NA,19,104
182,183,"heading_range",601001,1,NA,19,105
0,0,NA,0,-1,"plane",19,106
184,185,"heading_range",390894,1,NA,19,107
186,187,"speed_h_sum",484310,1,NA,19,108
0,0,NA,0,-1,"plane",19,109
188,189,"acc_sum",5.651163247397896,1,NA,19,110
190,191,"speed_v_sum",74166,1,NA,19,111
192,193,"heading_range",107568.5,1,NA,19,112
194,195,"acc_range",1.0918673441452906,1,NA,19,113
196,197,"acc_sum",7.835182679266612,1,NA,19,114
198,199,"acc_range",0.17800733002263552,1,NA,19,115
0,0,NA,0,-1,"freefall",19,116
0,0,NA,0,-1,"flight",19,117
0,0,NA,0,-1,"flight",19,118
0,0,NA,0,-1,"freefall",19,119
0,0,NA,0,-1,"freefall",19,120
0,0,NA,0,-1,"freefall",19,121
0,0,NA,0,-1,"flight",19,122
0,0,NA,0,-1,"flight",19,123
0,0,NA,0,-1,"plane",19,124
0,0,NA,0,-1,"plane",19,125
0,0,NA,0,-1,"plane",19,126
0,0,NA,0,-1,"flight",19,127
0,0,NA,0,-1,"plane",19,128
0,0,NA,0,-1,"plane",19,129
0,0,NA,0,-1,"freefall",19,130
0,0,NA,0,-1,"plane",19,131
0,0,NA,0,-1,"flight",19,132
0,0,NA,0,-1,"freefall",19,133
0,0,NA,0,-1,"plane",19,134
0,0,NA,0,-1,"plane",19,135
0,0,NA,0,-1,"plane",19,136
0,0,NA,0,-1,"plane",19,137
0,0,NA,0,-1,"canopy",19,138
0,0,NA,0,-1,"plane",19,139
0,0,NA,0,-1,"canopy",19,140
0,0,NA,0,-1,"plane",19,141
0,0,NA,0,-1,"canopy",19,142
0,0,NA,0,-1,"landing",19,143
0,0,NA,0,-1,"plane",19,144
0,0,NA,0,-1,"plane",19,145
0,0,NA,0,-1,"freefall",19,146
0,0,NA,0,-1,"plane",19,147
0,0,NA,0,-1,"canopy",19,148
0,0,NA,0,-1,"canopy",19,149
0,0,NA,0,-1,"plane",19,150
0,0,NA,0,-1,"canopy",19,151
0,0,NA,0,-1,"flight",19,152
0,0,NA,0,-1,"canopy",19,153
0,0,NA,0,-1,"freefall",19,154
0,0,NA,0,-1,"plane",19,155
0,0,NA,0,-1,"canopy",19,156
0,0,NA,0,-1,"freefall",19,157
0,0,NA,0,-1,"flight",19,158
0,0,NA,0,-1,"flight",19,159
0,0,NA,0,-1,"landing",19,160
0,0,NA,0,-1,"flight",19,161
0,0,NA,0,-1,"freefall",19,162
0,0,NA,0,-1,"flight",19,163
0,0,NA,0,-1,"canopy",19,164
0,0,NA,0,-1,"canopy",19,165
0,0,NA,0,-1,"freefall",19,166
0,0,NA,0,-1,"canopy",19,167
0,0,NA,0,-1,"landing",19,168
0,0,NA,0,-1,"maneuver",19,169
0,0,NA,0,-1,"canopy",19,170
0,0,NA,0,-1,"recovery_arc",19,171
0,0,NA,0,-1,"landing",19,172
0,0,NA,0,-1,"canopy",19,173
0,0,NA,0,-1,"landing",19,174
0,0,NA,0,-1,"recovery_arc",19,175
0,0,NA,0,-1,"opening",19,176
0,0,NA,0,-1,"plane",19,177
0,0,NA,0,-1,"flight",19,178
0,0,NA,0,-1,"freefall",19,179
0,0,NA,0,-1,"opening",19,180
0,0,NA,0,-1,"plane",19,181
0,0,NA,0,-1,"flight",19,182
0,0,NA,0,-1,"freefall",19,183
0,0,NA,0,-1,"opening",19,184
0,0,NA,0,-1,"opening",19,185
0,0,NA,0,-1,"plane",19,186
0,0,NA,0,-1,"freefall",19,187
0,0,NA,0,-1,"plane",19,188
0,0,NA,0,-1,"canopy",19,189
0,0,NA,0,-1,"canopy",19,190
0,0,NA,0,-1,"canopy",19,191
0,0,NA,0,-1,"plane",19,192
0,0,NA,0,-1,"landing",19,193
0,0,NA,0,-1,"canopy",19,194
0,0,NA,0,-1,"maneuver",19,195
0,0,NA,0,-1,"recovery_arc",19,196
0,0,NA,0,-1,"maneuver",19,197
0,0,NA,0,-1,"canopy",19,198
0,0,NA,0,-1,"maneuver",19,199
2,3,"heading_range",304652.5,1,NA,20,1
4,5,"acc_range",0.13624258288907087,1,NA,20,2
6,7,"speed_h_sum",279659,1,NA,20,3
8,9,"speed_v_sum",46223,1,NA,20,4
10,11,"speed_v_range",415.5,1,NA,20,5
12,13,"acc_range",0.3602539454295384,1,NA,20,6
14,15,"speed_v_sum",169478,1,NA,20,7
16,17,"speed_v_sum",43396,1,NA,20,8
18,19,"speed_h_sum",397125.5,1,NA,20,9
20,21,"heading_range",50921.5,1,NA,20,10
22,23,"acc_range",0.31348442602244647,1,NA,20,11
24,25,"speed_h_sum",187895,1,NA,20,12
26,27,"speed_v_sum",16506,1,NA,20,13
28,29,"acc_range",0.4252688077580052,1,NA,20,14
30,31,"heading_range",35977623.5,1,NA,20,15
32,33,"acc_range",0.08792408296874626,1,NA,20,16
34,35,"speed_h_range",334,1,NA,20,17
36,37,"speed_h_sum",263634,1,NA,20,18
38,39,"speed_v_range",265,1,NA,20,19
40,41,"speed_v_range",210.5,1,NA,20,20
42,43,"speed_h_sum",281269,1,NA,20,21
44,45,"heading_range",171581,1,NA,20,22
46,47,"speed_h_range",605.5,1,NA,20,23
48,49,"speed_v_range",1732.5,1,NA,20,24
50,51,"heading_range",457763,1,NA,20,25
52,53,"speed_h_sum",99811.5,1,NA,20,26
54,55,"speed_h_sum",188959,1,NA,20,27
56,57,"speed_h_range",3903.5,1,NA,20,28
58,59,"acc_sum",13.861751081923316,1,NA,20,29
60,61,"speed_v_range",4011.5,1,NA,20,30
0,0,NA,0,-1,"opening",20,31
62,63,"speed_v_range",369.5,1,NA,20,32
64,65,"speed_v_sum",34070,1,NA,20,33
66,67,"speed_v_range",416.5,1,NA,20,34
68,69,"speed_h_sum",323128.5,1,NA,20,35
70,71,"acc_sum",8.698082239050194,1,NA,20,36
72,73,"acc_sum",8.780241849595342,1,NA,20,37
74,75,"speed_v_sum",256120,1,NA,20,38
76,77,"acc_sum",9.041209343257934,1,NA,20,39
78,79,"speed_h_sum",278065.5,1,NA,20,40
80,81,"speed_h_range",277.5,1,NA,20,41
82,83,"speed_v_sum",201682.5,1,NA,20,42
84,85,"acc_sum",11.210946388396323,1,NA,20,43
86,87,"speed_v_sum",46712,1,NA,20,44
88,89,"speed_h_sum",301098.5,1,NA,20,45
90,91,"heading_range",148354,1,NA,20,46
92,93,"speed_v_range",1962.5,1,NA,20,47
94,95,"acc_range",0.25132921475563363,1,NA,20,48
96,97,"speed_v_range",2865,1,NA,20,49
98,99,"speed_v_range",505.5,1,NA,20,50
100,101,"speed_v_range",746,1,NA,20,51
102,103,"speed_h_sum",93546,1,NA,20,52
104,105,"speed_h_range",2731.5,1,NA,20,53
106,107,"speed_h_range",1252,1,NA,20,54
108,109,"speed_v_sum",262029,1,NA,20,55
110,111,"speed_v_sum",73441.5,1,NA,20,56
112,113,"speed_v_sum",72116.5,1,NA,20,57
114,115,"speed_h_range",3629.5,1,NA,20,58
116,117,"speed_h_sum",384839,1,NA,20,59
118,119,"acc_sum",7.6765724101831045,1,NA,20,60
120,121,"speed_v_range",8115,1,NA,20,61
122,123,"speed_h_range",182.5,1,NA,20,62
124,125,"speed_h_sum",259664,1,NA,20,63
126,127,"speed_v_sum",22147.5,1,NA,20,64
128,129,"speed_v_range",487.5,1,NA,20,65
130,131,"acc_range",0.05753485363123867,1,NA,20,66
132,133,"acc_range",0.08894884759679528,1,NA,20,67
134,135,"speed_v_range",533,1,NA,20,68
0,0,NA,0,-1,"plane",20,69
136,137,"heading_range",178829,1,NA,20,70
138,139,"speed_v_sum",72407.5,1,NA,20,71
140,141,"acc_sum",6.8417683769764785,1,NA,20,72
142,143,"speed_v_sum",140412.5,1,NA,20,73
0,0,NA,0,-1,"plane",20,74
0,0,NA,0,-1,"flight",20,75
0,0,NA,0,-1,"flight",20,76
144,145,"speed_v_range",1319,1,NA,20,77
146,147,"acc_range",0.2314029783484033,1,NA,20,78
148,149,"acc_range",0.3943756211489421,1,NA,20,79
150,151,"speed_h_range",140.5,1,NA,20,80
152,153,"speed_v_sum",38487.5,1,NA,20,81
154,155,"speed_h_sum",148511,1,NA,20,82
0,0,NA,0,-1,"flight",20,83
156,157,"speed_h_range",461,1,NA,20,84
158,159,"speed_h_sum",462570,1,NA,20,85
160,161,"acc_sum",9.246783955034296,1,NA,20,86
162,163,"speed_v_range",2127,1,NA,20,87
164,165,"acc_sum",8.86638142841247,1,NA,20,88
166,167,"speed_v_sum",106029,1,NA,20,89
168,169,"speed_v_sum",142073,1,NA,20,90
170,171,"speed_v_sum",146145,1,NA,20,91
172,173,"speed_v_sum",139080,1,NA,20,92
174,175,"acc_sum",12.690984356783815,1,NA,20,93
176,177,"speed_h_sum",155372,1,NA,20,94
178,179,"speed_h_sum",163704.5,1,NA,20,95
180,181,"speed_v_sum",48445.5,1,NA,20,96
182,183,"acc_range",0.18902939905345773,1,NA,20,97
184,185,"speed_h_range",504,1,NA,20,98
186,187,"speed_v_sum",242957.5,1,NA,20,99
188,189,"speed_v_range",119,1,NA,20,100
190,191,"acc_sum",15.021158890855709,1,NA,20,101
0,0,NA,0,-1,"landing",20,102
192,193,"acc_sum",9.576920589983215,1,NA,20,103
194,195,"speed_v_range",621.5,1,NA,20,104
196,197,"speed_v_sum",-15322.5,1,NA,20,105
198,199,"speed_v_sum",211526,1,NA,20,106
0,0,NA,0,-1,"canopy",20,107
0,0,NA,0,-1,"canopy",20,108
0,0,NA,0,-1,"flight",20,109
0,0,NA,0,-1,"plane",20,110
0,0,NA,0,-1,"plane",20,111
0,0,NA,0,-1,"plane",20,112
0,0,NA,0,-1,"freefall",20,113
0,0,NA,0,-1,"plane",20,114
0,0,NA,0,-1,"freefall",20,115
0,0,NA,0,-1,"canopy",20,116
0,0,NA,0,-1,"plane",20,117
0,0,NA,0,-1,"freefall",20,118
0,0,NA,0,-1,"flight",20,119
0,0,NA,0,-1,"freefall",20,120
0,0,NA,0,-1,"plane",20,121
0,0,NA,0,-1,"plane",20,122
0,0,NA,0,-1,"plane",20,123
0,0,NA,0,-1,"canopy",20,124
0,0,NA,0,-1,"plane",20,125
0,0,NA,0,-1,"plane",20,126
0,0,NA,0,-1,"plane",20,127
0,0,NA,0,-1,"canopy",20,128
0,0,NA,0,-1,"plane",20,129
0,0,NA,0,-1,"plane",20,130
0,0,NA,0,-1,"canopy",20,131
0,0,NA,0,-1,"plane",20,132
0,0,NA,0,-1,"canopy",20,133
0,0,NA,0,-1,"canopy",20,134
0,0,NA,0,-1,"canopy",20,135
0,0,NA,0,-1,"canopy",20,136
0,0,NA,0,-1,"maneuver",20,137
0,0,NA,0,-1,"canopy",20,138
0,0,NA,0,-1,"canopy",20,139
0,0,NA,0,-1,"flight",20,140
0,0,NA,0,-1,"freefall",20,141
0,0,NA,0,-1,"canopy",20,142
0,0,NA,0,-1,"flight",20,143
0,0,NA,0,-1,"plane",20,144
0,0,NA,0,-1,"plane",20,145
0,0,NA,0,-1,"canopy",20,146
0,0,NA,0,-1,"canopy",20,147
0,0,NA,0,-1,"plane",20,148
0,0,NA,0,-1,"flight",20,149
0,0,NA,0,-1,"canopy",20,150
0,0,NA,0,-1,"plane",20,151
0,0,NA,0,-1,"plane",20,152
0,0,NA,0,-1,"flight",20,153
0,0,NA,0,-1,"canopy",20,154
0,0,NA,0,-1,"canopy",20,155
0,0,NA,0,-1,"plane",20,156
0,0,NA,0,-1,"plane",20,157
0,0,NA,0,-1,"flight",20,158
0,0,NA,0,-1,"plane",20,159
0,0,NA,0,-1,"plane",20,160
0,0,NA,0,-1,"plane",20,161
0,0,NA,0,-1,"canopy",20,162
0,0,NA,0,-1,"freefall",20,163
0,0,NA,0,-1,"canopy",20,164
0,0,NA,0,-1,"canopy",20,165
0,0,NA,0,-1,"plane",20,166
0,0,NA,0,-1,"flight",20,167
0,0,NA,0,-1,"plane",20,168
0,0,NA,0,-1,"flight",20,169
0,0,NA,0,-1,"canopy",20,170
0,0,NA,0,-1,"flight",20,171
0,0,NA,0,-1,"plane",20,172
0,0,NA,0,-1,"flight",20,173
0,0,NA,0,-1,"plane",20,174
0,0,NA,0,-1,"flight",20,175
0,0,NA,0,-1,"canopy",20,176
0,0,NA,0,-1,"canopy",20,177
0,0,NA,0,-1,"canopy",20,178
0,0,NA,0,-1,"canopy",20,179
0,0,NA,0,-1,"landing",20,180
0,0,NA,0,-1,"canopy",20,181
0,0,NA,0,-1,"maneuver",20,182
0,0,NA,0,-1,"landing",20,183
0,0,NA,0,-1,"canopy",20,184
0,0,NA,0,-1,"canopy",20,185
0,0,NA,0,-1,"canopy",20,186
0,0,NA,0,-1,"flight",20,187
0,0,NA,0,-1,"maneuver",20,188
0,0,NA,0,-1,"canopy",20,189
0,0,NA,0,-1,"canopy",20,190
0,0,NA,0,-1,"canopy",20,191
0,0,NA,0,-1,"canopy",20,192
0,0,NA,0,-1,"landing",20,193
0,0,NA,0,-1,"canopy",20,194
0,0,NA,0,-1,"landing",20,195
0,0,NA,0,-1,"maneuver",20,196
0,0,NA,0,-1,"maneuver",20,197
0,0,NA,0,-1,"canopy",20,198
0,0,NA,0,-1,"freefall",20,199
2,3,"speed_h_sum",280912.5,1,NA,21,1
4,5,"speed_v_range",977.5,1,NA,21,2
6,7,"speed_v_sum",136694.5,1,NA,21,3
8,9,"speed_h_sum",204284,1,NA,21,4
10,11,"speed_h_sum",42563,1,NA,21,5
12,13,"speed_v_sum",94149,1,NA,21,6
14,15,"speed_v_range",3243.5,1,NA,21,7
16,17,"speed_v_sum",236217,1,NA,21,8
18,19,"speed_v_sum",253950.5,1,NA,21,9
20,21,"heading_range",3729815.5,1,NA,21,10
22,23,"acc_sum",7.825920550651645,1,NA,21,11
24,25,"speed_h_sum",293150,1,NA,21,12
26,27,"speed_v_range",3414.5,1,NA,21,13
28,29,"acc_range",0.08196231259598113,1,NA,21,14
30,31,"speed_v_range",8027.5,1,NA,21,15
32,33,"speed_v_sum",6301.5,1,NA,21,16
34,35,"speed_h_sum",148834,1,NA,21,17
36,37,"acc_range",0.07506811368237448,1,NA,21,18
38,39,"speed_v_sum",254493,1,NA,21,19
40,41,"heading_range",1204565,1,NA,21,20
42,43,"speed_h_range",2073,1,NA,21,21
44,45,"heading_range",193802.5,1,NA,21,22
46,47,"acc_range",0.26629961176730993,1,NA,21,23
48,49,"speed_v_sum",68243,1,NA,21,24
50,51,"speed_h_range",3599,1,NA,21,25
52,53,"speed_h_sum",378947,1,NA,21,26
54,55,"speed_h_range",2773,1,NA,21,27
56,57,"acc_sum",10.829336705011798,1,NA,21,28
58,59,"speed_v_range",1404,1,NA,21,29
60,61,"acc_sum",12.245219432253165,1,NA,21,30
0,0,NA,0,-1,"plane",21,31
62,63,"speed_v_range",344,1,NA,21,32
64,65,"speed_h_range",1404.5,1,NA,21,33
0,0,NA,0,-1,"freefall",21,34
0,0,NA,0,-1,"flight",21,35
66,67,"speed_v_sum",-2025,1,NA,21,36
68,69,"speed_v_range",597.5,1,NA,21,37
70,71,"acc_range",0.3154873943766277,1,NA,21,38
0,0,NA,0,-1,"flight",21,39
72,73,"speed_v_sum",30862,1,NA,21,40
0,0,NA,0,-1,"landing",21,41
74,75,"acc_range",0.3647826979565471,1,NA,21,42
76,77,"acc_sum",10.633902422226324,1,NA,21,43
78,79,"speed_h_sum",206224,1,NA,21,44
80,81,"acc_sum",6.0127879844729515,1,NA,21,45
82,83,"speed_h_sum",164905.5,1,NA,21,46
84,85,"speed_v_sum",174250,1,NA,21,47
0,0,NA,0,-1,"plane",21,48
86,87,"acc_sum",11.213775297440591,1,NA,21,49
88,89,"acc_sum",10.95227332735611,1,NA,21,50
90,91,"acc_range",0.41924944100835143,1,NA,21,51
92,93,"acc_sum",11.194068596394189,1,NA,21,52
94,95,"speed_h_range",2496,1,NA,21,53
96,97,"acc_range",0.3778861640663739,1,NA,21,54
98,99,"acc_range",0.20184932040005849,1,NA,21,55
0,0,NA,0,-1,"plane",21,56
0,0,NA,0,-1,"flight",21,57
100,101,"speed_v_range",693.5,1,NA,21,58
102,103,"speed_h_range",3410.5,1,NA,21,59
104,105,"acc_range",0.7027695614216758,1,NA,21,60
106,107,"speed_v_range",4403,1,NA,21,61
108,109,"heading_range",845263.5,1,NA,21,62
110,111,"speed_v_sum",-4634,1,NA,21,63
112,113,"speed_h_sum",148555,1,NA,21,64
114,115,"acc_range",0.34107304937826494,1,NA,21,65
0,0,NA,0,-1,"plane",21,66
116,117,"acc_sum",9.559279772487127,1,NA,21,67
118,119,"speed_v_sum",76596,1,NA,21,68
120,121,"heading_range",461535.5,1,NA,21,69
0,0,NA,0,-1,"flight",21,70
0,0,NA,0,-1,"freefall",21,71
0,0,NA,0,-1,"landing",21,72
0,0,NA,0,-1,"canopy",21,73
0,0,NA,0,-1,"canopy",21,74
0,0,NA,0,-1,"landing",21,75
0,0,NA,0,-1,"canopy",21,76
122,123,"speed_v_sum",82878,1,NA,21,77
124,125,"speed_v_sum",194076,1,NA,21,78
126,127,"speed_h_sum",209141.5,1,NA,21,79
128,129,"speed_h_range",350.5,1,NA,21,80
130,131,"speed_v_sum",199591.5,1,NA,21,81
132,133,"heading_range",856495,1,NA,21,82
134,135,"speed_h_range",1311.5,1,NA,21,83
136,137,"speed_v_range",1537.5,1,NA,21,84
138,139,"acc_sum",13.792251753971446,1,NA,21,85
0,0,NA,0,-1,"plane",21,86
0,0,NA,0,-1,"canopy",21,87
140,141,"speed_h_range",2599.5,1,NA,21,88
142,143,"acc_range",0.730345273829494,1,NA,21,89
144,145,"acc_sum",8.872845735455844,1,NA,21,90
146,147,"acc_range",0.5805489934879837,1,NA,21,91
148,149,"speed_v_range",698.5,1,NA,21,92
0,0,NA,0,-1,"canopy",21,93
150,151,"acc_range",0.3679976739954966,1,NA,21,94
0,0,NA,0,-1,"plane",21,95
152,153,"speed_h_sum",420270,1,NA,21,96
154,155,"acc_sum",6.322710631190894,1,NA,21,97
0,0,NA,0,-1,"plane",21,98
0,0,NA,0,-1,"freefall",21,99
156,157,"speed_v_sum",215821,1,NA,21,100
158,159,"speed_v_sum",147163.5,1,NA,21,101
160,161,"speed_h_sum",449513.5,1,NA,21,102
162,163,"speed_h_sum",290073.5,1,NA,21,103
164,165,"acc_sum",6.071192416897906,1,NA,21,104
166,167,"acc_sum",8.941159065457786,1,NA,21,105
168,169,"speed_v_sum",258798,1,NA,21,106
0,0,NA,0,-1,"flight",21,107
0,0,NA,0,-1,"plane",21,108
0,0,NA,0,-1,"landing",21,109
170,171,"heading_range",143665,1,NA,21,110
0,0,NA,0,-1,"landing",21,111
172,173,"acc_range",0.6120208414939123,1,NA,21,112
174,175,"speed_v_sum",59893.5,1,NA,21,113
176,177,"heading_range",542527,1,NA,21,114
178,179,"acc_sum",15.298075388741339,1,NA,21,115
180,181,"speed_v_range",566.5,1,NA,21,116
182,183,"speed_h_range",108.5,1,NA,21,117
184,185,"speed_h_range",428.5,1,NA,21,118
186,187,"speed_v_sum",142203.5,1,NA,21,119
188,189,"speed_v_range",598.5,1,NA,21,120
190,191,"speed_h_range",774,1,NA,21,121
0,0,NA,0,-1,"landing",21,122
0,0,NA,0,-1,"canopy",21,123
192,193,"speed_v_sum",108434,1,NA,21,124
0,0,NA,0,-1,"freefall",21,125
194,195,"acc_sum",5.4403396071102215,1,NA,21,126
196,197,"speed_h_range",1329,1,NA,21,127
0,0,NA,0,-1,"canopy",21,128
198,199,"acc_range",0.23012832356183566,1,NA,21,129
0,0,NA,0,-1,"canopy",21,130
0,0,NA,0,-1,"freefall",21,131
0,0,NA,0,-1,"canopy",21,132
0,0,NA,0,-1,"canopy",21,133
0,0,NA,0,-1,"canopy",21,134
0,0,NA,0,-1,"canopy",21,135
0,0,NA,0,-1,"canopy",21,136
0,0,NA,0,-1,"landing",21,137
0,0,NA,0,-1,"flight",21,138
0,0,NA,0,-1,"recovery_arc",21,139
0,0,NA,0,-1,"plane",21,140
0,0,NA,0,-1,"plane",21,141
0,0,NA,0,-1,"plane",21,142
0,0,NA,0,-1,"plane",21,143
0,0,NA,0,-1,"plane",21,144
0,0,NA,0,-1,"plane",21,145
0,0,NA,0,-1,"plane",21,146
0,0,NA,0,-1,"freefall",21,147
0,0,NA,0,-1,"flight",21,148
0,0,NA,0,-1,"canopy",21,149
0,0,NA,0,-1,"opening",21,150
0,0,NA,0,-1,"plane",21,151
0,0,NA,0,-1,"plane",21,152
0,0,NA,0,-1,"plane",21,153
0,0,NA,0,-1,"plane",21,154
0,0,NA,0,-1,"freefall",21,155
0,0,NA,0,-1,"flight",21,156
0,0,NA,0,-1,"flight",21,157
0,0,NA,0,-1,"flight",21,158
0,0,NA,0,-1,"flight",21,159
0,0,NA,0,-1,"flight",21,160
0,0,NA,0,-1,"opening",21,161
0,0,NA,0,-1,"canopy",21,162
0,0,NA,0,-1,"opening",21,163
0,0,NA,0,-1,"freefall",21,164
0,0,NA,0,-1,"freefall",21,165
0,0,NA,0,-1,"flight",21,166
0,0,NA,0,-1,"flight",21,167
0,0,NA,0,-1,"opening",21,168
0,0,NA,0,-1,"flight",21,169
0,0,NA,0,-1,"plane",21,170
0,0,NA,0,-1,"canopy",21,171
0,0,NA,0,-1,"canopy",21,172
0,0,NA,0,-1,"canopy",21,173
0,0,NA,0,-1,"canopy",21,174
0,0,NA,0,-1,"canopy",21,175
0,0,NA,0,-1,"canopy",21,176
0,0,NA,0,-1,"canopy",21,177
0,0,NA,0,-1,"landing",21,178
0,0,NA,0,-1,"canopy",21,179
0,0,NA,0,-1,"maneuver",21,180
0,0,NA,0,-1,"freefall",21,181
0,0,NA,0,-1,"maneuver",21,182
0,0,NA,0,-1,"canopy",21,183
0,0,NA,0,-1,"canopy",21,184
0,0,NA,0,-1,"canopy",21,185
0,0,NA,0,-1,"canopy",21,186
0,0,NA,0,-1,"maneuver",21,187
0,0,NA,0,-1,"plane",21,188
0,0,NA,0,-1,"canopy",21,189
0,0,NA,0,-1,"maneuver",21,190
0,0,NA,0,-1,"canopy",21,191
0,0,NA,0,-1,"canopy",21,192
0,0,NA,0,-1,"recovery_arc",21,193
0,0,NA,0,-1,"plane",21,194
0,0,NA,0,-1,"freefall",21,195
0,0,NA,0,-1,"freefall",21,196
0,0,NA,0,-1,"freefall",21,197
0,0,NA,0,-1,"maneuver",21,198
0,0,NA,0,-1,"maneuver",21,199
2,3,"speed_h_sum",275984,1,NA,22,1
4,5,"speed_v_sum",206148.5,1,NA,22,2
6,7,"speed_v_sum",136553,1,NA,22,3
8,9,"acc_sum",11.898237328743885,1,NA,22,4
10,11,"speed_v_range",1362.5,1,NA,22,5
12,13,"acc_sum",15.587553904605972,1,NA,22,6
14,15,"speed_h_range",2078,1,NA,22,7
16,17,"speed_v_range",921.5,1,NA,22,8
18,19,"speed_v_sum",21265,1,NA,22,9
20,21,"acc_sum",14.047321383617557,1,NA,22,10
22,23,"acc_sum",9.96846266763004,1,NA,22,11
24,25,"speed_h_range",3870.5,1,NA,22,12
26,27,"speed_h_sum",370995.5,1,NA,22,13
28,29,"acc_range",0.08917786117173687,1,NA,22,14
30,31,"speed_h_sum",346198.5,1,NA,22,15
32,33,"speed_h_range",1569.5,1,NA,22,16
34,35,"speed_v_sum",30183.5,1,NA,22,17
36,37,"heading_range",631653,1,NA,22,18
38,39,"speed_v_sum",140861,1,NA,22,19
40,41,"speed_v_sum",254448.5,1,NA,22,20
42,43,"speed_v_sum",325295.5,1,NA,22,21
44,45,"acc_sum",7.81719647694492,1,NA,22,22
46,47,"speed_h_sum",166696,1,NA,22,23
48,49,"speed_h_sum",281845.5,1,NA,22,24
50,51,"speed_v_sum",32114,1,NA,22,25
0,0,NA,0,-1,"canopy",22,26
0,0,NA,0,-1,"plane",22,27
52,53,"heading_range",27792,1,NA,22,28
54,55,"speed_v_range",1963,1,NA,22,29
56,57,"heading_range",105785.5,1,NA,22,30
58,59,"speed_h_range",3819.5,1,NA,22,31
60,61,"speed_h_sum",204856,1,NA,22,32
62,63,"acc_sum",11.720916828968658,1,NA,22,33
64,65,"speed_h_sum",81545.5,1,NA,22,34
66,67,"speed_v_sum",144435.5,1,NA,22,35
68,69,"speed_v_sum",-7668.5,1,NA,22,36
70,71,"speed_v_sum",-11531.5,1,NA,22,37
72,73,"speed_h_sum",153550,1,NA,22,38
74,75,"speed_v_range",3482.5,1,NA,22,39
76,77,"acc_sum",11.240199462194003,1,NA,22,40
78,79,"speed_h_range",1484,1,NA,22,41
0,0,NA,0,-1,"recovery_arc",22,42
80,81,"heading_range",735370,1,NA,22,43
82,83,"speed_h_range",896,1,NA,22,44
84,85,"speed_h_sum",195139,1,NA,22,45
86,87,"speed_h_sum",130621.5,1,NA,22,46
88,89,"speed_h_sum",240510,1,NA,22,47
90,91,"speed_h_range",234,1,NA,22,48
92,93,"speed_h_sum",361616,1,NA,22,49
94,95,"heading_range",361301.5,1,NA,22,50
96,97,"speed_v_range",6627,1,NA,22,51
0,0,NA,0,-1,"plane",22,52
98,99,"heading_range",729890.5,1,NA,22,53
100,101,"speed_v_sum",150077,1,NA,22,54
102,103,"speed_h_sum",448223.5,1,NA,22,55
104,105,"acc_sum",6.0149280551687045,1,NA,22,56
106,107,"speed_v_range",2904,1,NA,22,57
108,109,"speed_v_range",3220.5,1,NA,22,58
0,0,NA,0,-1,"plane",22,59
110,111,"acc_sum",7.68951025909216,1,NA,22,60
112,113,"speed_v_range",796.5,1,NA,22,61
114,115,"heading_range",503448,1,NA,22,62
116,117,"speed_v_range",748.5,1,NA,22,63
118,119,"acc_range",0.3974668604785215,1,NA,22,64
120,121,"acc_sum",8.171458678178784,1,NA,22,65
122,123,"acc_sum",6.964333480727611,1,NA,22,66
124,125,"acc_sum",7.948860827278301,1,NA,22,67
126,127,"speed_h_range",2946.5,1,NA,22,68
128,129,"acc_range",0.4315776370534449,1,NA,22,69
0,0,NA,0,-1,"canopy",22,70
130,131,"acc_range",0.7204799674205454,1,NA,22,71
132,133,"speed_h_sum",138561,1,NA,22,72
134,135,"acc_sum",18.2225775316843,1,NA,22,73
136,137,"acc_sum",14.617382542713974,1,NA,22,74
138,139,"acc_sum",22.034868842675273,1,NA,22,75
0,0,NA,0,-1,"freefall",22,76
0,0,NA,0,-1,"recovery_arc",22,77
0,0,NA,0,-1,"flight",22,78
140,141,"acc_range",0.6896133977580449,1,NA,22,79
0,0,NA,0,-1,"freefall",22,80
142,143,"acc_sum",17.192427626778365,1,NA,22,81
0,0,NA,0,-1,"flight",22,82
0,0,NA,0,-1,"freefall",22,83
0,0,NA,0,-1,"freefall",22,84
144,145,"speed_h_range",1746.5,1,NA,22,85
146,147,"speed_h_range",3083,1,NA,22,86
148,149,"acc_range",0.7012492232169839,1,NA,22,87
150,151,"speed_h_range",1163.5,1,NA,22,88
0,0,NA,0,-1,"flight",22,89
152,153,"speed_h_sum",276723.5,1,NA,22,90
154,155,"speed_v_range",3501.5,1,NA,22,91
156,157,"acc_sum",13.078010321998086,1,NA,22,92
158,159,"acc_range",0.5385026105861229,1,NA,22,93
0,0,NA,0,-1,"plane",22,94
160,161,"acc_sum",12.314354441346001,1,NA,22,95
162,163,"acc_range",0.5490797354975874,1,NA,22,96
164,165,"acc_range",0.5977595877023716,1,NA,22,97
166,167,"speed_h_sum",500161,1,NA,22,98
0,0,NA,0,-1,"plane",22,99
168,169,"heading_range",236512,1,NA,22,100
170,171,"speed_v_sum",218447.5,1,NA,22,101
172,173,"speed_v_range",4193,1,NA,22,102
174,175,"speed_v_sum",209932.5,1,NA,22,103
176,177,"speed_h_range",2187.5,1,NA,22,104
178,179,"speed_v_range",2083.5,1,NA,22,105
180,181,"speed_h_range",2491,1,NA,22,106
182,183,"acc_range",0.7661126064356939,1,NA,22,107
184,185,"speed_v_sum",341716.5,1,NA,22,108
186,187,"speed_h_sum",392534,1,NA,22,109
188,189,"speed_v_sum",48344.5,1,NA,22,110
190,191,"heading_range",1265384.5,1,NA,22,111
192,193,"acc_sum",9.597539712132619,1,NA,22,112
194,195,"speed_h_sum",240674.5,1,NA,22,113
196,197,"speed_v_sum",22705,1,NA,22,114
198,199,"speed_v_sum",126245,1,NA,22,115
0,0,NA,0,-1,"canopy",22,116
0,0,NA,0,-1,"landing",22,117
0,0,NA,0,-1,"landing",22,118
0,0,NA,0,-1,"landing",22,119
0,0,NA,0,-1,"maneuver",22,120
0,0,NA,0,-1,"landing",22,121
0,0,NA,0,-1,"maneuver",22,122
0,0,NA,0,-1,"canopy",22,123
0,0,NA,0,-1,"freefall",22,124
0,0,NA,0,-1,"recovery_arc",22,125
0,0,NA,0,-1,"landing",22,126
0,0,NA,0,-1,"maneuver",22,127
0,0,NA,0,-1,"landing",22,128
0,0,NA,0,-1,"landing",22,129
0,0,NA,0,-1,"landing",22,130
0,0,NA,0,-1,"landing",22,131
0,0,NA,0,-1,"canopy",22,132
0,0,NA,0,-1,"canopy",22,133
0,0,NA,0,-1,"canopy",22,134
0,0,NA,0,-1,"maneuver",22,135
0,0,NA,0,-1,"canopy",22,136
0,0,NA,0,-1,"canopy",22,137
0,0,NA,0,-1,"opening",22,138
0,0,NA,0,-1,"landing",22,139
0,0,NA,0,-1,"flight",22,140
0,0,NA,0,-1,"freefall",22,141
0,0,NA,0,-1,"flight",22,142
0,0,NA,0,-1,"freefall",22,143
0,0,NA,0,-1,"flight",22,144
0,0,NA,0,-1,"flight",22,145
0,0,NA,0,-1,"freefall",22,146
0,0,NA,0,-1,"recovery_arc",22,147
0,0,NA,0,-1,"recovery_arc",22,148
0,0,NA,0,-1,"freefall",22,149
0,0,NA,0,-1,"flight",22,150
0,0,NA,0,-1,"recovery_arc",22,151
0,0,NA,0,-1,"maneuver",22,152
0,0,NA,0,-1,"canopy",22,153
0,0,NA,0,-1,"plane",22,154
0,0,NA,0,-1,"freefall",22,155
0,0,NA,0,-1,"plane",22,156
0,0,NA,0,-1,"canopy",22,157
0,0,NA,0,-1,"plane",22,158
0,0,NA,0,-1,"plane",22,159
0,0,NA,0,-1,"plane",22,160
0,0,NA,0,-1,"freefall",22,161
0,0,NA,0,-1,"freefall",22,162
0,0,NA,0,-1,"freefall",22,163
0,0,NA,0,-1,"plane",22,164
0,0,NA,0,-1,"freefall",22,165
0,0,NA,0,-1,"flight",22,166
0,0,NA,0,-1,"plane",22,167
0,0,NA,0,-1,"flight",22,168
0,0,NA,0,-1,"freefall",22,169
0,0,NA,0,-1,"flight",22,170
0,0,NA,0,-1,"flight",22,171
0,0,NA,0,-1,"flight",22,172
0,0,NA,0,-1,"freefall",22,173
0,0,NA,0,-1,"plane",22,174
0,0,NA,0,-1,"opening",22,175
0,0,NA,0,-1,"freefall",22,176
0,0,NA,0,-1,"plane",22,177
0,0,NA,0,-1,"flight",22,178
0,0,NA,0,-1,"freefall",22,179
0,0,NA,0,-1,"flight",22,180
0,0,NA,0,-1,"opening",22,181
0,0,NA,0,-1,"freefall",22,182
0,0,NA,0,-1,"flight",22,183
0,0,NA,0,-1,"flight",22,184
0,0,NA,0,-1,"freefall",22,185
0,0,NA,0,-1,"freefall",22,186
0,0,NA,0,-1,"flight",22,187
0,0,NA,0,-1,"plane",22,188
0,0,NA,0,-1,"landing",22,189
0,0,NA,0,-1,"canopy",22,190
0,0,NA,0,-1,"canopy",22,191
0,0,NA,0,-1,"canopy",22,192
0,0,NA,0,-1,"canopy",22,193
0,0,NA,0,-1,"maneuver",22,194
0,0,NA,0,-1,"canopy",22,195
0,0,NA,0,-1,"landing",22,196
0,0,NA,0,-1,"canopy",22,197
0,0,NA,0,-1,"canopy",22,198
0,0,NA,0,-1,"recovery_arc",22,199
2,3,"speed_h_sum",275796,1,NA,23,1
4,5,"speed_h_range",1181.5,1,NA,23,2
6,7,"acc_range",0.3292296966657105,1,NA,23,3
8,9,"heading_range",1461206.5,1,NA,23,4
10,11,"speed_v_sum",29108.5,1,NA,23,5
12,13,"acc_sum",7.878455840127053,1,NA,23,6
14,15,"speed_h_range",605.5,1,NA,23,7
16,17,"speed_v_range",790.5,1,NA,23,8
18,19,"heading_range",35663691.5,1,NA,23,9
20,21,"speed_v_range",4163,1,NA,23,10
22,23,"speed_v_sum",201653.5,1,NA,23,11
24,25,"speed_v_sum",96977.5,1,NA,23,12
26,27,"speed_v_sum",132651.5,1,NA,23,13
28,29,"speed_h_sum",455246,1,NA,23,14
30,31,"acc_sum",12.627487134860953,1,NA,23,15
32,33,"speed_v_sum",253510,1,NA,23,16
34,35,"acc_range",0.3336377504345137,1,NA,23,17
36,37,"acc_sum",13.82955414175246,1,NA,23,18
38,39,"speed_h_range",1161.5,1,NA,23,19
40,41,"speed_v_range",681.5,1,NA,23,20
42,43,"speed_h_sum",202698,1,NA,23,21
44,45,"acc_range",0.2664219743428441,1,NA,23,22
46,47,"acc_sum",9.955046610998586,1,NA,23,23
48,49,"speed_h_range",4624,1,NA,23,24
50,51,"heading_range",64514,1,NA,23,25
52,53,"speed_v_sum",87214,1,NA,23,26
54,55,"speed_h_sum",512337.5,1,NA,23,27
56,57,"speed_v_sum",129701.5,1,NA,23,28
58,59,"speed_v_sum",159284.5,1,NA,23,29
60,61,"speed_v_sum",135276.5,1,NA,23,30
62,63,"acc_sum",16.53738680395982,1,NA,23,31
64,65,"speed_h_sum",204051,1,NA,23,32
0,0,NA,0,-1,"flight",23,33
66,67,"speed_v_sum",164735.5,1,NA,23,34
68,69,"speed_h_sum",188558,1,NA,23,35
70,71,"speed_v_sum",28744.5,1,NA,23,36
72,73,"speed_v_range",1273.5,1,NA,23,37
74,75,"speed_v_sum",70663,1,NA,23,38
76,77,"speed_h_sum",198253.5,1,NA,23,39
78,79,"acc_sum",10.52804770507954,1,NA,23,40
80,81,"speed_v_sum",-10640.5,1,NA,23,41
82,83,"speed_v_range",4712,1,NA,23,42
84,85,"acc_range",0.3640008688544359,1,NA,23,43
86,87,"acc_sum",8.32056009891831,1,NA,23,44
88,89,"speed_v_range",1988.5,1,NA,23,45
90,91,"speed_v_range",1579,1,NA,23,46
92,93,"heading_range",1131576,1,NA,23,47
0,0,NA,0,-1,"plane",23,48
94,95,"speed_v_sum",49192,1,NA,23,49
96,97,"speed_h_sum",380279,1,NA,23,50
98,99,"speed_v_sum",210489,1,NA,23,51
100,101,"speed_v_sum",53402,1,NA,23,52
102,103,"speed_h_sum",418603,1,NA,23,53
104,105,"heading_range",35972767.5,1,NA,23,54
0,0,NA,0,-1,"plane",23,55
106,107,"heading_range",218727.5,1,NA,23,56
108,109,"acc_range",1.1754157373597884,1,NA,23,57
110,111,"speed_v_range",423,1,NA,23,58
112,113,"speed_v_sum",268097,1,NA,23,59
114,115,"speed_h_range",4024,1,NA,23,60
116,117,"speed_h_sum",348182.5,1,NA,23,61
118,119,"speed_h_sum",447521,1,NA,23,62
120,121,"acc_sum",22.922697724301013,1,NA,23,63
122,123,"acc_range",0.6109712871887805,1,NA,23,64
124,125,"acc_sum",9.67515495108913,1,NA,23,65
126,127,"heading_range",116616,1,NA,23,66
128,129,"speed_v_sum",254612,1,NA,23,67
130,131,"acc_sum",18.755762610396147,1,NA,23,68
132,133,"heading_range",942478.5,1,NA,23,69
0,0,NA,0,-1,"landing",23,70
134,135,"acc_sum",11.972371836518917,1,NA,23,71
136,137,"acc_sum",14.303972555551706,1,NA,23,72
138,139,"speed_v_sum",190849.5,1,NA,23,73
140,141,"speed_v_sum",8865.5,1,NA,23,74
142,143,"acc_sum",10.597947930179288,1,NA,23,75
144,145,"speed_h_sum",162708,1,NA,23,76
0,0,NA,0,-1,"recovery_arc",23,77
146,147,"speed_h_sum",104120.5,1,NA,23,78
148,149,"speed_v_sum",16212,1,NA,23,79
150,151,"heading_range",216509.5,1,NA,23,80
152,153,"speed_h_sum",104870.5,1,NA,23,81
154,155,"speed_h_range",2479.5,1,NA,23,82
0,0,NA,0,-1,"maneuver",23,83
0,0,NA,0,-1,"plane",23,84
0,0,NA,0,-1,"landing",23,85
156,157,"acc_sum",5.19762821374321,1,NA,23,86
158,159,"speed_h_sum",176161.5,1,NA,23,87
160,161,"speed_h_sum",153767.5,1,NA,23,88
162,163,"speed_h_range",3931.5,1,NA,23,89
164,165,"acc_sum",9.627313050495358,1,NA,23,90
166,167,"speed_h_range",2898.5,1,NA,23,91
168,169,"speed_v_sum",357884.5,1,NA,23,92
170,171,"acc_range",1.2670723199337472,1,NA,23,93
0,0,NA,0,-1,"plane",23,94
0,0,NA,0,-1,"freefall",23,95
172,173,"speed_h_range",1809,1,NA,23,96
0,0,NA,0,-1,"flight",23,97
174,175,"speed_v_range",3219.5,1,NA,23,98
176,177,"speed_h_range",2071.5,1,NA,23,99
178,179,"acc_sum",10.944921059965857,1,NA,23,100
180,181,"speed_h_range",220,1,NA,23,101
182,183,"acc_sum",12.70152830705226,1,NA,23,102
0,0,NA,0,-1,"plane",23,103
184,185,"speed_h_sum",298143.5,1,NA,23,104
0,0,NA,0,-1,"opening",23,105
186,187,"speed_v_range",377.5,1,NA,23,106
188,189,"speed_h_range",563,1,NA,23,107
190,191,"speed_v_range",1436,1,NA,23,108
192,193,"speed_h_range",146.5,1,NA,23,109
194,195,"acc_sum",11.143808037500428,1,NA,23,110
0,0,NA,0,-1,"plane",23,111
0,0,NA,0,-1,"flight",23,112
0,0,NA,0,-1,"opening",23,113
196,197,"speed_h_sum",374405,1,NA,23,114
198,199,"acc_sum",7.264188583056436,1,NA,23,115
0,0,NA,0,-1,"flight",23,116
0,0,NA,0,-1,"flight",23,117
0,0,NA,0,-1,"flight",23,118
0,0,NA,0,-1,"plane",23,119
0,0,NA,0,-1,"opening",23,120
0,0,NA,0,-1,"canopy",23,121
0,0,NA,0,-1,"canopy",23,122
0,0,NA,0,-1,"canopy",23,123
0,0,NA,0,-1,"canopy",23,124
0,0,NA,0,-1,"canopy",23,125
0,0,NA,0,-1,"canopy",23,126
0,0,NA,0,-1,"canopy",23,127
0,0,NA,0,-1,"freefall",23,128
0,0,NA,0,-1,"flight",23,129
0,0,NA,0,-1,"canopy",23,130
0,0,NA,0,-1,"freefall",23,131
0,0,NA,0,-1,"flight",23,132
0,0,NA,0,-1,"recovery_arc",23,133
0,0,NA,0,-1,"canopy",23,134
0,0,NA,0,-1,"canopy",23,135
0,0,NA,0,-1,"maneuver",23,136
0,0,NA,0,-1,"canopy",23,137
0,0,NA,0,-1,"canopy",23,138
0,0,NA,0,-1,"recovery_arc",23,139
0,0,NA,0,-1,"landing",23,140
0,0,NA,0,-1,"canopy",23,141
0,0,NA,0,-1,"canopy",23,142
0,0,NA,0,-1,"canopy",23,143
0,0,NA,0,-1,"opening",23,144
0,0,NA,0,-1,"maneuver",23,145
0,0,NA,0,-1,"maneuver",23,146
0,0,NA,0,-1,"landing",23,147
0,0,NA,0,-1,"landing",23,148
0,0,NA,0,-1,"canopy",23,149
0,0,NA,0,-1,"plane",23,150
0,0,NA,0,-1,"maneuver",23,151
0,0,NA,0,-1,"landing",23,152
0,0,NA,0,-1,"landing",23,153
0,0,NA,0,-1,"canopy",23,154
0,0,NA,0,-1,"maneuver",23,155
0,0,NA,0,-1,"maneuver",23,156
0,0,NA,0,-1,"canopy",23,157
0,0,NA,0,-1,"canopy",23,158
0,0,NA,0,-1,"canopy",23,159
0,0,NA,0,-1,"canopy",23,160
0,0,NA,0,-1,"canopy",23,161
0,0,NA,0,-1,"landing",23,162
0,0,NA,0,-1,"opening",23,163
0,0,NA,0,-1,"flight",23,164
0,0,NA,0,-1,"flight",23,165
0,0,NA,0,-1,"freefall",23,166
0,0,NA,0,-1,"flight",23,167
0,0,NA,0,-1,"flight",23,168
0,0,NA,0,-1,"freefall",23,169
0,0,NA,0,-1,"recovery_arc",23,170
0,0,NA,0,-1,"opening",23,171
0,0,NA,0,-1,"plane",23,172
0,0,NA,0,-1,"freefall",23,173
0,0,NA,0,-1,"flight",23,174
0,0,NA,0,-1,"freefall",23,175
0,0,NA,0,-1,"flight",23,176
0,0,NA,0,-1,"freefall",23,177
0,0,NA,0,-1,"plane",23,178
0,0,NA,0,-1,"plane",23,179
0,0,NA,0,-1,"canopy",23,180
0,0,NA,0,-1,"plane",23,181
0,0,NA,0,-1,"canopy",23,182
0,0,NA,0,-1,"maneuver",23,183
0,0,NA,0,-1,"flight",23,184
0,0,NA,0,-1,"flight",23,185
0,0,NA,0,-1,"plane",23,186
0,0,NA,0,-1,"plane",23,187
0,0,NA,0,-1,"canopy",23,188
0,0,NA,0,-1,"plane",23,189
0,0,NA,0,-1,"flight",23,190
0,0,NA,0,-1,"flight",23,191
0,0,NA,0,-1,"flight",23,192
0,0,NA,0,-1,"flight",23,193
0,0,NA,0,-1,"plane",23,194
0,0,NA,0,-1,"freefall",23,195
0,0,NA,0,-1,"plane",23,196
0,0,NA,0,-1,"plane",23,197
0,0,NA,0,-1,"plane",23,198
0,0,NA,0,-1,"freefall",23,199
2,3,"speed_v_sum",45658,1,NA,24,1
4,5,"speed_h_sum",271605,1,NA,24,2
6,7,"speed_h_sum",281241.5,1,NA,24,3
8,9,"speed_h_sum",85411.5,1,NA,24,4
10,11,"acc_range",0.6852749738112204,1,NA,24,5
12,13,"speed_v_sum",181894,1,NA,24,6
14,15,"speed_v_sum",137786.5,1,NA,24,7
16,17,"speed_v_sum",25699.5,1,NA,24,8
18,19,"speed_v_range",875.5,1,NA,24,9
20,21,"acc_sum",10.95227332735611,1,NA,24,10
22,23,"speed_v_range",7605.5,1,NA,24,11
24,25,"speed_v_sum",107167.5,1,NA,24,12
26,27,"speed_h_sum",179252,1,NA,24,13
28,29,"acc_sum",13.880303274402262,1,NA,24,14
30,31,"acc_sum",7.727861262591992,1,NA,24,15
32,33,"heading_range",92870.5,1,NA,24,16
34,35,"acc_sum",12.019890906113577,1,NA,24,17
36,37,"speed_h_range",1340.5,1,NA,24,18
38,39,"speed_h_range",935.5,1,NA,24,19
40,41,"speed_h_sum",429703,1,NA,24,20
42,43,"speed_h_sum",499740,1,NA,24,21
44,45,"speed_v_sum",-21894,1,NA,24,22
0,0,NA,0,-1,"freefall",24,23
46,47,"speed_h_range",952.5,1,NA,24,24
48,49,"speed_h_range",2039.5,1,NA,24,25
50,51,"acc_sum",12.27899404465012,1,NA,24,26
52,53,"speed_h_range",1519,1,NA,24,27
54,55,"speed_v_sum",93695.5,1,NA,24,28
56,57,"speed_h_range",1763.5,1,NA,24,29
58,59,"speed_v_range",3246,1,NA,24,30
60,61,"speed_v_sum",216679.5,1,NA,24,31
0,0,NA,0,-1,"plane",24,32
62,63,"acc_range",0.2257363624952317,1,NA,24,33
64,65,"speed_h_range",1971,1,NA,24,34
0,0,NA,0,-1,"landing",24,35
66,67,"speed_v_sum",4637,1,NA,24,36
68,69,"speed_v_range",841.5,1,NA,24,37
70,71,"heading_range",456877,1,NA,24,38
72,73,"speed_h_range",2819.5,1,NA,24,39
74,75,"speed_h_range",2566.5,1,NA,24,40
0,0,NA,0,-1,"plane",24,41
76,77,"speed_h_sum",499723.5,1,NA,24,42
0,0,NA,0,-1,"plane",24,43
78,79,"speed_h_sum",462645.5,1,NA,24,44
80,81,"heading_range",375054.5,1,NA,24,45
82,83,"speed_h_sum",204345,1,NA,24,46
84,85,"speed_v_range",1900,1,NA,24,47
86,87,"acc_range",0.22722283859834802,1,NA,24,48
88,89,"speed_v_range",3789,1,NA,24,49
0,0,NA,0,-1,"freefall",24,50
90,91,"acc_range",0.7167941764626041,1,NA,24,51
92,93,"acc_sum",8.74565301010827,1,NA,24,52
94,95,"heading_range",357507.5,1,NA,24,53
96,97,"speed_h_range",4009,1,NA,24,54
98,99,"speed_v_range",2352.5,1,NA,24,55
100,101,"acc_range",0.3098166368400287,1,NA,24,56
102,103,"speed_h_sum",412358.5,1,NA,24,57
104,105,"acc_range",0.471159569262301,1,NA,24,58
106,107,"speed_h_range",2386,1,NA,24,59
108,109,"speed_v_range",2848.5,1,NA,24,60
110,111,"speed_h_sum",453378.5,1,NA,24,61
0,0,NA,0,-1,"maneuver",24,62
112,113,"heading_range",415172.5,1,NA,24,63
0,0,NA,0,-1,"maneuver",24,64
0,0,NA,0,-1,"canopy",24,65
114,115,"acc_range",0.30535575881053706,1,NA,24,66
116,117,"speed_h_sum",232896.5,1,NA,24,67
118,119,"heading_range",74641,1,NA,24,68
0,0,NA,0,-1,"canopy",24,69
120,121,"acc_sum",6.455799394606659,1,NA,24,70
122,123,"speed_h_sum",99441.5,1,NA,24,71
124,125,"speed_v_sum",38576,1,NA,24,72
126,127,"speed_v_range",3344.5,1,NA,24,73
128,129,"speed_v_range",3433.5,1,NA,24,74
130,131,"speed_h_sum",429690,1,NA,24,75
132,133,"speed_h_sum",486376,1,NA,24,76
0,0,NA,0,-1,"freefall",24,77
0,0,NA,0,-1,"plane",24,78
134,135,"speed_v_sum",-34792.5,1,NA,24,79
136,137,"acc_range",0.7314625398272231,1,NA,24,80
138,139,"acc_sum",11.476160781118175,1,NA,24,81
140,141,"acc_range",0.5349998008034549,1,NA,24,82
142,143,"speed_h_range",429.5,1,NA,24,83
144,145,"speed_h_sum",167032,1,NA,24,84
146,147,"acc_range",0.2100088290196923,1,NA,24,85
148,149,"speed_v_sum",152036.5,1,NA,24,86
150,151,"speed_h_sum",163375,1,NA,24,87
152,153,"speed_h_range",3214,1,NA,24,88
154,155,"speed_v_range",9172,1,NA,24,89
156,157,"speed_v_sum",247952,1,NA,24,90
158,159,"speed_h_range",3516,1,NA,24,91
160,161,"speed_h_sum",240061,1,NA,24,92
162,163,"acc_sum",13.022579216489152,1,NA,24,93
164,165,"heading_range",196167.5,1,NA,24,94
166,167,"acc_sum",12.24027209384186,1,NA,24,95
168,169,"heading_range",627125,1,NA,24,96
170,171,"speed_h_range",5030.5,1,NA,24,97
172,173,"speed_h_range",1429.5,1,NA,24,98
174,175,"speed_v_range",5996,1,NA,24,99
0,0,NA,0,-1,"plane",24,100
0,0,NA,0,-1,"canopy",24,101
176,177,"speed_h_sum",346181,1,NA,24,102
0,0,NA,0,-1,"plane",24,103
178,179,"acc_sum",7.700446164816283,1,NA,24,104
180,181,"speed_v_range",2264.5,1,NA,24,105
182,183,"heading_range",61025,1,NA,24,106
0,0,NA,0,-1,"freefall",24,107
184,185,"speed_h_sum",415685.5,1,NA,24,108
186,187,"acc_sum",12.912285497225731,1,NA,24,109
188,189,"acc_range",0.07152534574515007,1,NA,24,110
190,191,"speed_v_range",1377.5,1,NA,24,111
192,193,"speed_v_sum",-18566.5,1,NA,24,112
0,0,NA,0,-1,"landing",24,113
0,0,NA,0,-1,"landing",24,114
0,0,NA,0,-1,"plane",24,115
194,195,"speed_v_range",89.5,1,NA,24,116
196,197,"speed_h_range",402.5,1,NA,24,117
0,0,NA,0,-1,"plane",24,118
198,199,"speed_h_sum",108723,1,NA,24,119
0,0,NA,0,-1,"maneuver",24,120
0,0,NA,0,-1,"canopy",24,121
0,0,NA,0,-1,"landing",24,122
0,0,NA,0,-1,"canopy",24,123
0,0,NA,0,-1,"landing",24,124
0,0,NA,0,-1,"canopy",24,125
0,0,NA,0,-1,"landing",24,126
0,0,NA,0,-1,"maneuver",24,127
0,0,NA,0,-1,"plane",24,128
0,0,NA,0,-1,"plane",24,129
0,0,NA,0,-1,"plane",24,130
0,0,NA,0,-1,"freefall",24,131
0,0,NA,0,-1,"plane",24,132
0,0,NA,0,-1,"plane",24,133
0,0,NA,0,-1,"plane",24,134
0,0,NA,0,-1,"freefall",24,135
0,0,NA,0,-1,"plane",24,136
0,0,NA,0,-1,"plane",24,137
0,0,NA,0,-1,"plane",24,138
0,0,NA,0,-1,"freefall",24,139
0,0,NA,0,-1,"canopy",24,140
0,0,NA,0,-1,"canopy",24,141
0,0,NA,0,-1,"canopy",24,142
0,0,NA,0,-1,"canopy",24,143
0,0,NA,0,-1,"canopy",24,144
0,0,NA,0,-1,"canopy",24,145
0,0,NA,0,-1,"canopy",24,146
0,0,NA,0,-1,"landing",24,147
0,0,NA,0,-1,"canopy",24,148
0,0,NA,0,-1,"canopy",24,149
0,0,NA,0,-1,"canopy",24,150
0,0,NA,0,-1,"canopy",24,151
0,0,NA,0,-1,"canopy",24,152
0,0,NA,0,-1,"canopy",24,153
0,0,NA,0,-1,"landing",24,154
0,0,NA,0,-1,"recovery_arc",24,155
0,0,NA,0,-1,"canopy",24,156
0,0,NA,0,-1,"recovery_arc",24,157
0,0,NA,0,-1,"freefall",24,158
0,0,NA,0,-1,"opening",24,159
0,0,NA,0,-1,"flight",24,160
0,0,NA,0,-1,"freefall",24,161
0,0,NA,0,-1,"flight",24,162
0,0,NA,0,-1,"recovery_arc",24,163
0,0,NA,0,-1,"freefall",24,164
0,0,NA,0,-1,"freefall",24,165
0,0,NA,0,-1,"flight",24,166
0,0,NA,0,-1,"recovery_arc",24,167
0,0,NA,0,-1,"plane",24,168
0,0,NA,0,-1,"plane",24,169
0,0,NA,0,-1,"freefall",24,170
0,0,NA,0,-1,"plane",24,171
0,0,NA,0,-1,"opening",24,172
0,0,NA,0,-1,"canopy",24,173
0,0,NA,0,-1,"freefall",24,174
0,0,NA,0,-1,"plane",24,175
0,0,NA,0,-1,"canopy",24,176
0,0,NA,0,-1,"opening",24,177
0,0,NA,0,-1,"flight",24,178
0,0,NA,0,-1,"freefall",24,179
0,0,NA,0,-1,"freefall",24,180
0,0,NA,0,-1,"flight",24,181
0,0,NA,0,-1,"plane",24,182
0,0,NA,0,-1,"freefall",24,183
0,0,NA,0,-1,"flight",24,184
0,0,NA,0,-1,"opening",24,185
0,0,NA,0,-1,"plane",24,186
0,0,NA,0,-1,"flight",24,187
0,0,NA,0,-1,"plane",24,188
0,0,NA,0,-1,"flight",24,189
0,0,NA,0,-1,"flight",24,190
0,0,NA,0,-1,"opening",24,191
0,0,NA,0,-1,"plane",24,192
0,0,NA,0,-1,"landing",24,193
0,0,NA,0,-1,"plane",24,194
0,0,NA,0,-1,"canopy",24,195
0,0,NA,0,-1,"canopy",24,196
0,0,NA,0,-1,"maneuver",24,197
0,0,NA,0,-1,"landing",24,198
0,0,NA,0,-1,"landing",24,199
2,3,"speed_v_range",326.5,1,NA,25,1
4,5,"speed_h_sum",275981.5,1,NA,25,2
6,7,"speed_v_sum",45790,1,NA,25,3
8,9,"speed_v_sum",231835,1,NA,25,4
10,11,"acc_range",0.2660374984408248,1,NA,25,5
12,13,"speed_v_sum",36755.5,1,NA,25,6
14,15,"speed_v_sum",173145,1,NA,25,7
16,17,"heading_range",19444,1,NA,25,8
0,0,NA,0,-1,"flight",25,9
18,19,"acc_range",0.1885326192349167,1,NA,25,10
20,21,"speed_h_sum",455447,1,NA,25,11
22,23,"acc_range",0.8395427809104987,1,NA,25,12
24,25,"acc_range",0.1105817446010442,1,NA,25,13
26,27,"speed_h_sum",397025,1,NA,25,14
28,29,"acc_sum",16.37084465048468,1,NA,25,15
0,0,NA,0,-1,"plane",25,16
30,31,"acc_sum",10.71102116961166,1,NA,25,17
32,33,"speed_h_range",472.5,1,NA,25,18
34,35,"acc_sum",10.899094806381727,1,NA,25,19
36,37,"speed_v_sum",96047.5,1,NA,25,20
38,39,"speed_h_range",190,1,NA,25,21
40,41,"acc_sum",14.604938502300413,1,NA,25,22
42,43,"acc_range",1.2275420892492406,1,NA,25,23
44,45,"speed_h_range",262.5,1,NA,25,24
46,47,"speed_v_sum",41379.5,1,NA,25,25
48,49,"speed_v_sum",115678,1,NA,25,26
50,51,"acc_range",0.29221447343769136,1,NA,25,27
52,53,"acc_sum",8.0618170388766,1,NA,25,28
54,55,"speed_v_sum",360730,1,NA,25,29
56,57,"heading_range",35986818.5,1,NA,25,30
58,59,"speed_v_sum",142681.5,1,NA,25,31
60,61,"speed_v_sum",228121.5,1,NA,25,32
62,63,"speed_h_sum",309736,1,NA,25,33
64,65,"acc_range",0.20424239671598488,1,NA,25,34
66,67,"speed_v_sum",141401,1,NA,25,35
68,69,"speed_v_sum",35692,1,NA,25,36
70,71,"speed_v_sum",216999,1,NA,25,37
0,0,NA,0,-1,"flight",25,38
0,0,NA,0,-1,"plane",25,39
72,73,"heading_range",376279,1,NA,25,40
74,75,"speed_h_sum",213383,1,NA,25,41
76,77,"speed_v_sum",5544,1,NA,25,42
78,79,"speed_h_sum",113118.5,1,NA,25,43
80,81,"acc_range",0.0626784642759779,1,NA,25,44
82,83,"speed_h_sum",314344,1,NA,25,45
84,85,"heading_range",251898,1,NA,25,46
86,87,"acc_sum",9.653247276197185,1,NA,25,47
88,89,"speed_v_range",1733.5,1,NA,25,48
90,91,"speed_h_range",1036.5,1,NA,25,49
92,93,"heading_range",100202,1,NA,25,50
94,95,"heading_range",122370,1,NA,25,51
96,97,"speed_v_range",1974,1,NA,25,52
98,99,"acc_sum",8.792616750637173,1,NA,25,53
100,101,"heading_range",1696709.5,1,NA,25,54
102,103,"acc_range",0.8001154843509956,1,NA,25,55
104,105,"speed_h_sum",207229.5,1,NA,25,56
0,0,NA,0,-1,"maneuver",25,57
106,107,"acc_range",0.440448341019731,1,NA,25,58
108,109,"heading_range",1570449,1,NA,25,59
110,111,"acc_sum",12.06509751178318,1,NA,25,60
0,0,NA,0,-1,"flight",25,61
112,113,"speed_v_sum",129921,1,NA,25,62
114,115,"speed_h_range",634.5,1,NA,25,63
0,0,NA,0,-1,"plane",25,64
116,117,"speed_h_sum",466361.5,1,NA,25,65
118,119,"heading_range",284845.5,1,NA,25,66
0,0,NA,0,-1,"flight",25,67
0,0,NA,0,-1,"plane",25,68
0,0,NA,0,-1,"canopy",25,69
120,121,"speed_h_sum",378015,1,NA,25,70
122,123,"acc_sum",9.743527820518313,1,NA,25,71
124,125,"acc_sum",6.112707275396703,1,NA,25,72
126,127,"acc_sum",11.159268997934284,1,NA,25,73
128,129,"acc_sum",19.574562034185497,1,NA,25,74
130,131,"acc_range",0.31964837590480577,1,NA,25,75
132,133,"speed_v_sum",-2155.5,1,NA,25,76
134,135,"speed_h_sum",241961.5,1,NA,25,77
0,0,NA,0,-1,"landing",25,78
136,137,"speed_h_range",2929,1,NA,25,79
0,0,NA,0,-1,"plane",25,80
138,139,"speed_v_range",793,1,NA,25,81
140,141,"speed_h_sum",231819.5,1,NA,25,82
0,0,NA,0,-1,"plane",25,83
142,143,"speed_h_sum",332636,1,NA,25,84
144,145,"speed_h_sum",263768.5,1,NA,25,85
146,147,"speed_h_sum",274978.5,1,NA,25,86
148,149,"heading_range",353188.5,1,NA,25,87
150,151,"acc_sum",12.498579338286511,1,NA,25,88
152,153,"acc_sum",6.175883327149627,1,NA,25,89
154,155,"speed_h_sum",274979,1,NA,25,90
156,157,"speed_h_sum",295752,1,NA,25,91
158,159,"speed_h_range",1102.5,1,NA,25,92
160,161,"speed_v_range",2421.5,1,NA,25,93
162,163,"acc_sum",11.17904369366903,1,NA,25,94
164,165,"speed_v_sum",108121.5,1,NA,25,95
166,167,"acc_range",0.47658114317040534,1,NA,25,96
168,169,"speed_h_sum",283121,1,NA,25,97
170,171,"speed_h_range",325.5,1,NA,25,98
172,173,"speed_h_range",1320.5,1,NA,25,99
174,175,"speed_h_sum",290134.5,1,NA,25,100
176,177,"speed_v_sum",213715.5,1,NA,25,101
178,179,"acc_range",0.4520075035608665,1,NA,25,102
180,181,"heading_range",1730075.5,1,NA,25,103
182,183,"speed_v_sum",59105.5,1,NA,25,104
184,185,"acc_range",0.3018861416690373,1,NA,25,105
186,187,"speed_h_sum",197369.5,1,NA,25,106
188,189,"acc_range",0.4428357815020635,1,NA,25,107
190,191,"heading_range",714272,1,NA,25,108
0,0,NA,0,-1,"canopy",25,109
192,193,"speed_v_sum",84348.5,1,NA,25,110
194,195,"speed_v_sum",142314.5,1,NA,25,111
0,0,NA,0,-1,"plane",25,112
0,0,NA,0,-1,"flight",25,113
0,0,NA,0,-1,"plane",25,114
196,197,"speed_v_sum",175481,1,NA,25,115
198,199,"speed_h_sum",386376,1,NA,25,116
0,0,NA,0,-1,"plane",25,117
0,0,NA,0,-1,"plane",25,118
0,0,NA,0,-1,"canopy",25,119
0,0,NA,0,-1,"freefall",25,120
0,0,NA,0,-1,"flight",25,121
0,0,NA,0,-1,"flight",25,122
0,0,NA,0,-1,"flight",25,123
0,0,NA,0,-1,"maneuver",25,124
0,0,NA,0,-1,"plane",25,125
0,0,NA,0,-1,"plane",25,126
0,0,NA,0,-1,"plane",25,127
0,0,NA,0,-1,"canopy",25,128
0,0,NA,0,-1,"maneuver",25,129
0,0,NA,0,-1,"plane",25,130
0,0,NA,0,-1,"landing",25,131
0,0,NA,0,-1,"maneuver",25,132
0,0,NA,0,-1,"landing",25,133
0,0,NA,0,-1,"landing",25,134
0,0,NA,0,-1,"plane",25,135
0,0,NA,0,-1,"plane",25,136
0,0,NA,0,-1,"maneuver",25,137
0,0,NA,0,-1,"canopy",25,138
0,0,NA,0,-1,"plane",25,139
0,0,NA,0,-1,"canopy",25,140
0,0,NA,0,-1,"maneuver",25,141
0,0,NA,0,-1,"canopy",25,142
0,0,NA,0,-1,"plane",25,143
0,0,NA,0,-1,"canopy",25,144
0,0,NA,0,-1,"plane",25,145
0,0,NA,0,-1,"canopy",25,146
0,0,NA,0,-1,"plane",25,147
0,0,NA,0,-1,"plane",25,148
0,0,NA,0,-1,"canopy",25,149
0,0,NA,0,-1,"canopy",25,150
0,0,NA,0,-1,"canopy",25,151
0,0,NA,0,-1,"maneuver",25,152
0,0,NA,0,-1,"canopy",25,153
0,0,NA,0,-1,"canopy",25,154
0,0,NA,0,-1,"flight",25,155
0,0,NA,0,-1,"canopy",25,156
0,0,NA,0,-1,"flight",25,157
0,0,NA,0,-1,"plane",25,158
0,0,NA,0,-1,"plane",25,159
0,0,NA,0,-1,"plane",25,160
0,0,NA,0,-1,"plane",25,161
0,0,NA,0,-1,"plane",25,162
0,0,NA,0,-1,"opening",25,163
0,0,NA,0,-1,"plane",25,164
0,0,NA,0,-1,"opening",25,165
0,0,NA,0,-1,"flight",25,166
0,0,NA,0,-1,"freefall",25,167
0,0,NA,0,-1,"freefall",25,168
0,0,NA,0,-1,"freefall",25,169
0,0,NA,0,-1,"flight",25,170
0,0,NA,0,-1,"flight",25,171
0,0,NA,0,-1,"flight",25,172
0,0,NA,0,-1,"flight",25,173
0,0,NA,0,-1,"opening",25,174
0,0,NA,0,-1,"flight",25,175
0,0,NA,0,-1,"canopy",25,176
0,0,NA,0,-1,"recovery_arc",25,177
0,0,NA,0,-1,"recovery_arc",25,178
0,0,NA,0,-1,"flight",25,179
0,0,NA,0,-1,"freefall",25,180
0,0,NA,0,-1,"freefall",25,181
0,0,NA,0,-1,"canopy",25,182
0,0,NA,0,-1,"canopy",25,183
0,0,NA,0,-1,"canopy",25,184
0,0,NA,0,-1,"maneuver",25,185
0,0,NA,0,-1,"canopy",25,186
0,0,NA,0,-1,"canopy",25,187
0,0,NA,0,-1,"opening",25,188
0,0,NA,0,-1,"canopy",25,189
0,0,NA,0,-1,"recovery_arc",25,190
0,0,NA,0,-1,"maneuver",25,191
0,0,NA,0,-1,"plane",25,192
0,0,NA,0,-1,"plane",25,193
0,0,NA,0,-1,"plane",25,194
0,0,NA,0,-1,"flight",25,195
0,0,NA,0,-1,"plane",25,196
0,0,NA,0,-1,"flight",25,197
0,0,NA,0,-1,"plane",25,198
0,0,NA,0,-1,"flight",25,199
2,3,"speed_v_sum",44628.5,1,NA,26,1
4,5,"heading_range",438856.5,1,NA,26,2
6,7,"speed_v_range",534.5,1,NA,26,3
8,9,"acc_range",0.3372163164428743,1,NA,26,4
10,11,"speed_h_sum",264910.5,1,NA,26,5
12,13,"speed_v_sum",154637.5,1,NA,26,6
14,15,"speed_v_sum",201760.5,1,NA,26,7
16,17,"acc_sum",5.697289062866237,1,NA,26,8
18,19,"acc_sum",12.635719893048755,1,NA,26,9
20,21,"speed_h_sum",100305,1,NA,26,10
22,23,"speed_h_sum",479424,1,NA,26,11
24,25,"acc_range",0.061722732120874646,1,NA,26,12
26,27,"acc_range",0.08196231259598113,1,NA,26,13
28,29,"speed_h_sum",397341.5,1,NA,26,14
30,31,"speed_v_range",1802.5,1,NA,26,15
32,33,"acc_range",0.2532962164373662,1,NA,26,16
34,35,"acc_range",0.13524010193957653,1,NA,26,17
36,37,"speed_v_sum",22037,1,NA,26,18
38,39,"acc_sum",14.897083653704511,1,NA,26,19
40,41,"acc_range",0.2743901601053124,1,NA,26,20
42,43,"speed_h_range",916,1,NA,26,21
44,45,"speed_h_sum",478026.5,1,NA,26,22
0,0,NA,0,-1,"plane",26,23
46,47,"speed_v_range",387.5,1,NA,26,24
48,49,"speed_h_sum",373155,1,NA,26,25
50,51,"heading_range",254577.5,1,NA,26,26
52,53,"speed_v_sum",215287.5,1,NA,26,27
54,55,"speed_v_range",1817,1,NA,26,28
56,57,"speed_v_range",1941.5,1,NA,26,29
58,59,"speed_h_sum",178312,1,NA,26,30
60,61,"speed_h_range",3077.5,1,NA,26,31
62,63,"acc_sum",5.205124955091472,1,NA,26,32
64,65,"speed_v_range",2249,1,NA,26,33
66,67,"acc_range",0.08824503212251744,1,NA,26,34
68,69,"speed_v_sum",33832,1,NA,26,35
70,71,"speed_h_sum",251810,1,NA,26,36
72,73,"speed_h_sum",293235.5,1,NA,26,37
74,75,"speed_h_sum",267244,1,NA,26,38
76,77,"speed_h_sum",205573.5,1,NA,26,39
78,79,"speed_v_range",2477.5,1,NA,26,40
80,81,"speed_v_sum",-10991,1,NA,26,41
82,83,"acc_range",0.2653807885286446,1,NA,26,42
84,85,"speed_h_sum",216444.5,1,NA,26,43
86,87,"acc_range",0.6425184902235013,1,NA,26,44
0,0,NA,0,-1,"freefall",26,45
88,89,"heading_range",585160.5,1,NA,26,46
90,91,"acc_sum",9.905434741856029,1,NA,26,47
92,93,"heading_range",104736.5,1,NA,26,48
94,95,"acc_range",0.2637693476380978,1,NA,26,49
0,0,NA,0,-1,"plane",26,50
96,97,"speed_h_sum",293352.5,1,NA,26,51
98,99,"acc_sum",11.742388679273947,1,NA,26,52
100,101,"acc_range",0.2123507238735609,1,NA,26,53
102,103,"speed_v_sum",138148.5,1,NA,26,54
104,105,"acc_sum",9.001022515286856,1,NA,26,55
106,107,"speed_h_sum",414488,1,NA,26,56
108,109,"heading_range",58672,1,NA,26,57
110,111,"acc_sum",22.863312773349694,1,NA,26,58
112,113,"acc_sum",8.699037439944718,1,NA,26,59
114,115,"speed_h_sum",283706.5,1,NA,26,60
116,117,"acc_range",0.7114279142350474,1,NA,26,61
118,119,"speed_h_range",173,1,NA,26,62
0,0,NA,0,-1,"maneuver",26,63
0,0,NA,0,-1,"plane",26,64
120,121,"speed_v_sum",-12792,1,NA,26,65
122,123,"acc_range",0.05429834267724676,1,NA,26,66
124,125,"speed_v_range",145.5,1,NA,26,67
126,127,"acc_sum",16.299378096804844,1,NA,26,68
128,129,"speed_h_sum",333380,1,NA,26,69
130,131,"acc_sum",7.379414292010716,1,NA,26,70
132,133,"speed_v_range",5743,1,NA,26,71
134,135,"heading_range",77270.5,1,NA,26,72
136,137,"heading_range",335787.5,1,NA,26,73
138,139,"speed_v_sum",15855.5,1,NA,26,74
0,0,NA,0,-1,"plane",26,75
140,141,"acc_range",0.835561489838002,1,NA,26,76
0,0,NA,0,-1,"landing",26,77
142,143,"heading_range",512310,1,NA,26,78
144,145,"heading_range",607560,1,NA,26,79
146,147,"acc_range",0.8045761722345828,1,NA,26,80
148,149,"acc_sum",6.81631951612053,1,NA,26,81
0,0,NA,0,-1,"canopy",26,82
150,151,"heading_range",835624.5,1,NA,26,83
152,153,"speed_v_sum",6644.5,1,NA,26,84
154,155,"speed_v_sum",41818.5,1,NA,26,85
0,0,NA,0,-1,"plane",26,86
156,157,"speed_h_sum",447908,1,NA,26,87
158,159,"speed_v_sum",60114,1,NA,26,88
0,0,NA,0,-1,"canopy",26,89
160,161,"speed_h_range",259.5,1,NA,26,90
162,163,"speed_h_range",225.5,1,NA,26,91
164,165,"speed_h_sum",208486,1,NA,26,92
166,167,"acc_sum",11.425598341048694,1,NA,26,93
168,169,"speed_h_sum",402969,1,NA,26,94
170,171,"heading_range",88277,1,NA,26,95
0,0,NA,0,-1,"canopy",26,96
0,0,NA,0,-1,"flight",26,97
172,173,"acc_range",0.5221737355798457,1,NA,26,98
174,175,"heading_range",172305.5,1,NA,26,99
176,177,"acc_sum",9.730352230411203,1,NA,26,100
178,179,"speed_h_range",333.5,1,NA,26,101
180,181,"speed_h_sum",158549.5,1,NA,26,102
182,183,"acc_range",0.1925842342215937,1,NA,26,103
184,185,"heading_range",212365.5,1,NA,26,104
186,187,"speed_h_sum",155223,1,NA,26,105
188,189,"heading_range",127934,1,NA,26,106
190,191,"acc_range",0.2630220573803172,1,NA,26,107
192,193,"speed_v_sum",136783,1,NA,26,108
194,195,"speed_v_sum",156598,1,NA,26,109
196,197,"speed_h_range",1327.5,1,NA,26,110
198,199,"speed_v_sum",341631.5,1,NA,26,111
0,0,NA,0,-1,"flight",26,112
0,0,NA,0,-1,"flight",26,113
0,0,NA,0,-1,"freefall",26,114
0,0,NA,0,-1,"flight",26,115
0,0,NA,0,-1,"recovery_arc",26,116
0,0,NA,0,-1,"recovery_arc",26,117
0,0,NA,0,-1,"plane",26,118
0,0,NA,0,-1,"canopy",26,119
0,0,NA,0,-1,"plane",26,120
0,0,NA,0,-1,"maneuver",26,121
0,0,NA,0,-1,"plane",26,122
0,0,NA,0,-1,"plane",26,123
0,0,NA,0,-1,"canopy",26,124
0,0,NA,0,-1,"plane",26,125
0,0,NA,0,-1,"plane",26,126
0,0,NA,0,-1,"landing",26,127
0,0,NA,0,-1,"canopy",26,128
0,0,NA,0,-1,"plane",26,129
0,0,NA,0,-1,"maneuver",26,130
0,0,NA,0,-1,"landing",26,131
0,0,NA,0,-1,"plane",26,132
0,0,NA,0,-1,"freefall",26,133
0,0,NA,0,-1,"canopy",26,134
0,0,NA,0,-1,"canopy",26,135
0,0,NA,0,-1,"plane",26,136
0,0,NA,0,-1,"freefall",26,137
0,0,NA,0,-1,"landing",26,138
0,0,NA,0,-1,"canopy",26,139
0,0,NA,0,-1,"maneuver",26,140
0,0,NA,0,-1,"landing",26,141
0,0,NA,0,-1,"landing",26,142
0,0,NA,0,-1,"canopy",26,143
0,0,NA,0,-1,"maneuver",26,144
0,0,NA,0,-1,"landing",26,145
0,0,NA,0,-1,"maneuver",26,146
0,0,NA,0,-1,"canopy",26,147
0,0,NA,0,-1,"canopy",26,148
0,0,NA,0,-1,"landing",26,149
0,0,NA,0,-1,"canopy",26,150
0,0,NA,0,-1,"canopy",26,151
0,0,NA,0,-1,"maneuver",26,152
0,0,NA,0,-1,"landing",26,153
0,0,NA,0,-1,"canopy",26,154
0,0,NA,0,-1,"landing",26,155
0,0,NA,0,-1,"plane",26,156
0,0,NA,0,-1,"freefall",26,157
0,0,NA,0,-1,"plane",26,158
0,0,NA,0,-1,"canopy",26,159
0,0,NA,0,-1,"canopy",26,160
0,0,NA,0,-1,"plane",26,161
0,0,NA,0,-1,"canopy",26,162
0,0,NA,0,-1,"plane",26,163
0,0,NA,0,-1,"canopy",26,164
0,0,NA,0,-1,"canopy",26,165
0,0,NA,0,-1,"canopy",26,166
0,0,NA,0,-1,"canopy",26,167
0,0,NA,0,-1,"plane",26,168
0,0,NA,0,-1,"plane",26,169
0,0,NA,0,-1,"plane",26,170
0,0,NA,0,-1,"plane",26,171
0,0,NA,0,-1,"flight",26,172
0,0,NA,0,-1,"freefall",26,173
0,0,NA,0,-1,"freefall",26,174
0,0,NA,0,-1,"canopy",26,175
0,0,NA,0,-1,"freefall",26,176
0,0,NA,0,-1,"flight",26,177
0,0,NA,0,-1,"flight",26,178
0,0,NA,0,-1,"flight",26,179
0,0,NA,0,-1,"canopy",26,180
0,0,NA,0,-1,"canopy",26,181
0,0,NA,0,-1,"canopy",26,182
0,0,NA,0,-1,"canopy",26,183
0,0,NA,0,-1,"freefall",26,184
0,0,NA,0,-1,"maneuver",26,185
0,0,NA,0,-1,"landing",26,186
0,0,NA,0,-1,"canopy",26,187
0,0,NA,0,-1,"plane",26,188
0,0,NA,0,-1,"flight",26,189
0,0,NA,0,-1,"plane",26,190
0,0,NA,0,-1,"plane",26,191
0,0,NA,0,-1,"plane",26,192
0,0,NA,0,-1,"flight",26,193
0,0,NA,0,-1,"plane",26,194
0,0,NA,0,-1,"flight",26,195
0,0,NA,0,-1,"canopy",26,196
0,0,NA,0,-1,"freefall",26,197
0,0,NA,0,-1,"recovery_arc",26,198
0,0,NA,0,-1,"freefall",26,199
2,3,"speed_h_sum",281122.5,1,NA,27,1
4,5,"acc_sum",14.736087158288093,1,NA,27,2
6,7,"speed_h_sum",396296.5,1,NA,27,3
8,9,"acc_range",0.3195388934602844,1,NA,27,4
10,11,"heading_range",1806141.5,1,NA,27,5
12,13,"speed_h_sum",366668.5,1,NA,27,6
14,15,"acc_sum",13.956788655555133,1,NA,27,7
16,17,"speed_h_range",1448.5,1,NA,27,8
18,19,"speed_h_range",1294.5,1,NA,27,9
20,21,"speed_h_sum",131667.5,1,NA,27,10
22,23,"speed_v_sum",212832,1,NA,27,11
24,25,"acc_sum",10.751513275630618,1,NA,27,12
26,27,"speed_v_range",1086,1,NA,27,13
28,29,"speed_v_sum",155446,1,NA,27,14
30,31,"speed_v_sum",147222.5,1,NA,27,15
32,33,"speed_v_sum",198011.5,1,NA,27,16
34,35,"speed_v_sum",27148.5,1,NA,27,17
36,37,"speed_h_sum",24611.5,1,NA,27,18
38,39,"speed_v_range",2229.5,1,NA,27,19
40,41,"speed_v_range",3005,1,NA,27,20
42,43,"speed_v_range",3046,1,NA,27,21
44,45,"speed_v_range",2939,1,NA,27,22
46,47,"speed_h_sum",63960.5,1,NA,27,23
48,49,"acc_range",0.21475733937473224,1,NA,27,24
50,51,"acc_range",0.19369544452209786,1,NA,27,25
52,53,"acc_range",0.21503015666713854,1,NA,27,26
54,55,"acc_sum",11.099138308264525,1,NA,27,27
56,57,"acc_range",0.6482835655677237,1,NA,27,28
58,59,"speed_v_range",6164.5,1,NA,27,29
60,61,"speed_v_range",3240.5,1,NA,27,30
62,63,"speed_h_sum",449673.5,1,NA,27,31
64,65,"speed_h_range",990.5,1,NA,27,32
66,67,"speed_v_range",781.5,1,NA,27,33
68,69,"acc_range",0.3107212118655876,1,NA,27,34
70,71,"speed_v_sum",181616.5,1,NA,27,35
72,73,"acc_range",0.470903686418271,1,NA,27,36
74,75,"speed_v_sum",254674.5,1,NA,27,37
76,77,"acc_range",1.2265241588702782,1,NA,27,38
78,79,"acc_sum",9.745284206514011,1,NA,27,39
80,81,"acc_sum",18.260586350635737,1,NA,27,40
82,83,"speed_h_sum",60935.5,1,NA,27,41
84,85,"speed_h_sum",154855,1,NA,27,42
86,87,"acc_range",0.6081942659186385,1,NA,27,43
88,89,"speed_h_sum",41327.5,1,NA,27,44
90,91,"speed_v_sum",55390,1,NA,27,45
92,93,"speed_v_sum",338055.5,1,NA,27,46
94,95,"acc_sum",25.7554924899325,1,NA,27,47
96,97,"speed_v_sum",105687,1,NA,27,48
98,99,"speed_v_sum",89046,1,NA,27,49
100,101,"speed_v_range",849.5,1,NA,27,50
102,103,"speed_v_sum",136553,1,NA,27,51
104,105,"heading_range",298065,1,NA,27,52
106,107,"acc_sum",11.336607990737965,1,NA,27,53
108,109,"speed_v_sum",66630,1,NA,27,54
110,111,"heading_range",175340.5,1,NA,27,55
112,113,"acc_sum",13.075459110829689,1,NA,27,56
114,115,"speed_h_range",3508.5,1,NA,27,57
116,117,"heading_range",18324.5,1,NA,27,58
0,0,NA,0,-1,"plane",27,59
0,0,NA,0,-1,"plane",27,60
0,0,NA,0,-1,"freefall",27,61
118,119,"speed_h_range",841,1,NA,27,62
0,0,NA,0,-1,"opening",27,63
120,121,"speed_h_sum",202810.5,1,NA,27,64
122,123,"speed_h_sum",124792,1,NA,27,65
124,125,"acc_sum",8.729474491771134,1,NA,27,66
126,127,"speed_h_sum",242178.5,1,NA,27,67
128,129,"speed_v_sum",-9104.5,1,NA,27,68
130,131,"speed_v_sum",-12168,1,NA,27,69
132,133,"acc_range",0.22893156901205391,1,NA,27,70
134,135,"acc_sum",8.865032321936358,1,NA,27,71
136,137,"speed_v_sum",27278.5,1,NA,27,72
138,139,"speed_v_range",433.5,1,NA,27,73
140,141,"speed_v_range",1388.5,1,NA,27,74
142,143,"speed_v_sum",369758.5,1,NA,27,75
144,145,"speed_v_range",711,1,NA,27,76
146,147,"speed_v_sum",43762,1,NA,27,77
148,149,"heading_range",605165.5,1,NA,27,78
150,151,"speed_v_range",3330,1,NA,27,79
152,153,"acc_range",1.1091643114638097,1,NA,27,80
154,155,"speed_v_range",1671.5,1,NA,27,81
156,157,"speed_h_range",2462,1,NA,27,82
158,159,"acc_sum",19.36611399391461,1,NA,27,83
160,161,"acc_range",0.43856566902421756,1,NA,27,84
162,163,"speed_v_sum",197388.5,1,NA,27,85
164,165,"speed_h_range",5193,1,NA,27,86
166,167,"speed_h_sum",202485.5,1,NA,27,87
0,0,NA,0,-1,"landing",27,88
168,169,"speed_v_sum",133511.5,1,NA,27,89
0,0,NA,0,-1,"landing",27,90
170,171,"speed_v_sum",128802,1,NA,27,91
0,0,NA,0,-1,"opening",27,92
172,173,"speed_v_sum",365908.5,1,NA,27,93
174,175,"acc_range",1.3328975130871243,1,NA,27,94
176,177,"heading_range",2841598.5,1,NA,27,95
0,0,NA,0,-1,"plane",27,96
178,179,"speed_v_range",2942.5,1,NA,27,97
180,181,"speed_h_sum",365794.5,1,NA,27,98
182,183,"speed_v_range",3392.5,1,NA,27,99
184,185,"heading_range",336291,1,NA,27,100
186,187,"heading_range",119691,1,NA,27,101
188,189,"speed_v_sum",58147.5,1,NA,27,102
190,191,"speed_h_range",2499,1,NA,27,103
192,193,"speed_v_sum",109395,1,NA,27,104
194,195,"acc_range",0.14656934023383716,1,NA,27,105
196,197,"acc_range",0.3378888869759201,1,NA,27,106
198,199,"speed_h_sum",369673,1,NA,27,107
0,0,NA,0,-1,"plane",27,108
0,0,NA,0,-1,"flight",27,109
0,0,NA,0,-1,"flight",27,110
0,0,NA,0,-1,"flight",27,111
0,0,NA,0,-1,"plane",27,112
0,0,NA,0,-1,"plane",27,113
0,0,NA,0,-1,"plane",27,114
0,0,NA,0,-1,"freefall",27,115
0,0,NA,0,-1,"plane",27,116
0,0,NA,0,-1,"flight",27,117
0,0,NA,0,-1,"flight",27,118
0,0,NA,0,-1,"flight",27,119
0,0,NA,0,-1,"canopy",27,120
0,0,NA,0,-1,"canopy",27,121
0,0,NA,0,-1,"canopy",27,122
0,0,NA,0,-1,"canopy",27,123
0,0,NA,0,-1,"freefall",27,124
0,0,NA,0,-1,"flight",27,125
0,0,NA,0,-1,"flight",27,126
0,0,NA,0,-1,"freefall",27,127
0,0,NA,0,-1,"landing",27,128
0,0,NA,0,-1,"landing",27,129
0,0,NA,0,-1,"plane",27,130
0,0,NA,0,-1,"landing",27,131
0,0,NA,0,-1,"canopy",27,132
0,0,NA,0,-1,"canopy",27,133
0,0,NA,0,-1,"freefall",27,134
0,0,NA,0,-1,"canopy",27,135
0,0,NA,0,-1,"landing",27,136
0,0,NA,0,-1,"canopy",27,137
0,0,NA,0,-1,"canopy",27,138
0,0,NA,0,-1,"landing",27,139
0,0,NA,0,-1,"canopy",27,140
0,0,NA,0,-1,"landing",27,141
0,0,NA,0,-1,"flight",27,142
0,0,NA,0,-1,"freefall",27,143
0,0,NA,0,-1,"canopy",27,144
0,0,NA,0,-1,"landing",27,145
0,0,NA,0,-1,"landing",27,146
0,0,NA,0,-1,"freefall",27,147
0,0,NA,0,-1,"freefall",27,148
0,0,NA,0,-1,"canopy",27,149
0,0,NA,0,-1,"landing",27,150
0,0,NA,0,-1,"landing",27,151
0,0,NA,0,-1,"canopy",27,152
0,0,NA,0,-1,"landing",27,153
0,0,NA,0,-1,"canopy",27,154
0,0,NA,0,-1,"freefall",27,155
0,0,NA,0,-1,"freefall",27,156
0,0,NA,0,-1,"landing",27,157
0,0,NA,0,-1,"opening",27,158
0,0,NA,0,-1,"opening",27,159
0,0,NA,0,-1,"landing",27,160
0,0,NA,0,-1,"canopy",27,161
0,0,NA,0,-1,"canopy",27,162
0,0,NA,0,-1,"flight",27,163
0,0,NA,0,-1,"landing",27,164
0,0,NA,0,-1,"recovery_arc",27,165
0,0,NA,0,-1,"maneuver",27,166
0,0,NA,0,-1,"landing",27,167
0,0,NA,0,-1,"canopy",27,168
0,0,NA,0,-1,"canopy",27,169
0,0,NA,0,-1,"opening",27,170
0,0,NA,0,-1,"flight",27,171
0,0,NA,0,-1,"recovery_arc",27,172
0,0,NA,0,-1,"freefall",27,173
0,0,NA,0,-1,"recovery_arc",27,174
0,0,NA,0,-1,"opening",27,175
0,0,NA,0,-1,"canopy",27,176
0,0,NA,0,-1,"opening",27,177
0,0,NA,0,-1,"flight",27,178
0,0,NA,0,-1,"freefall",27,179
0,0,NA,0,-1,"plane",27,180
0,0,NA,0,-1,"freefall",27,181
0,0,NA,0,-1,"flight",27,182
0,0,NA,0,-1,"freefall",27,183
0,0,NA,0,-1,"plane",27,184
0,0,NA,0,-1,"flight",27,185
0,0,NA,0,-1,"plane",27,186
0,0,NA,0,-1,"flight",27,187
0,0,NA,0,-1,"plane",27,188
0,0,NA,0,-1,"canopy",27,189
0,0,NA,0,-1,"flight",27,190
0,0,NA,0,-1,"opening",27,191
0,0,NA,0,-1,"plane",27,192
0,0,NA,0,-1,"flight",27,193
0,0,NA,0,-1,"plane",27,194
0,0,NA,0,-1,"flight",27,195
0,0,NA,0,-1,"plane",27,196
0,0,NA,0,-1,"flight",27,197
0,0,NA,0,-1,"flight",27,198
0,0,NA,0,-1,"flight",27,199
2,3,"heading_range",315026.5,1,NA,28,1
4,5,"speed_v_range",325.5,1,NA,28,2
6,7,"speed_v_sum",37730,1,NA,28,3
8,9,"acc_range",0.08670978357985826,1,NA,28,4
10,11,"speed_v_sum",46930.5,1,NA,28,5
12,13,"acc_range",0.2316956222226242,1,NA,28,6
14,15,"speed_h_sum",279712.5,1,NA,28,7
16,17,"speed_h_sum",275436.5,1,NA,28,8
18,19,"speed_v_sum",25760,1,NA,28,9
20,21,"speed_v_sum",38217.5,1,NA,28,10
22,23,"speed_v_range",696.5,1,NA,28,11
24,25,"speed_v_sum",12191,1,NA,28,12
26,27,"speed_v_sum",-12853,1,NA,28,13
28,29,"speed_v_range",1796,1,NA,28,14
30,31,"speed_h_sum",461946.5,1,NA,28,15
32,33,"heading_range",14968,1,NA,28,16
0,0,NA,0,-1,"plane",28,17
34,35,"speed_h_sum",241375,1,NA,28,18
36,37,"speed_v_sum",128538.5,1,NA,28,19
38,39,"acc_range",0.33153030014120816,1,NA,28,20
40,41,"speed_h_sum",302862.5,1,NA,28,21
42,43,"heading_range",40872,1,NA,28,22
44,45,"speed_v_sum",140057.5,1,NA,28,23
46,47,"speed_v_sum",-732.5,1,NA,28,24
48,49,"speed_v_range",253.5,1,NA,28,25
50,51,"speed_v_sum",-31622,1,NA,28,26
52,53,"speed_v_sum",10255,1,NA,28,27
54,55,"speed_v_sum",206135.5,1,NA,28,28
56,57,"heading_range",1481148,1,NA,28,29
58,59,"speed_v_range",3447,1,NA,28,30
0,0,NA,0,-1,"plane",28,31
0,0,NA,0,-1,"plane",28,32
60,61,"speed_h_range",147.5,1,NA,28,33
62,63,"speed_v_range",121,1,NA,28,34
0,0,NA,0,-1,"plane",28,35
64,65,"speed_v_sum",38882,1,NA,28,36
66,67,"speed_v_sum",216860.5,1,NA,28,37
68,69,"speed_h_sum",211909,1,NA,28,38
70,71,"speed_v_sum",21031.5,1,NA,28,39
72,73,"acc_sum",14.54216235107836,1,NA,28,40
74,75,"speed_v_sum",45425.5,1,NA,28,41
76,77,"heading_range",35733.5,1,NA,28,42
78,79,"speed_h_sum",281705.5,1,NA,28,43
80,81,"speed_h_range",593.5,1,NA,28,44
82,83,"speed_h_sum",301606.5,1,NA,28,45
0,0,NA,0,-1,"plane",28,46
84,85,"speed_h_range",1567.5,1,NA,28,47
86,87,"acc_sum",11.477116967270153,1,NA,28,48
88,89,"speed_h_sum",291396,1,NA,28,49
0,0,NA,0,-1,"plane",28,50
90,91,"speed_v_sum",-26045.5,1,NA,28,51
92,93,"speed_v_sum",-4852.5,1,NA,28,52
94,95,"acc_range",0.6977336150661255,1,NA,28,53
96,97,"acc_range",0.2662958879416789,1,NA,28,54
98,99,"heading_range",1375343.5,1,NA,28,55
100,101,"acc_sum",20.062389786204882,1,NA,28,56
102,103,"acc_sum",15.08425412510443,1,NA,28,57
104,105,"speed_h_sum",458067.5,1,NA,28,58
106,107,"speed_v_sum",81348.5,1,NA,28,59
108,109,"heading_range",43293,1,NA,28,60
110,111,"acc_sum",11.30360082051337,1,NA,28,61
0,0,NA,0,-1,"plane",28,62
112,113,"speed_h_range",922,1,NA,28,63
114,115,"speed_h_range",575.5,1,NA,28,64
116,117,"speed_v_sum",82257.5,1,NA,28,65
118,119,"speed_v_sum",202849,1,NA,28,66
0,0,NA,0,-1,"flight",28,67
120,121,"speed_h_range",1030,1,NA,28,68
122,123,"speed_h_sum",499726,1,NA,28,69
124,125,"speed_h_range",1951,1,NA,28,70
126,127,"speed_h_range",403,1,NA,28,71
128,129,"speed_v_range",868.5,1,NA,28,72
130,131,"acc_range",0.5506752068212292,1,NA,28,73
0,0,NA,0,-1,"plane",28,74
132,133,"speed_v_range",1411.5,1,NA,28,75
134,135,"speed_v_sum",127337,1,NA,28,76
136,137,"speed_v_sum",129281.5,1,NA,28,77
138,139,"speed_v_sum",245286.5,1,NA,28,78
140,141,"speed_h_range",528.5,1,NA,28,79
142,143,"acc_sum",11.583054188087647,1,NA,28,80
144,145,"acc_range",0.11326825740157986,1,NA,28,81
146,147,"speed_v_sum",253299.5,1,NA,28,82
148,149,"speed_v_range",3268,1,NA,28,83
150,151,"acc_range",0.2304840063964274,1,NA,28,84
152,153,"acc_range",0.140492438342728,1,NA,28,85
154,155,"speed_h_range",361,1,NA,28,86
0,0,NA,0,-1,"plane",28,87
156,157,"speed_v_sum",24174.5,1,NA,28,88
0,0,NA,0,-1,"plane",28,89
158,159,"acc_sum",12.036119610787214,1,NA,28,90
160,161,"speed_h_sum",225313,1,NA,28,91
162,163,"speed_h_range",1833,1,NA,28,92
164,165,"speed_v_range",4358,1,NA,28,93
166,167,"speed_h_range",933,1,NA,28,94
168,169,"acc_sum",9.95592752147276,1,NA,28,95
170,171,"speed_h_sum",193399.5,1,NA,28,96
172,173,"speed_h_sum",194245,1,NA,28,97
174,175,"speed_h_sum",180927.5,1,NA,28,98
176,177,"speed_v_sum",364793.5,1,NA,28,99
178,179,"acc_range",0.3558789104068578,1,NA,28,100
180,181,"acc_range",3.9243547634343967,1,NA,28,101
182,183,"speed_h_range",587,1,NA,28,102
184,185,"speed_h_sum",129092.5,1,NA,28,103
186,187,"speed_v_sum",188362,1,NA,28,104
0,0,NA,0,-1,"opening",28,105
188,189,"heading_range",431532.5,1,NA,28,106
190,191,"acc_sum",12.215872370020659,1,NA,28,107
0,0,NA,0,-1,"maneuver",28,108
192,193,"acc_range",0.08546455475237746,1,NA,28,109
194,195,"speed_h_range",240.5,1,NA,28,110
196,197,"acc_range",0.08492836518962232,1,NA,28,111
198,199,"acc_sum",5.680074360432143,1,NA,28,112
0,0,NA,0,-1,"landing",28,113
0,0,NA,0,-1,"canopy",28,114
0,0,NA,0,-1,"plane",28,115
0,0,NA,0,-1,"canopy",28,116
0,0,NA,0,-1,"canopy",28,117
0,0,NA,0,-1,"flight",28,118
0,0,NA,0,-1,"freefall",28,119
0,0,NA,0,-1,"canopy",28,120
0,0,NA,0,-1,"landing",28,121
0,0,NA,0,-1,"plane",28,122
0,0,NA,0,-1,"plane",28,123
0,0,NA,0,-1,"plane",28,124
0,0,NA,0,-1,"plane",28,125
0,0,NA,0,-1,"canopy",28,126
0,0,NA,0,-1,"plane",28,127
0,0,NA,0,-1,"canopy",28,128
0,0,NA,0,-1,"canopy",28,129
0,0,NA,0,-1,"landing",28,130
0,0,NA,0,-1,"maneuver",28,131
0,0,NA,0,-1,"plane",28,132
0,0,NA,0,-1,"plane",28,133
0,0,NA,0,-1,"plane",28,134
0,0,NA,0,-1,"flight",28,135
0,0,NA,0,-1,"canopy",28,136
0,0,NA,0,-1,"flight",28,137
0,0,NA,0,-1,"canopy",28,138
0,0,NA,0,-1,"flight",28,139
0,0,NA,0,-1,"flight",28,140
0,0,NA,0,-1,"plane",28,141
0,0,NA,0,-1,"canopy",28,142
0,0,NA,0,-1,"canopy",28,143
0,0,NA,0,-1,"plane",28,144
0,0,NA,0,-1,"canopy",28,145
0,0,NA,0,-1,"freefall",28,146
0,0,NA,0,-1,"flight",28,147
0,0,NA,0,-1,"flight",28,148
0,0,NA,0,-1,"freefall",28,149
0,0,NA,0,-1,"plane",28,150
0,0,NA,0,-1,"canopy",28,151
0,0,NA,0,-1,"plane",28,152
0,0,NA,0,-1,"landing",28,153
0,0,NA,0,-1,"canopy",28,154
0,0,NA,0,-1,"canopy",28,155
0,0,NA,0,-1,"landing",28,156
0,0,NA,0,-1,"canopy",28,157
0,0,NA,0,-1,"maneuver",28,158
0,0,NA,0,-1,"maneuver",28,159
0,0,NA,0,-1,"canopy",28,160
0,0,NA,0,-1,"plane",28,161
0,0,NA,0,-1,"plane",28,162
0,0,NA,0,-1,"landing",28,163
0,0,NA,0,-1,"landing",28,164
0,0,NA,0,-1,"maneuver",28,165
0,0,NA,0,-1,"canopy",28,166
0,0,NA,0,-1,"landing",28,167
0,0,NA,0,-1,"plane",28,168
0,0,NA,0,-1,"landing",28,169
0,0,NA,0,-1,"canopy",28,170
0,0,NA,0,-1,"canopy",28,171
0,0,NA,0,-1,"canopy",28,172
0,0,NA,0,-1,"canopy",28,173
0,0,NA,0,-1,"freefall",28,174
0,0,NA,0,-1,"flight",28,175
0,0,NA,0,-1,"recovery_arc",28,176
0,0,NA,0,-1,"freefall",28,177
0,0,NA,0,-1,"canopy",28,178
0,0,NA,0,-1,"landing",28,179
0,0,NA,0,-1,"opening",28,180
0,0,NA,0,-1,"freefall",28,181
0,0,NA,0,-1,"canopy",28,182
0,0,NA,0,-1,"landing",28,183
0,0,NA,0,-1,"recovery_arc",28,184
0,0,NA,0,-1,"recovery_arc",28,185
0,0,NA,0,-1,"freefall",28,186
0,0,NA,0,-1,"flight",28,187
0,0,NA,0,-1,"freefall",28,188
0,0,NA,0,-1,"plane",28,189
0,0,NA,0,-1,"freefall",28,190
0,0,NA,0,-1,"flight",28,191
0,0,NA,0,-1,"canopy",28,192
0,0,NA,0,-1,"maneuver",28,193
0,0,NA,0,-1,"canopy",28,194
0,0,NA,0,-1,"canopy",28,195
0,0,NA,0,-1,"maneuver",28,196
0,0,NA,0,-1,"canopy",28,197
0,0,NA,0,-1,"plane",28,198
0,0,NA,0,-1,"canopy",28,199
2,3,"speed_h_sum",281122.5,1,NA,29,1
4,5,"speed_v_sum",199028.5,1,NA,29,2
6,7,"acc_range",0.3036431091769957,1,NA,29,3
8,9,"speed_v_sum",15681,1,NA,29,4
10,11,"speed_h_sum",181860.5,1,NA,29,5
12,13,"acc_range",0.19802132771212616,1,NA,29,6
14,15,"acc_range",0.8653673590609587,1,NA,29,7
16,17,"speed_v_range",562.5,1,NA,29,8
18,19,"speed_v_sum",140805.5,1,NA,29,9
20,21,"speed_h_range",3533,1,NA,29,10
22,23,"speed_v_sum",254342.5,1,NA,29,11
24,25,"speed_v_sum",133163,1,NA,29,12
26,27,"speed_h_sum",449085,1,NA,29,13
28,29,"speed_v_range",653.5,1,NA,29,14
30,31,"speed_h_sum",446556,1,NA,29,15
32,33,"speed_v_sum",-2171.5,1,NA,29,16
34,35,"speed_h_sum",84336,1,NA,29,17
36,37,"speed_v_sum",98000,1,NA,29,18
38,39,"acc_range",0.3730350484724442,1,NA,29,19
40,41,"acc_sum",15.332636357734284,1,NA,29,20
42,43,"acc_range",1.2004672581827864,1,NA,29,21
44,45,"speed_v_range",1101,1,NA,29,22
46,47,"speed_v_range",2202,1,NA,29,23
48,49,"speed_v_sum",104615.5,1,NA,29,24
50,51,"acc_range",0.08196231259598113,1,NA,29,25
52,53,"speed_h_range",457.5,1,NA,29,26
54,55,"heading_range",244701.5,1,NA,29,27
56,57,"speed_v_sum",134250.5,1,NA,29,28
58,59,"acc_sum",11.830696011673993,1,NA,29,29
60,61,"speed_v_sum",214550,1,NA,29,30
62,63,"heading_range",321995,1,NA,29,31
0,0,NA,0,-1,"plane",29,32
64,65,"heading_range",270461,1,NA,29,33
66,67,"acc_sum",4.985499348332542,1,NA,29,34
68,69,"speed_h_range",948,1,NA,29,35
70,71,"speed_h_range",932.5,1,NA,29,36
72,73,"acc_range",0.28231217929546826,1,NA,29,37
74,75,"acc_sum",8.9572032185315,1,NA,29,38
76,77,"speed_h_range",5930.5,1,NA,29,39
78,79,"speed_v_sum",280109.5,1,NA,29,40
80,81,"speed_v_range",3390,1,NA,29,41
82,83,"speed_v_sum",249700.5,1,NA,29,42
84,85,"speed_v_sum",268506.5,1,NA,29,43
0,0,NA,0,-1,"freefall",29,44
86,87,"speed_h_sum",241131.5,1,NA,29,45
88,89,"speed_h_sum",275717.5,1,NA,29,46
90,91,"speed_v_sum",365174,1,NA,29,47
92,93,"speed_v_range",661.5,1,NA,29,48
94,95,"acc_range",0.1762459335707968,1,NA,29,49
96,97,"speed_h_range",157,1,NA,29,50
98,99,"speed_v_sum",143424.5,1,NA,29,51
100,101,"heading_range",153001.5,1,NA,29,52
102,103,"speed_h_sum",368336.5,1,NA,29,53
104,105,"speed_v_sum",160286,1,NA,29,54
106,107,"speed_v_range",370.5,1,NA,29,55
108,109,"speed_h_sum",373600.5,1,NA,29,56
110,111,"speed_v_sum",216991.5,1,NA,29,57
112,113,"heading_range",250027,1,NA,29,58
114,115,"speed_h_sum",450622.5,1,NA,29,59
116,117,"speed_h_range",424,1,NA,29,60
118,119,"acc_sum",11.182251478858397,1,NA,29,61
120,121,"speed_v_sum",-22563,1,NA,29,62
122,123,"heading_range",432460,1,NA,29,63
124,125,"speed_h_range",929,1,NA,29,64
126,127,"speed_h_range",672.5,1,NA,29,65
0,0,NA,0,-1,"plane",29,66
0,0,NA,0,-1,"landing",29,67
128,129,"speed_h_sum",160204,1,NA,29,68
130,131,"speed_v_sum",-5092,1,NA,29,69
132,133,"acc_sum",8.555220747055214,1,NA,29,70
134,135,"speed_v_sum",36214,1,NA,29,71
136,137,"speed_v_range",1829.5,1,NA,29,72
138,139,"speed_v_range",1544.5,1,NA,29,73
140,141,"speed_h_sum",215347.5,1,NA,29,74
142,143,"acc_sum",12.212861320445551,1,NA,29,75
144,145,"speed_h_sum",171441,1,NA,29,76
146,147,"acc_range",1.1532470859513282,1,NA,29,77
0,0,NA,0,-1,"flight",29,78
0,0,NA,0,-1,"freefall",29,79
148,149,"acc_range",0.9724962722191446,1,NA,29,80
150,151,"speed_h_sum",60893,1,NA,29,81
152,153,"acc_range",0.5492546535680324,1,NA,29,82
154,155,"speed_v_sum",281634,1,NA,29,83
0,0,NA,0,-1,"canopy",29,84
0,0,NA,0,-1,"opening",29,85
156,157,"heading_range",195832,1,NA,29,86
158,159,"heading_range",249603,1,NA,29,87
160,161,"acc_sum",7.824730630208478,1,NA,29,88
162,163,"speed_v_range",878.5,1,NA,29,89
164,165,"acc_sum",8.532945168612496,1,NA,29,90
166,167,"acc_range",0.6489525144577222,1,NA,29,91
168,169,"speed_v_sum",-24850,1,NA,29,92
170,171,"speed_v_sum",-23585.5,1,NA,29,93
0,0,NA,0,-1,"plane",29,94
172,173,"acc_sum",6.475675934770592,1,NA,29,95
0,0,NA,0,-1,"plane",29,96
174,175,"speed_h_range",4178,1,NA,29,97
176,177,"speed_h_sum",489493.5,1,NA,29,98
178,179,"speed_v_range",2921,1,NA,29,99
180,181,"acc_range",0.23905422738646653,1,NA,29,100
182,183,"speed_v_sum",93629.5,1,NA,29,101
184,185,"speed_h_range",2561.5,1,NA,29,102
186,187,"heading_range",195865,1,NA,29,103
188,189,"acc_range",0.2069500144388861,1,NA,29,104
190,191,"speed_v_sum",288056,1,NA,29,105
192,193,"speed_v_sum",149170,1,NA,29,106
194,195,"speed_v_range",552.5,1,NA,29,107
196,197,"speed_v_sum",63587.5,1,NA,29,108
198,199,"speed_v_range",421,1,NA,29,109
0,0,NA,0,-1,"flight",29,110
0,0,NA,0,-1,"flight",29,111
0,0,NA,0,-1,"plane",29,112
0,0,NA,0,-1,"flight",29,113
0,0,NA,0,-1,"flight",29,114
0,0,NA,0,-1,"plane",29,115
0,0,NA,0,-1,"freefall",29,116
0,0,NA,0,-1,"plane",29,117
0,0,NA,0,-1,"flight",29,118
0,0,NA,0,-1,"flight",29,119
0,0,NA,0,-1,"freefall",29,120
0,0,NA,0,-1,"plane",29,121
0,0,NA,0,-1,"flight",29,122
0,0,NA,0,-1,"freefall",29,123
0,0,NA,0,-1,"canopy",29,124
0,0,NA,0,-1,"landing",29,125
0,0,NA,0,-1,"canopy",29,126
0,0,NA,0,-1,"landing",29,127
0,0,NA,0,-1,"canopy",29,128
0,0,NA,0,-1,"plane",29,129
0,0,NA,0,-1,"maneuver",29,130
0,0,NA,0,-1,"landing",29,131
0,0,NA,0,-1,"canopy",29,132
0,0,NA,0,-1,"canopy",29,133
0,0,NA,0,-1,"landing",29,134
0,0,NA,0,-1,"canopy",29,135
0,0,NA,0,-1,"canopy",29,136
0,0,NA,0,-1,"canopy",29,137
0,0,NA,0,-1,"canopy",29,138
0,0,NA,0,-1,"landing",29,139
0,0,NA,0,-1,"recovery_arc",29,140
0,0,NA,0,-1,"freefall",29,141
0,0,NA,0,-1,"canopy",29,142
0,0,NA,0,-1,"canopy",29,143
0,0,NA,0,-1,"canopy",29,144
0,0,NA,0,-1,"recovery_arc",29,145
0,0,NA,0,-1,"canopy",29,146
0,0,NA,0,-1,"opening",29,147
0,0,NA,0,-1,"recovery_arc",29,148
0,0,NA,0,-1,"freefall",29,149
0,0,NA,0,-1,"freefall",29,150
0,0,NA,0,-1,"opening",29,151
0,0,NA,0,-1,"landing",29,152
0,0,NA,0,-1,"opening",29,153
0,0,NA,0,-1,"recovery_arc",29,154
0,0,NA,0,-1,"recovery_arc",29,155
0,0,NA,0,-1,"freefall",29,156
0,0,NA,0,-1,"recovery_arc",29,157
0,0,NA,0,-1,"freefall",29,158
0,0,NA,0,-1,"flight",29,159
0,0,NA,0,-1,"freefall",29,160
0,0,NA,0,-1,"flight",29,161
0,0,NA,0,-1,"flight",29,162
0,0,NA,0,-1,"freefall",29,163
0,0,NA,0,-1,"freefall",29,164
0,0,NA,0,-1,"recovery_arc",29,165
0,0,NA,0,-1,"flight",29,166
0,0,NA,0,-1,"freefall",29,167
0,0,NA,0,-1,"plane",29,168
0,0,NA,0,-1,"plane",29,169
0,0,NA,0,-1,"plane",29,170
0,0,NA,0,-1,"plane",29,171
0,0,NA,0,-1,"plane",29,172
0,0,NA,0,-1,"freefall",29,173
0,0,NA,0,-1,"flight",29,174
0,0,NA,0,-1,"plane",29,175
0,0,NA,0,-1,"opening",29,176
0,0,NA,0,-1,"plane",29,177
0,0,NA,0,-1,"flight",29,178
0,0,NA,0,-1,"plane",29,179
0,0,NA,0,-1,"plane",29,180
0,0,NA,0,-1,"flight",29,181
0,0,NA,0,-1,"plane",29,182
0,0,NA,0,-1,"flight",29,183
0,0,NA,0,-1,"flight",29,184
0,0,NA,0,-1,"freefall",29,185
0,0,NA,0,-1,"plane",29,186
0,0,NA,0,-1,"flight",29,187
0,0,NA,0,-1,"plane",29,188
0,0,NA,0,-1,"plane",29,189
0,0,NA,0,-1,"flight",29,190
0,0,NA,0,-1,"opening",29,191
0,0,NA,0,-1,"plane",29,192
0,0,NA,0,-1,"flight",29,193
0,0,NA,0,-1,"plane",29,194
0,0,NA,0,-1,"plane",29,195
0,0,NA,0,-1,"plane",29,196
0,0,NA,0,-1,"canopy",29,197
0,0,NA,0,-1,"plane",29,198
0,0,NA,0,-1,"plane",29,199
2,3,"speed_h_sum",280532,1,NA,30,1
4,5,"speed_v_range",1333.5,1,NA,30,2
6,7,"speed_h_range",381.5,1,NA,30,3
8,9,"speed_v_sum",254004.5,1,NA,30,4
10,11,"speed_v_sum",194426.5,1,NA,30,5
12,13,"acc_sum",11.998204773787268,1,NA,30,6
14,15,"acc_sum",13.918797868079224,1,NA,30,7
16,17,"speed_v_range",759.5,1,NA,30,8
18,19,"speed_v_sum",421825,1,NA,30,9
20,21,"acc_range",0.3063885361719812,1,NA,30,10
22,23,"speed_h_sum",196649,1,NA,30,11
24,25,"acc_range",0.26039460940456466,1,NA,30,12
26,27,"speed_h_sum",463658.5,1,NA,30,13
28,29,"speed_h_sum",402071.5,1,NA,30,14
30,31,"heading_range",221222.5,1,NA,30,15
32,33,"acc_range",0.6120208414939123,1,NA,30,16
34,35,"acc_sum",6.325046736514443,1,NA,30,17
36,37,"speed_h_sum",163445,1,NA,30,18
0,0,NA,0,-1,"freefall",30,19
38,39,"acc_sum",5.717276823441029,1,NA,30,20
40,41,"speed_h_sum",75255.5,1,NA,30,21
42,43,"speed_v_sum",345204,1,NA,30,22
44,45,"acc_sum",8.723513099169764,1,NA,30,23
46,47,"speed_v_sum",127361,1,NA,30,24
48,49,"speed_v_sum",114475,1,NA,30,25
50,51,"speed_h_sum",449294.5,1,NA,30,26
0,0,NA,0,-1,"plane",30,27
52,53,"heading_range",228159,1,NA,30,28
54,55,"heading_range",369841.5,1,NA,30,29
56,57,"speed_h_sum",443682.5,1,NA,30,30
58,59,"speed_v_sum",65507,1,NA,30,31
60,61,"speed_v_sum",5507,1,NA,30,32
62,63,"speed_v_sum",7999,1,NA,30,33
0,0,NA,0,-1,"plane",30,34
64,65,"acc_range",0.4677257757796757,1,NA,30,35
66,67,"speed_h_sum",112159,1,NA,30,36
68,69,"speed_h_range",178.5,1,NA,30,37
70,71,"speed_v_range",2959.5,1,NA,30,38
72,73,"speed_v_range",1870,1,NA,30,39
74,75,"acc_sum",4.989903363851899,1,NA,30,40
76,77,"acc_sum",7.2059490752997615,1,NA,30,41
78,79,"heading_range",1884161,1,NA,30,42
80,81,"acc_range",0.5479869287457572,1,NA,30,43
82,83,"heading_range",469555,1,NA,30,44
84,85,"acc_sum",12.938256522792067,1,NA,30,45
86,87,"acc_sum",10.944369800162542,1,NA,30,46
88,89,"heading_range",18531.5,1,NA,30,47
90,91,"acc_range",0.34957793274051546,1,NA,30,48
92,93,"speed_v_range",788.5,1,NA,30,49
94,95,"speed_v_sum",215867,1,NA,30,50
96,97,"speed_v_sum",266876,1,NA,30,51
98,99,"speed_v_sum",102114.5,1,NA,30,52
100,101,"speed_v_sum",139725,1,NA,30,53
102,103,"speed_h_sum",444536.5,1,NA,30,54
104,105,"speed_h_sum",445242.5,1,NA,30,55
106,107,"speed_v_sum",167339,1,NA,30,56
108,109,"speed_v_sum",173635.5,1,NA,30,57
110,111,"speed_h_sum",530389.5,1,NA,30,58
112,113,"acc_range",0.43782328060022613,1,NA,30,59
114,115,"acc_range",0.13917642034767613,1,NA,30,60
116,117,"speed_v_sum",142203.5,1,NA,30,61
118,119,"speed_v_sum",-4563.5,1,NA,30,62
120,121,"acc_range",0.8226990492161292,1,NA,30,63
122,123,"speed_v_sum",18815,1,NA,30,64
124,125,"speed_v_sum",9172.5,1,NA,30,65
0,0,NA,0,-1,"recovery_arc",30,66
126,127,"acc_range",0.704204699519886,1,NA,30,67
128,129,"speed_h_range",173.5,1,NA,30,68
130,131,"speed_h_sum",276426,1,NA,30,69
132,133,"acc_range",0.23321309810053062,1,NA,30,70
134,135,"speed_h_range",995.5,1,NA,30,71
136,137,"speed_v_sum",33628,1,NA,30,72
138,139,"acc_sum",8.393507276438626,1,NA,30,73
0,0,NA,0,-1,"plane",30,74
140,141,"acc_sum",17.15419744670462,1,NA,30,75
142,143,"heading_range",162616.5,1,NA,30,76
144,145,"speed_h_range",1079,1,NA,30,77
146,147,"heading_range",329199.5,1,NA,30,78
148,149,"speed_h_sum",68432,1,NA,30,79
150,151,"heading_range",2179189.5,1,NA,30,80
152,153,"speed_h_range",795,1,NA,30,81
0,0,NA,0,-1,"freefall",30,82
0,0,NA,0,-1,"flight",30,83
154,155,"speed_v_sum",236672,1,NA,30,84
156,157,"heading_range",1119949,1,NA,30,85
0,0,NA,0,-1,"plane",30,86
158,159,"speed_h_sum",497369.5,1,NA,30,87
0,0,NA,0,-1,"plane",30,88
160,161,"speed_h_sum",300009,1,NA,30,89
0,0,NA,0,-1,"plane",30,90
162,163,"speed_v_range",376.5,1,NA,30,91
164,165,"acc_sum",11.950399430417416,1,NA,30,92
166,167,"speed_h_sum",367603.5,1,NA,30,93
168,169,"speed_h_sum",394240.5,1,NA,30,94
170,171,"speed_h_range",309.5,1,NA,30,95
172,173,"heading_range",43327,1,NA,30,96
0,0,NA,0,-1,"opening",30,97
174,175,"speed_h_range",3235.5,1,NA,30,98
176,177,"speed_v_range",3164,1,NA,30,99
178,179,"acc_range",0.4151254015905372,1,NA,30,100
180,181,"speed_h_range",2070.5,1,NA,30,101
182,183,"speed_v_sum",155118.5,1,NA,30,102
184,185,"speed_v_sum",189094,1,NA,30,103
186,187,"speed_v_range",1614.5,1,NA,30,104
188,189,"speed_v_sum",264675.5,1,NA,30,105
190,191,"heading_range",183353,1,NA,30,106
192,193,"acc_range",0.43712281355865956,1,NA,30,107
0,0,NA,0,-1,"plane",30,108
0,0,NA,0,-1,"opening",30,109
0,0,NA,0,-1,"freefall",30,110
0,0,NA,0,-1,"plane",30,111
194,195,"acc_sum",14.997366949212488,1,NA,30,112
196,197,"acc_range",3.2109357151669142,1,NA,30,113
0,0,NA,0,-1,"plane",30,114
198,199,"speed_v_sum",-4716.5,1,NA,30,115
0,0,NA,0,-1,"canopy",30,116
0,0,NA,0,-1,"canopy",30,117
0,0,NA,0,-1,"maneuver",30,118
0,0,NA,0,-1,"landing",30,119
0,0,NA,0,-1,"canopy",30,120
0,0,NA,0,-1,"canopy",30,121
0,0,NA,0,-1,"landing",30,122
0,0,NA,0,-1,"canopy",30,123
0,0,NA,0,-1,"landing",30,124
0,0,NA,0,-1,"canopy",30,125
0,0,NA,0,-1,"recovery_arc",30,126
0,0,NA,0,-1,"freefall",30,127
0,0,NA,0,-1,"flight",30,128
0,0,NA,0,-1,"freefall",30,129
0,0,NA,0,-1,"flight",30,130
0,0,NA,0,-1,"flight",30,131
0,0,NA,0,-1,"canopy",30,132
0,0,NA,0,-1,"maneuver",30,133
0,0,NA,0,-1,"maneuver",30,134
0,0,NA,0,-1,"maneuver",30,135
0,0,NA,0,-1,"landing",30,136
0,0,NA,0,-1,"canopy",30,137
0,0,NA,0,-1,"recovery_arc",30,138
0,0,NA,0,-1,"canopy",30,139
0,0,NA,0,-1,"landing",30,140
0,0,NA,0,-1,"landing",30,141
0,0,NA,0,-1,"freefall",30,142
0,0,NA,0,-1,"maneuver",30,143
0,0,NA,0,-1,"canopy",30,144
0,0,NA,0,-1,"landing",30,145
0,0,NA,0,-1,"freefall",30,146
0,0,NA,0,-1,"opening",30,147
0,0,NA,0,-1,"opening",30,148
0,0,NA,0,-1,"recovery_arc",30,149
0,0,NA,0,-1,"freefall",30,150
0,0,NA,0,-1,"recovery_arc",30,151
0,0,NA,0,-1,"freefall",30,152
0,0,NA,0,-1,"freefall",30,153
0,0,NA,0,-1,"recovery_arc",30,154
0,0,NA,0,-1,"flight",30,155
0,0,NA,0,-1,"flight",30,156
0,0,NA,0,-1,"recovery_arc",30,157
0,0,NA,0,-1,"plane",30,158
0,0,NA,0,-1,"plane",30,159
0,0,NA,0,-1,"freefall",30,160
0,0,NA,0,-1,"flight",30,161
0,0,NA,0,-1,"plane",30,162
0,0,NA,0,-1,"plane",30,163
0,0,NA,0,-1,"flight",30,164
0,0,NA,0,-1,"flight",30,165
0,0,NA,0,-1,"flight",30,166
0,0,NA,0,-1,"flight",30,167
0,0,NA,0,-1,"freefall",30,168
0,0,NA,0,-1,"flight",30,169
0,0,NA,0,-1,"flight",30,170
0,0,NA,0,-1,"flight",30,171
0,0,NA,0,-1,"plane",30,172
0,0,NA,0,-1,"flight",30,173
0,0,NA,0,-1,"plane",30,174
0,0,NA,0,-1,"freefall",30,175
0,0,NA,0,-1,"flight",30,176
0,0,NA,0,-1,"freefall",30,177
0,0,NA,0,-1,"plane",30,178
0,0,NA,0,-1,"plane",30,179
0,0,NA,0,-1,"flight",30,180
0,0,NA,0,-1,"flight",30,181
0,0,NA,0,-1,"plane",30,182
0,0,NA,0,-1,"flight",30,183
0,0,NA,0,-1,"plane",30,184
0,0,NA,0,-1,"flight",30,185
0,0,NA,0,-1,"flight",30,186
0,0,NA,0,-1,"plane",30,187
0,0,NA,0,-1,"plane",30,188
0,0,NA,0,-1,"flight",30,189
0,0,NA,0,-1,"opening",30,190
0,0,NA,0,-1,"canopy",30,191
0,0,NA,0,-1,"flight",30,192
0,0,NA,0,-1,"flight",30,193
0,0,NA,0,-1,"freefall",30,194
0,0,NA,0,-1,"flight",30,195
0,0,NA,0,-1,"flight",30,196
0,0,NA,0,-1,"canopy",30,197
0,0,NA,0,-1,"plane",30,198
0,0,NA,0,-1,"landing",30,199
2,3,"heading_range",315205,1,NA,31,1
4,5,"speed_h_sum",275939,1,NA,31,2
6,7,"speed_v_range",608.5,1,NA,31,3
8,9,"acc_sum",8.721950511417079,1,NA,31,4
10,11,"speed_h_sum",396595,1,NA,31,5
12,13,"speed_v_sum",39318.5,1,NA,31,6
14,15,"speed_v_sum",38204.5,1,NA,31,7
16,17,"speed_h_sum",212744,1,NA,31,8
18,19,"acc_range",0.2886712543062895,1,NA,31,9
20,21,"speed_h_sum",366023.5,1,NA,31,10
22,23,"speed_v_sum",137831.5,1,NA,31,11
24,25,"acc_sum",9.93452539336612,1,NA,31,12
26,27,"acc_range",0.2849688256644878,1,NA,31,13
28,29,"speed_h_sum",265639.5,1,NA,31,14
30,31,"speed_v_sum",204514,1,NA,31,15
32,33,"speed_h_range",1501.5,1,NA,31,16
34,35,"speed_v_range",702,1,NA,31,17
36,37,"speed_v_range",695.5,1,NA,31,18
38,39,"speed_v_sum",212180,1,NA,31,19
40,41,"acc_range",0.2043350775282127,1,NA,31,20
42,43,"speed_v_sum",59709.5,1,NA,31,21
44,45,"acc_range",0.5385026105861229,1,NA,31,22
46,47,"acc_range",0.08891791626841228,1,NA,31,23
48,49,"speed_v_sum",-2175.5,1,NA,31,24
50,51,"speed_h_sum",296334.5,1,NA,31,25
52,53,"speed_h_sum",283965,1,NA,31,26
54,55,"acc_range",0.7141385417157893,1,NA,31,27
56,57,"speed_v_sum",15765,1,NA,31,28
58,59,"acc_range",0.65510621835235,1,NA,31,29
60,61,"acc_range",0.26651073429483085,1,NA,31,30
62,63,"speed_v_range",1909.5,1,NA,31,31
64,65,"acc_sum",6.352563374539501,1,NA,31,32
66,67,"speed_h_range",2662,1,NA,31,33
68,69,"speed_h_sum",241262,1,NA,31,34
70,71,"speed_v_sum",119301,1,NA,31,35
72,73,"speed_h_sum",204494,1,NA,31,36
74,75,"speed_v_sum",256869.5,1,NA,31,37
76,77,"acc_sum",12.995968796838735,1,NA,31,38
78,79,"speed_h_sum",177709,1,NA,31,39
80,81,"acc_sum",8.549354836723307,1,NA,31,40
82,83,"acc_sum",10.908170339405135,1,NA,31,41
84,85,"acc_sum",11.12297786462206,1,NA,31,42
86,87,"speed_v_range",3593.5,1,NA,31,43
88,89,"acc_range",0.3963831879263689,1,NA,31,44
90,91,"speed_h_range",3559.5,1,NA,31,45
0,0,NA,0,-1,"plane",31,46
92,93,"speed_h_range",1034.5,1,NA,31,47
0,0,NA,0,-1,"plane",31,48
94,95,"speed_h_sum",116542.5,1,NA,31,49
96,97,"speed_h_sum",116331,1,NA,31,50
0,0,NA,0,-1,"plane",31,51
98,99,"speed_v_sum",226787,1,NA,31,52
100,101,"heading_range",434418.5,1,NA,31,53
102,103,"heading_range",464056.5,1,NA,31,54
104,105,"speed_v_sum",177468,1,NA,31,55
106,107,"speed_h_sum",85402.5,1,NA,31,56
108,109,"acc_range",0.5934442842097521,1,NA,31,57
110,111,"acc_range",0.5558052971605179,1,NA,31,58
112,113,"speed_h_range",3776,1,NA,31,59
114,115,"acc_range",0.06344437604892239,1,NA,31,60
116,117,"speed_h_range",1358.5,1,NA,31,61
118,119,"acc_sum",19.557433345038252,1,NA,31,62
120,121,"heading_range",1481148,1,NA,31,63
122,123,"speed_v_sum",98476,1,NA,31,64
124,125,"speed_h_range",1237,1,NA,31,65
126,127,"acc_range",0.11173356687143449,1,NA,31,66
0,0,NA,0,-1,"maneuver",31,67
128,129,"acc_sum",6.6995119035575,1,NA,31,68
0,0,NA,0,-1,"freefall",31,69
130,131,"speed_v_range",1263.5,1,NA,31,70
132,133,"speed_h_range",205.5,1,NA,31,71
134,135,"speed_v_sum",198035,1,NA,31,72
136,137,"acc_sum",9.678113565809765,1,NA,31,73
138,139,"speed_h_sum",158813,1,NA,31,74
0,0,NA,0,-1,"flight",31,75
140,141,"speed_h_range",1469,1,NA,31,76
142,143,"speed_h_sum",217417,1,NA,31,77
144,145,"acc_sum",18.74456244388761,1,NA,31,78
146,147,"speed_v_range",1972.5,1,NA,31,79
148,149,"speed_h_range",1644.5,1,NA,31,80
150,151,"acc_range",0.1708414190041338,1,NA,31,81
152,153,"speed_v_range",2837.5,1,NA,31,82
154,155,"speed_v_sum",133305.5,1,NA,31,83
156,157,"acc_sum",10.923401866952121,1,NA,31,84
158,159,"acc_sum",11.128761135276307,1,NA,31,85
160,161,"speed_h_range",1908,1,NA,31,86
162,163,"acc_sum",12.623230548266985,1,NA,31,87
164,165,"acc_sum",10.962511000548353,1,NA,31,88
166,167,"acc_sum",11.841534808458935,1,NA,31,89
168,169,"acc_range",0.5391672037577744,1,NA,31,90
0,0,NA,0,-1,"freefall",31,91
170,171,"acc_sum",15.231830434748264,1,NA,31,92
172,173,"acc_range",0.6498047520029997,1,NA,31,93
0,0,NA,0,-1,"landing",31,94
174,175,"speed_h_range",872.5,1,NA,31,95
176,177,"speed_h_range",3415.5,1,NA,31,96
178,179,"speed_h_range",1738,1,NA,31,97
180,181,"acc_sum",11.40918899833672,1,NA,31,98
0,0,NA,0,-1,"flight",31,99
182,183,"speed_v_range",359.5,1,NA,31,100
184,185,"speed_h_sum",450940.5,1,NA,31,101
186,187,"acc_range",0.3491252802429812,1,NA,31,102
188,189,"speed_h_range",1781,1,NA,31,103
190,191,"speed_v_sum",70442,1,NA,31,104
0,0,NA,0,-1,"flight",31,105
0,0,NA,0,-1,"landing",31,106
192,193,"speed_v_sum",-1932.5,1,NA,31,107
194,195,"speed_h_range",964,1,NA,31,108
196,197,"acc_sum",17.88324961018717,1,NA,31,109
0,0,NA,0,-1,"plane",31,110
198,199,"acc_sum",10.38216403349093,1,NA,31,111
0,0,NA,0,-1,"plane",31,112
0,0,NA,0,-1,"freefall",31,113
0,0,NA,0,-1,"plane",31,114
0,0,NA,0,-1,"canopy",31,115
0,0,NA,0,-1,"canopy",31,116
0,0,NA,0,-1,"canopy",31,117
0,0,NA,0,-1,"flight",31,118
0,0,NA,0,-1,"freefall",31,119
0,0,NA,0,-1,"flight",31,120
0,0,NA,0,-1,"recovery_arc",31,121
0,0,NA,0,-1,"maneuver",31,122
0,0,NA,0,-1,"recovery_arc",31,123
0,0,NA,0,-1,"canopy",31,124
0,0,NA,0,-1,"recovery_arc",31,125
0,0,NA,0,-1,"landing",31,126
0,0,NA,0,-1,"freefall",31,127
0,0,NA,0,-1,"plane",31,128
0,0,NA,0,-1,"flight",31,129
0,0,NA,0,-1,"canopy",31,130
0,0,NA,0,-1,"plane",31,131
0,0,NA,0,-1,"freefall",31,132
0,0,NA,0,-1,"freefall",31,133
0,0,NA,0,-1,"canopy",31,134
0,0,NA,0,-1,"flight",31,135
0,0,NA,0,-1,"canopy",31,136
0,0,NA,0,-1,"canopy",31,137
0,0,NA,0,-1,"canopy",31,138
0,0,NA,0,-1,"canopy",31,139
0,0,NA,0,-1,"canopy",31,140
0,0,NA,0,-1,"landing",31,141
0,0,NA,0,-1,"canopy",31,142
0,0,NA,0,-1,"canopy",31,143
0,0,NA,0,-1,"freefall",31,144
0,0,NA,0,-1,"freefall",31,145
0,0,NA,0,-1,"flight",31,146
0,0,NA,0,-1,"flight",31,147
0,0,NA,0,-1,"flight",31,148
0,0,NA,0,-1,"freefall",31,149
0,0,NA,0,-1,"plane",31,150
0,0,NA,0,-1,"plane",31,151
0,0,NA,0,-1,"flight",31,152
0,0,NA,0,-1,"freefall",31,153
0,0,NA,0,-1,"plane",31,154
0,0,NA,0,-1,"flight",31,155
0,0,NA,0,-1,"plane",31,156
0,0,NA,0,-1,"plane",31,157
0,0,NA,0,-1,"freefall",31,158
0,0,NA,0,-1,"plane",31,159
0,0,NA,0,-1,"flight",31,160
0,0,NA,0,-1,"opening",31,161
0,0,NA,0,-1,"freefall",31,162
0,0,NA,0,-1,"flight",31,163
0,0,NA,0,-1,"plane",31,164
0,0,NA,0,-1,"plane",31,165
0,0,NA,0,-1,"plane",31,166
0,0,NA,0,-1,"plane",31,167
0,0,NA,0,-1,"freefall",31,168
0,0,NA,0,-1,"plane",31,169
0,0,NA,0,-1,"flight",31,170
0,0,NA,0,-1,"flight",31,171
0,0,NA,0,-1,"flight",31,172
0,0,NA,0,-1,"flight",31,173
0,0,NA,0,-1,"canopy",31,174
0,0,NA,0,-1,"plane",31,175
0,0,NA,0,-1,"landing",31,176
0,0,NA,0,-1,"canopy",31,177
0,0,NA,0,-1,"canopy",31,178
0,0,NA,0,-1,"landing",31,179
0,0,NA,0,-1,"canopy",31,180
0,0,NA,0,-1,"canopy",31,181
0,0,NA,0,-1,"plane",31,182
0,0,NA,0,-1,"plane",31,183
0,0,NA,0,-1,"flight",31,184
0,0,NA,0,-1,"opening",31,185
0,0,NA,0,-1,"canopy",31,186
0,0,NA,0,-1,"flight",31,187
0,0,NA,0,-1,"canopy",31,188
0,0,NA,0,-1,"recovery_arc",31,189
0,0,NA,0,-1,"canopy",31,190
0,0,NA,0,-1,"canopy",31,191
0,0,NA,0,-1,"maneuver",31,192
0,0,NA,0,-1,"landing",31,193
0,0,NA,0,-1,"canopy",31,194
0,0,NA,0,-1,"landing",31,195
0,0,NA,0,-1,"landing",31,196
0,0,NA,0,-1,"maneuver",31,197
0,0,NA,0,-1,"plane",31,198
0,0,NA,0,-1,"plane",31,199
2,3,"acc_range",0.1366373664783464,1,NA,32,1
4,5,"acc_range",0.09997986290311944,1,NA,32,2
6,7,"speed_v_range",396.5,1,NA,32,3
8,9,"heading_range",438558.5,1,NA,32,4
10,11,"speed_v_range",378.5,1,NA,32,5
12,13,"speed_h_sum",281269,1,NA,32,6
14,15,"speed_h_sum",293288.5,1,NA,32,7
16,17,"speed_v_sum",49810,1,NA,32,8
18,19,"speed_h_sum",303469.5,1,NA,32,9
20,21,"speed_h_range",367.5,1,NA,32,10
22,23,"heading_range",320748,1,NA,32,11
24,25,"acc_range",0.27933669645021747,1,NA,32,12
26,27,"acc_range",0.3145034301748052,1,NA,32,13
28,29,"acc_sum",18.590037416233045,1,NA,32,14
30,31,"speed_v_sum",136890.5,1,NA,32,15
32,33,"speed_h_sum",263456,1,NA,32,16
34,35,"speed_v_range",367.5,1,NA,32,17
36,37,"speed_h_range",224.5,1,NA,32,18
38,39,"heading_range",491438,1,NA,32,19
40,41,"speed_v_sum",32099,1,NA,32,20
42,43,"speed_h_sum",286414,1,NA,32,21
44,45,"heading_range",248914.5,1,NA,32,22
46,47,"speed_v_sum",38331,1,NA,32,23
48,49,"speed_v_sum",228211,1,NA,32,24
50,51,"speed_h_sum",194195.5,1,NA,32,25
52,53,"speed_v_sum",112015,1,NA,32,26
54,55,"speed_v_sum",134524,1,NA,32,27
56,57,"speed_v_sum",206053,1,NA,32,28
58,59,"acc_range",0.942453133539552,1,NA,32,29
60,61,"speed_h_range",3590,1,NA,32,30
62,63,"acc_sum",7.648448115955738,1,NA,32,31
64,65,"speed_h_sum",232267,1,NA,32,32
66,67,"speed_v_sum",-24679.5,1,NA,32,33
68,69,"speed_h_sum",398551.5,1,NA,32,34
70,71,"acc_sum",9.696435581834077,1,NA,32,35
0,0,NA,0,-1,"canopy",32,36
72,73,"speed_h_sum",174677.5,1,NA,32,37
74,75,"speed_v_range",262.5,1,NA,32,38
0,0,NA,0,-1,"plane",32,39
76,77,"speed_v_range",339,1,NA,32,40
78,79,"speed_h_range",260.5,1,NA,32,41
80,81,"acc_sum",10.638626871356431,1,NA,32,42
82,83,"speed_v_range",376.5,1,NA,32,43
84,85,"speed_h_range",274.5,1,NA,32,44
86,87,"speed_v_sum",44759.5,1,NA,32,45
88,89,"speed_v_sum",26541.5,1,NA,32,46
90,91,"speed_h_range",1663.5,1,NA,32,47
92,93,"speed_v_sum",66461.5,1,NA,32,48
0,0,NA,0,-1,"flight",32,49
94,95,"acc_sum",6.660731601884778,1,NA,32,50
96,97,"acc_sum",10.380084492178783,1,NA,32,51
98,99,"speed_v_range",368.5,1,NA,32,52
100,101,"speed_v_range",383.5,1,NA,32,53
0,0,NA,0,-1,"plane",32,54
102,103,"speed_h_range",183.5,1,NA,32,55
104,105,"speed_v_range",1360.5,1,NA,32,56
106,107,"speed_h_range",1456.5,1,NA,32,57
108,109,"heading_range",1720257,1,NA,32,58
110,111,"speed_v_sum",361445.5,1,NA,32,59
112,113,"acc_sum",7.777927738277311,1,NA,32,60
114,115,"speed_v_sum",-25493,1,NA,32,61
116,117,"acc_range",0.44578731768110835,1,NA,32,62
118,119,"speed_h_range",1039,1,NA,32,63
120,121,"acc_range",0.021061356840889833,1,NA,32,64
0,0,NA,0,-1,"maneuver",32,65
0,0,NA,0,-1,"plane",32,66
122,123,"heading_range",63220.5,1,NA,32,67
124,125,"speed_v_sum",60153,1,NA,32,68
0,0,NA,0,-1,"plane",32,69
126,127,"speed_h_sum",245238.5,1,NA,32,70
128,129,"speed_h_sum",395406.5,1,NA,32,71
130,131,"speed_v_sum",21851.5,1,NA,32,72
132,133,"speed_v_sum",104098.5,1,NA,32,73
0,0,NA,0,-1,"flight",32,74
0,0,NA,0,-1,"plane",32,75
0,0,NA,0,-1,"plane",32,76
134,135,"heading_range",209866,1,NA,32,77
136,137,"speed_v_sum",64845,1,NA,32,78
138,139,"speed_v_sum",166732,1,NA,32,79
140,141,"heading_range",200645.5,1,NA,32,80
142,143,"heading_range",35943659,1,NA,32,81
144,145,"speed_v_sum",133406,1,NA,32,82
146,147,"heading_range",128832.5,1,NA,32,83
148,149,"heading_range",58367,1,NA,32,84
150,151,"speed_v_range",536.5,1,NA,32,85
152,153,"speed_v_sum",34995.5,1,NA,32,86
154,155,"speed_v_sum",214367,1,NA,32,87
156,157,"acc_sum",9.136916243963288,1,NA,32,88
158,159,"speed_h_sum",307400.5,1,NA,32,89
160,161,"speed_v_sum",206739,1,NA,32,90
162,163,"speed_v_sum",160605.5,1,NA,32,91
164,165,"speed_h_sum",148436.5,1,NA,32,92
166,167,"acc_sum",11.425706702303662,1,NA,32,93
0,0,NA,0,-1,"plane",32,94
168,169,"speed_v_sum",5630.5,1,NA,32,95
170,171,"acc_sum",9.68434165180893,1,NA,32,96
172,173,"acc_range",0.4377995398378892,1,NA,32,97
0,0,NA,0,-1,"plane",32,98
174,175,"speed_h_range",273.5,1,NA,32,99
176,177,"acc_range",0.3057127245898527,1,NA,32,100
178,179,"acc_sum",9.519630342950197,1,NA,32,101
180,181,"speed_h_sum",365546,1,NA,32,102
182,183,"acc_sum",9.840871838604158,1,NA,32,103
184,185,"speed_v_sum",15009.5,1,NA,32,104
186,187,"acc_sum",6.409171859539122,1,NA,32,105
188,189,"acc_sum",13.351300269747771,1,NA,32,106
190,191,"heading_range",422864.5,1,NA,32,107
192,193,"speed_v_sum",90823,1,NA,32,108
194,195,"acc_range",0.336613949359286,1,NA,32,109
196,197,"speed_v_range",3325.5,1,NA,32,110
198,199,"heading_range",1730075.5,1,NA,32,111
0,0,NA,0,-1,"plane",32,112
0,0,NA,0,-1,"plane",32,113
0,0,NA,0,-1,"plane",32,114
0,0,NA,0,-1,"freefall",32,115
0,0,NA,0,-1,"freefall",32,116
0,0,NA,0,-1,"freefall",32,117
0,0,NA,0,-1,"flight",32,118
0,0,NA,0,-1,"flight",32,119
0,0,NA,0,-1,"plane",32,120
0,0,NA,0,-1,"canopy",32,121
0,0,NA,0,-1,"plane",32,122
0,0,NA,0,-1,"plane",32,123
0,0,NA,0,-1,"canopy",32,124
0,0,NA,0,-1,"canopy",32,125
0,0,NA,0,-1,"canopy",32,126
0,0,NA,0,-1,"plane",32,127
0,0,NA,0,-1,"canopy",32,128
0,0,NA,0,-1,"plane",32,129
0,0,NA,0,-1,"landing",32,130
0,0,NA,0,-1,"canopy",32,131
0,0,NA,0,-1,"canopy",32,132
0,0,NA,0,-1,"canopy",32,133
0,0,NA,0,-1,"plane",32,134
0,0,NA,0,-1,"canopy",32,135
0,0,NA,0,-1,"canopy",32,136
0,0,NA,0,-1,"canopy",32,137
0,0,NA,0,-1,"canopy",32,138
0,0,NA,0,-1,"flight",32,139
0,0,NA,0,-1,"canopy",32,140
0,0,NA,0,-1,"canopy",32,141
0,0,NA,0,-1,"canopy",32,142
0,0,NA,0,-1,"maneuver",32,143
0,0,NA,0,-1,"plane",32,144
0,0,NA,0,-1,"flight",32,145
0,0,NA,0,-1,"plane",32,146
0,0,NA,0,-1,"plane",32,147
0,0,NA,0,-1,"plane",32,148
0,0,NA,0,-1,"canopy",32,149
0,0,NA,0,-1,"plane",32,150
0,0,NA,0,-1,"plane",32,151
0,0,NA,0,-1,"plane",32,152
0,0,NA,0,-1,"plane",32,153
0,0,NA,0,-1,"canopy",32,154
0,0,NA,0,-1,"flight",32,155
0,0,NA,0,-1,"landing",32,156
0,0,NA,0,-1,"plane",32,157
0,0,NA,0,-1,"canopy",32,158
0,0,NA,0,-1,"plane",32,159
0,0,NA,0,-1,"canopy",32,160
0,0,NA,0,-1,"flight",32,161
0,0,NA,0,-1,"canopy",32,162
0,0,NA,0,-1,"plane",32,163
0,0,NA,0,-1,"canopy",32,164
0,0,NA,0,-1,"canopy",32,165
0,0,NA,0,-1,"canopy",32,166
0,0,NA,0,-1,"canopy",32,167
0,0,NA,0,-1,"landing",32,168
0,0,NA,0,-1,"canopy",32,169
0,0,NA,0,-1,"flight",32,170
0,0,NA,0,-1,"flight",32,171
0,0,NA,0,-1,"canopy",32,172
0,0,NA,0,-1,"canopy",32,173
0,0,NA,0,-1,"plane",32,174
0,0,NA,0,-1,"plane",32,175
0,0,NA,0,-1,"flight",32,176
0,0,NA,0,-1,"flight",32,177
0,0,NA,0,-1,"freefall",32,178
0,0,NA,0,-1,"flight",32,179
0,0,NA,0,-1,"flight",32,180
0,0,NA,0,-1,"flight",32,181
0,0,NA,0,-1,"flight",32,182
0,0,NA,0,-1,"flight",32,183
0,0,NA,0,-1,"landing",32,184
0,0,NA,0,-1,"canopy",32,185
0,0,NA,0,-1,"maneuver",32,186
0,0,NA,0,-1,"canopy",32,187
0,0,NA,0,-1,"flight",32,188
0,0,NA,0,-1,"recovery_arc",32,189
0,0,NA,0,-1,"freefall",32,190
0,0,NA,0,-1,"recovery_arc",32,191
0,0,NA,0,-1,"maneuver",32,192
0,0,NA,0,-1,"landing",32,193
0,0,NA,0,-1,"recovery_arc",32,194
0,0,NA,0,-1,"recovery_arc",32,195
0,0,NA,0,-1,"canopy",32,196
0,0,NA,0,-1,"opening",32,197
0,0,NA,0,-1,"freefall",32,198
0,0,NA,0,-1,"opening",32,199
2,3,"speed_h_sum",281122.5,1,NA,33,1
4,5,"speed_v_sum",206148.5,1,NA,33,2
6,7,"speed_h_sum",385711,1,NA,33,3
8,9,"speed_v_range",1017.5,1,NA,33,4
10,11,"speed_h_range",1164,1,NA,33,5
12,13,"speed_v_sum",109955,1,NA,33,6
14,15,"heading_range",301876.5,1,NA,33,7
16,17,"speed_v_sum",6819.5,1,NA,33,8
18,19,"speed_v_range",1681.5,1,NA,33,9
20,21,"acc_range",0.8389917880765718,1,NA,33,10
22,23,"speed_h_range",3342.5,1,NA,33,11
24,25,"acc_sum",12.846760499314863,1,NA,33,12
26,27,"speed_v_range",3227.5,1,NA,33,13
28,29,"speed_v_range",2371.5,1,NA,33,14
30,31,"speed_v_sum",195703,1,NA,33,15
32,33,"acc_range",0.13917642034767613,1,NA,33,16
34,35,"speed_v_range",759.5,1,NA,33,17
36,37,"speed_h_sum",28464.5,1,NA,33,18
38,39,"heading_range",587732.5,1,NA,33,19
40,41,"speed_h_sum",254877,1,NA,33,20
42,43,"acc_sum",22.219791162165006,1,NA,33,21
44,45,"heading_range",1378821,1,NA,33,22
46,47,"acc_sum",24.005182946717532,1,NA,33,23
48,49,"speed_v_range",3316.5,1,NA,33,24
0,0,NA,0,-1,"canopy",33,25
50,51,"speed_v_range",784.5,1,NA,33,26
52,53,"acc_sum",12.185533034921994,1,NA,33,27
54,55,"acc_range",0.32956330290851704,1,NA,33,28
56,57,"speed_h_sum",461297.5,1,NA,33,29
58,59,"acc_range",0.5813487834239313,1,NA,33,30
60,61,"speed_h_range",3819.5,1,NA,33,31
0,0,NA,0,-1,"plane",33,32
62,63,"speed_h_sum",94867.5,1,NA,33,33
64,65,"acc_sum",11.420074031680976,1,NA,33,34
66,67,"speed_h_sum",187687.5,1,NA,33,35
68,69,"speed_v_range",1038.5,1,NA,33,36
70,71,"speed_h_sum",163347,1,NA,33,37
72,73,"speed_v_sum",38425.5,1,NA,33,38
74,75,"acc_sum",16.796824713264137,1,NA,33,39
76,77,"speed_v_sum",254121.5,1,NA,33,40
78,79,"speed_v_sum",273588,1,NA,33,41
80,81,"speed_h_sum",177808,1,NA,33,42
82,83,"speed_v_range",3185,1,NA,33,43
84,85,"acc_sum",8.379411568374715,1,NA,33,44
86,87,"acc_range",1.0557547720660554,1,NA,33,45
88,89,"acc_range",1.2004672581827864,1,NA,33,46
90,91,"speed_v_sum",281634,1,NA,33,47
92,93,"speed_v_range",2830,1,NA,33,48
94,95,"speed_h_sum",373844,1,NA,33,49
96,97,"speed_v_sum",217723,1,NA,33,50
98,99,"speed_h_range",2055,1,NA,33,51
100,101,"speed_h_sum",309401.5,1,NA,33,52
102,103,"heading_range",1002539.5,1,NA,33,53
104,105,"speed_v_sum",111519.5,1,NA,33,54
106,107,"speed_h_sum",452207.5,1,NA,33,55
108,109,"speed_v_sum",61319.5,1,NA,33,56
110,111,"speed_h_sum",461381,1,NA,33,57
112,113,"speed_h_sum",387202,1,NA,33,58
114,115,"speed_h_sum",408879.5,1,NA,33,59
116,117,"heading_range",35977623.5,1,NA,33,60
0,0,NA,0,-1,"plane",33,61
118,119,"acc_sum",5.22415343255831,1,NA,33,62
120,121,"acc_range",0.5457942839980692,1,NA,33,63
122,123,"speed_h_sum",203569.5,1,NA,33,64
124,125,"speed_v_sum",60336,1,NA,33,65
126,127,"acc_range",0.43161636350580507,1,NA,33,66
128,129,"acc_sum",8.763281786222523,1,NA,33,67
130,131,"acc_range",0.8551919918665165,1,NA,33,68
132,133,"speed_h_range",2164,1,NA,33,69
134,135,"speed_h_range",1259,1,NA,33,70
136,137,"acc_range",0.08443578494510418,1,NA,33,71
138,139,"speed_h_sum",114534.5,1,NA,33,72
140,141,"acc_range",0.3599882118658901,1,NA,33,73
142,143,"speed_h_sum",163391,1,NA,33,74
144,145,"acc_range",3.137145663633132,1,NA,33,75
146,147,"speed_v_range",3502.5,1,NA,33,76
148,149,"speed_h_sum",159656,1,NA,33,77
0,0,NA,0,-1,"freefall",33,78
0,0,NA,0,-1,"flight",33,79
0,0,NA,0,-1,"freefall",33,80
0,0,NA,0,-1,"flight",33,81
0,0,NA,0,-1,"freefall",33,82
150,151,"speed_h_sum",61059,1,NA,33,83
152,153,"heading_range",522825,1,NA,33,84
154,155,"speed_h_sum",195906.5,1,NA,33,85
156,157,"speed_h_sum",103056.5,1,NA,33,86
158,159,"acc_range",1.7914351830429016,1,NA,33,87
160,161,"heading_range",1016672.5,1,NA,33,88
162,163,"heading_range",887862.5,1,NA,33,89
164,165,"speed_h_range",5977,1,NA,33,90
166,167,"acc_range",0.9559863293512167,1,NA,33,91
168,169,"acc_sum",11.119139783853527,1,NA,33,92
170,171,"speed_v_sum",54451.5,1,NA,33,93
172,173,"speed_v_range",3541.5,1,NA,33,94
174,175,"speed_h_range",2974.5,1,NA,33,95
176,177,"speed_h_sum",378009,1,NA,33,96
178,179,"speed_h_sum",343362.5,1,NA,33,97
180,181,"speed_v_sum",135393,1,NA,33,98
182,183,"speed_v_sum",141916,1,NA,33,99
184,185,"speed_h_range",1243.5,1,NA,33,100
186,187,"acc_sum",6.209335486957791,1,NA,33,101
188,189,"speed_h_sum",283545.5,1,NA,33,102
0,0,NA,0,-1,"plane",33,103
190,191,"acc_range",0.16879719581717312,1,NA,33,104
192,193,"heading_range",18531.5,1,NA,33,105
194,195,"heading_range",55993,1,NA,33,106
196,197,"speed_h_range",195,1,NA,33,107
198,199,"speed_v_sum",36812,1,NA,33,108
0,0,NA,0,-1,"flight",33,109
0,0,NA,0,-1,"plane",33,110
0,0,NA,0,-1,"plane",33,111
0,0,NA,0,-1,"plane",33,112
0,0,NA,0,-1,"plane",33,113
0,0,NA,0,-1,"freefall",33,114
0,0,NA,0,-1,"plane",33,115
0,0,NA,0,-1,"flight",33,116
0,0,NA,0,-1,"opening",33,117
0,0,NA,0,-1,"plane",33,118
0,0,NA,0,-1,"landing",33,119
0,0,NA,0,-1,"landing",33,120
0,0,NA,0,-1,"maneuver",33,121
0,0,NA,0,-1,"canopy",33,122
0,0,NA,0,-1,"canopy",33,123
0,0,NA,0,-1,"canopy",33,124
0,0,NA,0,-1,"canopy",33,125
0,0,NA,0,-1,"canopy",33,126
0,0,NA,0,-1,"canopy",33,127
0,0,NA,0,-1,"maneuver",33,128
0,0,NA,0,-1,"canopy",33,129
0,0,NA,0,-1,"canopy",33,130
0,0,NA,0,-1,"landing",33,131
0,0,NA,0,-1,"landing",33,132
0,0,NA,0,-1,"landing",33,133
0,0,NA,0,-1,"canopy",33,134
0,0,NA,0,-1,"landing",33,135
0,0,NA,0,-1,"maneuver",33,136
0,0,NA,0,-1,"canopy",33,137
0,0,NA,0,-1,"maneuver",33,138
0,0,NA,0,-1,"landing",33,139
0,0,NA,0,-1,"canopy",33,140
0,0,NA,0,-1,"landing",33,141
0,0,NA,0,-1,"landing",33,142
0,0,NA,0,-1,"canopy",33,143
0,0,NA,0,-1,"canopy",33,144
0,0,NA,0,-1,"landing",33,145
0,0,NA,0,-1,"recovery_arc",33,146
0,0,NA,0,-1,"opening",33,147
0,0,NA,0,-1,"freefall",33,148
0,0,NA,0,-1,"flight",33,149
0,0,NA,0,-1,"freefall",33,150
0,0,NA,0,-1,"opening",33,151
0,0,NA,0,-1,"freefall",33,152
0,0,NA,0,-1,"flight",33,153
0,0,NA,0,-1,"freefall",33,154
0,0,NA,0,-1,"flight",33,155
0,0,NA,0,-1,"recovery_arc",33,156
0,0,NA,0,-1,"recovery_arc",33,157
0,0,NA,0,-1,"opening",33,158
0,0,NA,0,-1,"freefall",33,159
0,0,NA,0,-1,"recovery_arc",33,160
0,0,NA,0,-1,"recovery_arc",33,161
0,0,NA,0,-1,"canopy",33,162
0,0,NA,0,-1,"flight",33,163
0,0,NA,0,-1,"landing",33,164
0,0,NA,0,-1,"recovery_arc",33,165
0,0,NA,0,-1,"recovery_arc",33,166
0,0,NA,0,-1,"opening",33,167
0,0,NA,0,-1,"plane",33,168
0,0,NA,0,-1,"plane",33,169
0,0,NA,0,-1,"plane",33,170
0,0,NA,0,-1,"freefall",33,171
0,0,NA,0,-1,"freefall",33,172
0,0,NA,0,-1,"plane",33,173
0,0,NA,0,-1,"plane",33,174
0,0,NA,0,-1,"freefall",33,175
0,0,NA,0,-1,"freefall",33,176
0,0,NA,0,-1,"flight",33,177
0,0,NA,0,-1,"flight",33,178
0,0,NA,0,-1,"flight",33,179
0,0,NA,0,-1,"canopy",33,180
0,0,NA,0,-1,"flight",33,181
0,0,NA,0,-1,"canopy",33,182
0,0,NA,0,-1,"flight",33,183
0,0,NA,0,-1,"flight",33,184
0,0,NA,0,-1,"freefall",33,185
0,0,NA,0,-1,"plane",33,186
0,0,NA,0,-1,"freefall",33,187
0,0,NA,0,-1,"flight",33,188
0,0,NA,0,-1,"canopy",33,189
0,0,NA,0,-1,"plane",33,190
0,0,NA,0,-1,"plane",33,191
0,0,NA,0,-1,"plane",33,192
0,0,NA,0,-1,"flight",33,193
0,0,NA,0,-1,"flight",33,194
0,0,NA,0,-1,"flight",33,195
0,0,NA,0,-1,"flight",33,196
0,0,NA,0,-1,"plane",33,197
0,0,NA,0,-1,"plane",33,198
0,0,NA,0,-1,"plane",33,199
2,3,"speed_h_sum",275984,1,NA,34,1
4,5,"speed_h_range",1182.5,1,NA,34,2
6,7,"speed_v_sum",135437.5,1,NA,34,3
8,9,"acc_range",0.3196364590232996,1,NA,34,4
10,11,"acc_range",0.26868830121639364,1,NA,34,5
12,13,"acc_range",0.3642350048509765,1,NA,34,6
14,15,"speed_v_sum",218603.5,1,NA,34,7
16,17,"speed_v_sum",253677,1,NA,34,8
18,19,"acc_range",0.69367190763623,1,NA,34,9
20,21,"acc_sum",8.266431294134993,1,NA,34,10
22,23,"speed_v_sum",33669,1,NA,34,11
24,25,"speed_v_sum",87191,1,NA,34,12
26,27,"speed_v_sum",53080,1,NA,34,13
28,29,"speed_v_range",3005.5,1,NA,34,14
30,31,"acc_sum",8.002233262058159,1,NA,34,15
32,33,"speed_v_range",1870,1,NA,34,16
0,0,NA,0,-1,"flight",34,17
34,35,"speed_v_range",874.5,1,NA,34,18
36,37,"heading_range",1173187.5,1,NA,34,19
38,39,"acc_sum",5.527557719024934,1,NA,34,20
40,41,"speed_h_sum",95946.5,1,NA,34,21
42,43,"speed_h_sum",94765.5,1,NA,34,22
44,45,"acc_sum",8.569375187315238,1,NA,34,23
46,47,"speed_h_sum",283366.5,1,NA,34,24
48,49,"heading_range",373754.5,1,NA,34,25
50,51,"heading_range",386253,1,NA,34,26
52,53,"speed_v_range",3311,1,NA,34,27
54,55,"speed_v_sum",149701,1,NA,34,28
56,57,"speed_h_sum",394595,1,NA,34,29
58,59,"speed_h_range",2044,1,NA,34,30
60,61,"heading_range",10916.5,1,NA,34,31
62,63,"speed_h_sum",204292.5,1,NA,34,32
64,65,"acc_sum",5.59527104215128,1,NA,34,33
66,67,"speed_h_sum",192097,1,NA,34,34
68,69,"speed_h_sum",184193,1,NA,34,35
70,71,"speed_v_range",1396,1,NA,34,36
72,73,"speed_h_sum",43411,1,NA,34,37
74,75,"acc_range",0.26118932221328917,1,NA,34,38
76,77,"speed_h_sum",135582.5,1,NA,34,39
78,79,"speed_v_sum",128651.5,1,NA,34,40
80,81,"heading_range",613484,1,NA,34,41
82,83,"speed_h_range",3595,1,NA,34,42
84,85,"speed_v_range",3331.5,1,NA,34,43
86,87,"speed_v_sum",169253,1,NA,34,44
88,89,"heading_range",1784817.5,1,NA,34,45
90,91,"speed_v_sum",44867.5,1,NA,34,46
92,93,"speed_v_sum",85459.5,1,NA,34,47
94,95,"speed_h_sum",421895.5,1,NA,34,48
96,97,"speed_h_range",632.5,1,NA,34,49
98,99,"speed_v_range",5099,1,NA,34,50
100,101,"acc_range",0.6828032261039737,1,NA,34,51
102,103,"speed_h_range",1808.5,1,NA,34,52
104,105,"acc_sum",6.764981797177908,1,NA,34,53
106,107,"speed_v_range",965,1,NA,34,54
108,109,"acc_range",0.4981118925403617,1,NA,34,55
110,111,"acc_range",0.6262284124268405,1,NA,34,56
112,113,"acc_sum",12.141386870375946,1,NA,34,57
114,115,"heading_range",194419.5,1,NA,34,58
116,117,"acc_sum",7.659394582481335,1,NA,34,59
118,119,"acc_sum",10.633821773824021,1,NA,34,60
120,121,"speed_v_sum",360396,1,NA,34,61
122,123,"acc_sum",6.414277392183359,1,NA,34,62
124,125,"speed_v_sum",147620,1,NA,34,63
126,127,"heading_range",190489.5,1,NA,34,64
128,129,"acc_sum",8.631556023506606,1,NA,34,65
130,131,"speed_v_sum",240498,1,NA,34,66
132,133,"acc_sum",10.898644539928064,1,NA,34,67
134,135,"heading_range",1528461,1,NA,34,68
136,137,"heading_range",941377,1,NA,34,69
138,139,"speed_v_range",371.5,1,NA,34,70
140,141,"speed_v_sum",375937,1,NA,34,71
142,143,"speed_v_range",435.5,1,NA,34,72
144,145,"speed_v_sum",192648,1,NA,34,73
146,147,"speed_v_range",2991.5,1,NA,34,74
0,0,NA,0,-1,"plane",34,75
148,149,"speed_h_sum",102575.5,1,NA,34,76
150,151,"speed_h_range",1366.5,1,NA,34,77
152,153,"speed_v_sum",116909,1,NA,34,78
154,155,"heading_range",6712878,1,NA,34,79
156,157,"speed_h_range",1561.5,1,NA,34,80
158,159,"speed_v_range",2809,1,NA,34,81
0,0,NA,0,-1,"landing",34,82
160,161,"speed_v_sum",22236,1,NA,34,83
162,163,"acc_sum",8.848411327008758,1,NA,34,84
164,165,"speed_h_range",2018.5,1,NA,34,85
166,167,"speed_v_range",2127,1,NA,34,86
168,169,"speed_h_range",2678,1,NA,34,87
170,171,"speed_v_range",2600,1,NA,34,88
172,173,"acc_range",1.2100895525213256,1,NA,34,89
0,0,NA,0,-1,"plane",34,90
0,0,NA,0,-1,"canopy",34,91
174,175,"speed_v_sum",-25117.5,1,NA,34,92
176,177,"speed_h_range",3210,1,NA,34,93
178,179,"speed_h_range",2976,1,NA,34,94
0,0,NA,0,-1,"plane",34,95
0,0,NA,0,-1,"maneuver",34,96
180,181,"acc_sum",8.462445310444801,1,NA,34,97
182,183,"speed_h_sum",490342.5,1,NA,34,98
184,185,"speed_v_sum",49174,1,NA,34,99
186,187,"speed_v_sum",31504,1,NA,34,100
188,189,"heading_range",460939,1,NA,34,101
190,191,"speed_v_sum",83118.5,1,NA,34,102
192,193,"speed_h_sum",399125.5,1,NA,34,103
194,195,"acc_range",0.3826259505792867,1,NA,34,104
196,197,"acc_sum",10.233647796077808,1,NA,34,105
198,199,"heading_range",267079,1,NA,34,106
0,0,NA,0,-1,"opening",34,107
0,0,NA,0,-1,"flight",34,108
0,0,NA,0,-1,"flight",34,109
0,0,NA,0,-1,"freefall",34,110
0,0,NA,0,-1,"opening",34,111
0,0,NA,0,-1,"plane",34,112
0,0,NA,0,-1,"flight",34,113
0,0,NA,0,-1,"flight",34,114
0,0,NA,0,-1,"flight",34,115
0,0,NA,0,-1,"freefall",34,116
0,0,NA,0,-1,"freefall",34,117
0,0,NA,0,-1,"plane",34,118
0,0,NA,0,-1,"flight",34,119
0,0,NA,0,-1,"flight",34,120
0,0,NA,0,-1,"freefall",34,121
0,0,NA,0,-1,"plane",34,122
0,0,NA,0,-1,"canopy",34,123
0,0,NA,0,-1,"canopy",34,124
0,0,NA,0,-1,"freefall",34,125
0,0,NA,0,-1,"canopy",34,126
0,0,NA,0,-1,"maneuver",34,127
0,0,NA,0,-1,"recovery_arc",34,128
0,0,NA,0,-1,"canopy",34,129
0,0,NA,0,-1,"canopy",34,130
0,0,NA,0,-1,"flight",34,131
0,0,NA,0,-1,"flight",34,132
0,0,NA,0,-1,"canopy",34,133
0,0,NA,0,-1,"canopy",34,134
0,0,NA,0,-1,"landing",34,135
0,0,NA,0,-1,"canopy",34,136
0,0,NA,0,-1,"recovery_arc",34,137
0,0,NA,0,-1,"canopy",34,138
0,0,NA,0,-1,"canopy",34,139
0,0,NA,0,-1,"landing",34,140
0,0,NA,0,-1,"freefall",34,141
0,0,NA,0,-1,"canopy",34,142
0,0,NA,0,-1,"landing",34,143
0,0,NA,0,-1,"canopy",34,144
0,0,NA,0,-1,"freefall",34,145
0,0,NA,0,-1,"canopy",34,146
0,0,NA,0,-1,"maneuver",34,147
0,0,NA,0,-1,"recovery_arc",34,148
0,0,NA,0,-1,"canopy",34,149
0,0,NA,0,-1,"recovery_arc",34,150
0,0,NA,0,-1,"freefall",34,151
0,0,NA,0,-1,"canopy",34,152
0,0,NA,0,-1,"canopy",34,153
0,0,NA,0,-1,"opening",34,154
0,0,NA,0,-1,"canopy",34,155
0,0,NA,0,-1,"canopy",34,156
0,0,NA,0,-1,"landing",34,157
0,0,NA,0,-1,"canopy",34,158
0,0,NA,0,-1,"landing",34,159
0,0,NA,0,-1,"landing",34,160
0,0,NA,0,-1,"canopy",34,161
0,0,NA,0,-1,"canopy",34,162
0,0,NA,0,-1,"landing",34,163
0,0,NA,0,-1,"landing",34,164
0,0,NA,0,-1,"maneuver",34,165
0,0,NA,0,-1,"recovery_arc",34,166
0,0,NA,0,-1,"maneuver",34,167
0,0,NA,0,-1,"freefall",34,168
0,0,NA,0,-1,"flight",34,169
0,0,NA,0,-1,"canopy",34,170
0,0,NA,0,-1,"opening",34,171
0,0,NA,0,-1,"recovery_arc",34,172
0,0,NA,0,-1,"canopy",34,173
0,0,NA,0,-1,"plane",34,174
0,0,NA,0,-1,"plane",34,175
0,0,NA,0,-1,"plane",34,176
0,0,NA,0,-1,"freefall",34,177
0,0,NA,0,-1,"canopy",34,178
0,0,NA,0,-1,"freefall",34,179
0,0,NA,0,-1,"freefall",34,180
0,0,NA,0,-1,"plane",34,181
0,0,NA,0,-1,"plane",34,182
0,0,NA,0,-1,"plane",34,183
0,0,NA,0,-1,"plane",34,184
0,0,NA,0,-1,"freefall",34,185
0,0,NA,0,-1,"plane",34,186
0,0,NA,0,-1,"plane",34,187
0,0,NA,0,-1,"freefall",34,188
0,0,NA,0,-1,"plane",34,189
0,0,NA,0,-1,"plane",34,190
0,0,NA,0,-1,"canopy",34,191
0,0,NA,0,-1,"canopy",34,192
0,0,NA,0,-1,"plane",34,193
0,0,NA,0,-1,"freefall",34,194
0,0,NA,0,-1,"plane",34,195
0,0,NA,0,-1,"freefall",34,196
0,0,NA,0,-1,"plane",34,197
0,0,NA,0,-1,"flight",34,198
0,0,NA,0,-1,"freefall",34,199
2,3,"acc_sum",12.307161505228557,1,NA,35,1
4,5,"speed_v_range",388.5,1,NA,35,2
6,7,"speed_v_sum",58989.5,1,NA,35,3
8,9,"speed_v_sum",37626.5,1,NA,35,4
10,11,"heading_range",309890.5,1,NA,35,5
12,13,"heading_range",437875.5,1,NA,35,6
14,15,"acc_range",0.3668954652975728,1,NA,35,7
16,17,"acc_range",0.2504406911367437,1,NA,35,8
18,19,"acc_range",0.3068715378620001,1,NA,35,9
20,21,"speed_h_range",302.5,1,NA,35,10
22,23,"speed_v_sum",38358.5,1,NA,35,11
24,25,"speed_v_sum",23639,1,NA,35,12
26,27,"speed_v_sum",28500.5,1,NA,35,13
28,29,"speed_v_sum",199401.5,1,NA,35,14
30,31,"heading_range",482247.5,1,NA,35,15
32,33,"acc_range",0.11215714058915044,1,NA,35,16
34,35,"speed_v_sum",19755.5,1,NA,35,17
36,37,"acc_sum",11.865492704978655,1,NA,35,18
38,39,"speed_h_range",155.5,1,NA,35,19
40,41,"speed_h_sum",278066,1,NA,35,20
42,43,"speed_v_sum",47790.5,1,NA,35,21
44,45,"speed_v_sum",-4807,1,NA,35,22
46,47,"speed_v_range",1516,1,NA,35,23
48,49,"speed_h_range",1950.5,1,NA,35,24
50,51,"speed_h_range",372,1,NA,35,25
52,53,"speed_h_range",5559,1,NA,35,26
54,55,"speed_h_range",1153.5,1,NA,35,27
56,57,"speed_v_range",3035,1,NA,35,28
58,59,"speed_h_range",1578.5,1,NA,35,29
60,61,"acc_sum",19.465285466470775,1,NA,35,30
62,63,"acc_sum",16.723541303141005,1,NA,35,31
64,65,"acc_range",0.08632728112690391,1,NA,35,32
66,67,"speed_h_sum",244389,1,NA,35,33
68,69,"speed_h_range",1255,1,NA,35,34
70,71,"speed_h_sum",286991,1,NA,35,35
72,73,"heading_range",29924,1,NA,35,36
74,75,"speed_h_sum",497661,1,NA,35,37
76,77,"speed_h_sum",245402,1,NA,35,38
78,79,"speed_h_sum",226815,1,NA,35,39
80,81,"acc_range",0.34403275341071077,1,NA,35,40
82,83,"heading_range",174989,1,NA,35,41
84,85,"acc_sum",5.836495776495592,1,NA,35,42
86,87,"acc_sum",7.772322097364893,1,NA,35,43
88,89,"acc_sum",7.874951424868578,1,NA,35,44
90,91,"acc_sum",6.410745603418211,1,NA,35,45
92,93,"speed_v_range",859.5,1,NA,35,46
94,95,"speed_v_range",7465,1,NA,35,47
96,97,"speed_h_sum",269729.5,1,NA,35,48
98,99,"acc_sum",12.889943044618914,1,NA,35,49
100,101,"speed_h_sum",374344,1,NA,35,50
102,103,"speed_h_sum",338520.5,1,NA,35,51
104,105,"speed_h_sum",113048,1,NA,35,52
0,0,NA,0,-1,"freefall",35,53
106,107,"speed_h_range",928,1,NA,35,54
108,109,"heading_range",580382.5,1,NA,35,55
110,111,"speed_h_range",1189,1,NA,35,56
112,113,"speed_v_range",15891,1,NA,35,57
114,115,"speed_v_sum",320958,1,NA,35,58
116,117,"speed_v_sum",348987,1,NA,35,59
118,119,"speed_h_sum",295528,1,NA,35,60
120,121,"speed_v_range",5496.5,1,NA,35,61
122,123,"speed_v_sum",226382,1,NA,35,62
124,125,"speed_h_range",2422.5,1,NA,35,63
126,127,"speed_v_range",220.5,1,NA,35,64
128,129,"speed_v_sum",35954,1,NA,35,65
130,131,"speed_h_range",919,1,NA,35,66
0,0,NA,0,-1,"plane",35,67
132,133,"speed_v_sum",11764.5,1,NA,35,68
134,135,"speed_v_range",350,1,NA,35,69
136,137,"acc_sum",5.9172496042673295,1,NA,35,70
0,0,NA,0,-1,"plane",35,71
138,139,"acc_range",0.1053013933216354,1,NA,35,72
140,141,"speed_h_sum",283683.5,1,NA,35,73
142,143,"speed_h_sum",276067,1,NA,35,74
0,0,NA,0,-1,"plane",35,75
144,145,"acc_range",0.3410750899893821,1,NA,35,76
146,147,"speed_v_range",176.5,1,NA,35,77
148,149,"speed_h_sum",193814.5,1,NA,35,78
150,151,"speed_v_range",364.5,1,NA,35,79
152,153,"acc_sum",8.675283431258023,1,NA,35,80
154,155,"speed_h_sum",178912.5,1,NA,35,81
156,157,"speed_h_range",190.5,1,NA,35,82
158,159,"speed_h_range",151.5,1,NA,35,83
160,161,"speed_v_range",1972.5,1,NA,35,84
162,163,"speed_v_sum",37732,1,NA,35,85
164,165,"speed_v_range",2400.5,1,NA,35,86
166,167,"speed_v_range",810.5,1,NA,35,87
168,169,"speed_h_sum",155633.5,1,NA,35,88
170,171,"acc_range",0.6320279009060557,1,NA,35,89
172,173,"speed_v_range",12388,1,NA,35,90
174,175,"heading_range",461204,1,NA,35,91
176,177,"heading_range",496527.5,1,NA,35,92
178,179,"speed_h_range",1110,1,NA,35,93
180,181,"acc_sum",5.905595098197969,1,NA,35,94
0,0,NA,0,-1,"plane",35,95
182,183,"heading_range",363500,1,NA,35,96
0,0,NA,0,-1,"plane",35,97
184,185,"heading_range",159011.5,1,NA,35,98
186,187,"acc_range",0.2268476888334091,1,NA,35,99
188,189,"heading_range",205873,1,NA,35,100
0,0,NA,0,-1,"plane",35,101
190,191,"acc_range",0.3377090226147519,1,NA,35,102
0,0,NA,0,-1,"plane",35,103
0,0,NA,0,-1,"landing",35,104
192,193,"acc_range",0.19224688231953124,1,NA,35,105
194,195,"acc_sum",12.552124201368162,1,NA,35,106
196,197,"speed_v_range",1581.5,1,NA,35,107
198,199,"speed_v_sum",30759,1,NA,35,108
0,0,NA,0,-1,"landing",35,109
0,0,NA,0,-1,"canopy",35,110
0,0,NA,0,-1,"canopy",35,111
0,0,NA,0,-1,"landing",35,112
0,0,NA,0,-1,"plane",35,113
0,0,NA,0,-1,"flight",35,114
0,0,NA,0,-1,"flight",35,115
0,0,NA,0,-1,"recovery_arc",35,116
0,0,NA,0,-1,"flight",35,117
0,0,NA,0,-1,"canopy",35,118
0,0,NA,0,-1,"flight",35,119
0,0,NA,0,-1,"opening",35,120
0,0,NA,0,-1,"landing",35,121
0,0,NA,0,-1,"canopy",35,122
0,0,NA,0,-1,"flight",35,123
0,0,NA,0,-1,"freefall",35,124
0,0,NA,0,-1,"recovery_arc",35,125
0,0,NA,0,-1,"plane",35,126
0,0,NA,0,-1,"plane",35,127
0,0,NA,0,-1,"plane",35,128
0,0,NA,0,-1,"canopy",35,129
0,0,NA,0,-1,"canopy",35,130
0,0,NA,0,-1,"landing",35,131
0,0,NA,0,-1,"plane",35,132
0,0,NA,0,-1,"plane",35,133
0,0,NA,0,-1,"plane",35,134
0,0,NA,0,-1,"landing",35,135
0,0,NA,0,-1,"plane",35,136
0,0,NA,0,-1,"canopy",35,137
0,0,NA,0,-1,"plane",35,138
0,0,NA,0,-1,"canopy",35,139
0,0,NA,0,-1,"canopy",35,140
0,0,NA,0,-1,"plane",35,141
0,0,NA,0,-1,"canopy",35,142
0,0,NA,0,-1,"flight",35,143
0,0,NA,0,-1,"maneuver",35,144
0,0,NA,0,-1,"canopy",35,145
0,0,NA,0,-1,"freefall",35,146
0,0,NA,0,-1,"flight",35,147
0,0,NA,0,-1,"canopy",35,148
0,0,NA,0,-1,"canopy",35,149
0,0,NA,0,-1,"flight",35,150
0,0,NA,0,-1,"flight",35,151
0,0,NA,0,-1,"canopy",35,152
0,0,NA,0,-1,"canopy",35,153
0,0,NA,0,-1,"canopy",35,154
0,0,NA,0,-1,"flight",35,155
0,0,NA,0,-1,"plane",35,156
0,0,NA,0,-1,"plane",35,157
0,0,NA,0,-1,"flight",35,158
0,0,NA,0,-1,"plane",35,159
0,0,NA,0,-1,"plane",35,160
0,0,NA,0,-1,"maneuver",35,161
0,0,NA,0,-1,"plane",35,162
0,0,NA,0,-1,"plane",35,163
0,0,NA,0,-1,"canopy",35,164
0,0,NA,0,-1,"freefall",35,165
0,0,NA,0,-1,"canopy",35,166
0,0,NA,0,-1,"flight",35,167
0,0,NA,0,-1,"maneuver",35,168
0,0,NA,0,-1,"plane",35,169
0,0,NA,0,-1,"plane",35,170
0,0,NA,0,-1,"plane",35,171
0,0,NA,0,-1,"maneuver",35,172
0,0,NA,0,-1,"plane",35,173
0,0,NA,0,-1,"plane",35,174
0,0,NA,0,-1,"landing",35,175
0,0,NA,0,-1,"canopy",35,176
0,0,NA,0,-1,"canopy",35,177
0,0,NA,0,-1,"canopy",35,178
0,0,NA,0,-1,"canopy",35,179
0,0,NA,0,-1,"maneuver",35,180
0,0,NA,0,-1,"canopy",35,181
0,0,NA,0,-1,"canopy",35,182
0,0,NA,0,-1,"landing",35,183
0,0,NA,0,-1,"plane",35,184
0,0,NA,0,-1,"plane",35,185
0,0,NA,0,-1,"plane",35,186
0,0,NA,0,-1,"landing",35,187
0,0,NA,0,-1,"canopy",35,188
0,0,NA,0,-1,"maneuver",35,189
0,0,NA,0,-1,"canopy",35,190
0,0,NA,0,-1,"canopy",35,191
0,0,NA,0,-1,"plane",35,192
0,0,NA,0,-1,"landing",35,193
0,0,NA,0,-1,"canopy",35,194
0,0,NA,0,-1,"canopy",35,195
0,0,NA,0,-1,"canopy",35,196
0,0,NA,0,-1,"landing",35,197
0,0,NA,0,-1,"maneuver",35,198
0,0,NA,0,-1,"landing",35,199
2,3,"speed_h_sum",275796,1,NA,36,1
4,5,"speed_h_sum",24832.5,1,NA,36,2
6,7,"speed_v_sum",135985.5,1,NA,36,3
8,9,"heading_range",842739,1,NA,36,4
10,11,"speed_v_range",1518.5,1,NA,36,5
12,13,"speed_h_sum",281184,1,NA,36,6
14,15,"speed_h_sum",343856,1,NA,36,7
16,17,"speed_v_sum",30088,1,NA,36,8
18,19,"speed_v_sum",30485.5,1,NA,36,9
20,21,"speed_h_sum",204955,1,NA,36,10
22,23,"speed_h_range",943.5,1,NA,36,11
24,25,"heading_range",235175,1,NA,36,12
26,27,"speed_v_sum",93695.5,1,NA,36,13
28,29,"speed_h_sum",278268.5,1,NA,36,14
30,31,"speed_v_sum",218617,1,NA,36,15
32,33,"speed_h_sum",20930,1,NA,36,16
0,0,NA,0,-1,"canopy",36,17
0,0,NA,0,-1,"landing",36,18
0,0,NA,0,-1,"canopy",36,19
34,35,"speed_v_sum",224714,1,NA,36,20
36,37,"speed_h_range",630.5,1,NA,36,21
38,39,"speed_v_range",2126.5,1,NA,36,22
40,41,"acc_sum",8.590089626920076,1,NA,36,23
42,43,"speed_v_sum",44986,1,NA,36,24
44,45,"speed_v_range",1005,1,NA,36,25
46,47,"acc_sum",15.035519154366906,1,NA,36,26
48,49,"speed_v_range",3414.5,1,NA,36,27
50,51,"speed_v_sum",274148,1,NA,36,28
52,53,"speed_v_range",3228,1,NA,36,29
54,55,"acc_range",0.5128642796774299,1,NA,36,30
56,57,"acc_range",0.07152534574515007,1,NA,36,31
0,0,NA,0,-1,"landing",36,32
0,0,NA,0,-1,"plane",36,33
58,59,"speed_v_sum",12319.5,1,NA,36,34
60,61,"acc_sum",14.058004676471379,1,NA,36,35
62,63,"speed_v_sum",251922,1,NA,36,36
64,65,"speed_h_range",1707.5,1,NA,36,37
66,67,"speed_v_sum",158630.5,1,NA,36,38
68,69,"speed_h_range",369,1,NA,36,39
70,71,"speed_h_sum",139809,1,NA,36,40
72,73,"heading_range",2074102.5,1,NA,36,41
0,0,NA,0,-1,"plane",36,42
0,0,NA,0,-1,"canopy",36,43
74,75,"speed_v_sum",2439,1,NA,36,44
76,77,"speed_h_sum",276576,1,NA,36,45
78,79,"speed_h_range",4009.5,1,NA,36,46
80,81,"speed_v_sum",63251,1,NA,36,47
82,83,"speed_v_sum",127762.5,1,NA,36,48
84,85,"speed_h_range",2955.5,1,NA,36,49
86,87,"speed_h_range",2075,1,NA,36,50
0,0,NA,0,-1,"flight",36,51
88,89,"speed_h_sum",331001.5,1,NA,36,52
90,91,"acc_range",0.7471832216722717,1,NA,36,53
92,93,"speed_h_range",570.5,1,NA,36,54
94,95,"acc_sum",14.48770059669264,1,NA,36,55
96,97,"speed_v_range",174,1,NA,36,56
98,99,"heading_range",35977623.5,1,NA,36,57
100,101,"speed_h_range",835,1,NA,36,58
102,103,"speed_v_range",913.5,1,NA,36,59
104,105,"speed_h_sum",143389.5,1,NA,36,60
106,107,"heading_range",2120162,1,NA,36,61
108,109,"speed_v_sum",146899,1,NA,36,62
0,0,NA,0,-1,"flight",36,63
110,111,"acc_sum",8.700378726137533,1,NA,36,64
112,113,"heading_range",727037.5,1,NA,36,65
114,115,"acc_sum",6.964333480727611,1,NA,36,66
116,117,"speed_v_sum",256264.5,1,NA,36,67
118,119,"speed_h_sum",248904,1,NA,36,68
120,121,"speed_h_sum",168523.5,1,NA,36,69
122,123,"speed_v_sum",71861.5,1,NA,36,70
124,125,"speed_v_sum",162450,1,NA,36,71
126,127,"speed_v_sum",132316,1,NA,36,72
128,129,"speed_v_sum",177881,1,NA,36,73
0,0,NA,0,-1,"plane",36,74
0,0,NA,0,-1,"canopy",36,75
0,0,NA,0,-1,"maneuver",36,76
130,131,"speed_h_range",621.5,1,NA,36,77
132,133,"speed_v_range",5163,1,NA,36,78
134,135,"acc_range",0.3617660419297887,1,NA,36,79
0,0,NA,0,-1,"plane",36,80
0,0,NA,0,-1,"canopy",36,81
136,137,"speed_h_sum",378078,1,NA,36,82
138,139,"acc_range",0.3679976739954966,1,NA,36,83
140,141,"acc_sum",5.75823743686577,1,NA,36,84
142,143,"acc_range",0.15426131368247492,1,NA,36,85
0,0,NA,0,-1,"freefall",36,86
144,145,"speed_h_sum",277089,1,NA,36,87
146,147,"acc_range",2.2577892417254555,1,NA,36,88
148,149,"speed_v_sum",282210,1,NA,36,89
150,151,"speed_h_range",1349.5,1,NA,36,90
152,153,"speed_v_sum",210503.5,1,NA,36,91
0,0,NA,0,-1,"flight",36,92
154,155,"speed_v_range",3824,1,NA,36,93
156,157,"speed_v_range",672.5,1,NA,36,94
0,0,NA,0,-1,"opening",36,95
0,0,NA,0,-1,"plane",36,96
0,0,NA,0,-1,"flight",36,97
158,159,"speed_v_range",1986,1,NA,36,98
0,0,NA,0,-1,"opening",36,99
160,161,"speed_v_sum",1759,1,NA,36,100
162,163,"acc_range",0.6086955051219718,1,NA,36,101
164,165,"acc_sum",12.181181411600253,1,NA,36,102
166,167,"speed_h_range",938,1,NA,36,103
0,0,NA,0,-1,"freefall",36,104
0,0,NA,0,-1,"flight",36,105
0,0,NA,0,-1,"freefall",36,106
0,0,NA,0,-1,"recovery_arc",36,107
168,169,"speed_v_sum",71293,1,NA,36,108
170,171,"acc_sum",10.745323948339227,1,NA,36,109
172,173,"speed_v_range",1155,1,NA,36,110
174,175,"speed_h_sum",244258.5,1,NA,36,111
176,177,"acc_sum",15.977677440483253,1,NA,36,112
178,179,"acc_range",1.0118793283042413,1,NA,36,113
180,181,"heading_range",156501,1,NA,36,114
182,183,"speed_h_range",442,1,NA,36,115
184,185,"speed_v_sum",182608.5,1,NA,36,116
186,187,"acc_sum",16.49749618806805,1,NA,36,117
188,189,"acc_range",1.0385069034721868,1,NA,36,118
0,0,NA,0,-1,"plane",36,119
190,191,"speed_v_sum",101189,1,NA,36,120
192,193,"speed_v_sum",162874,1,NA,36,121
194,195,"speed_v_sum",3341.5,1,NA,36,122
196,197,"speed_v_range",2864,1,NA,36,123
198,199,"speed_v_sum",104955,1,NA,36,124
0,0,NA,0,-1,"freefall",36,125
0,0,NA,0,-1,"landing",36,126
0,0,NA,0,-1,"canopy",36,127
0,0,NA,0,-1,"canopy",36,128
0,0,NA,0,-1,"recovery_arc",36,129
0,0,NA,0,-1,"canopy",36,130
0,0,NA,0,-1,"plane",36,131
0,0,NA,0,-1,"plane",36,132
0,0,NA,0,-1,"plane",36,133
0,0,NA,0,-1,"plane",36,134
0,0,NA,0,-1,"freefall",36,135
0,0,NA,0,-1,"canopy",36,136
0,0,NA,0,-1,"opening",36,137
0,0,NA,0,-1,"opening",36,138
0,0,NA,0,-1,"plane",36,139
0,0,NA,0,-1,"plane",36,140
0,0,NA,0,-1,"plane",36,141
0,0,NA,0,-1,"plane",36,142
0,0,NA,0,-1,"freefall",36,143
0,0,NA,0,-1,"canopy",36,144
0,0,NA,0,-1,"freefall",36,145
0,0,NA,0,-1,"flight",36,146
0,0,NA,0,-1,"opening",36,147
0,0,NA,0,-1,"flight",36,148
0,0,NA,0,-1,"flight",36,149
0,0,NA,0,-1,"flight",36,150
0,0,NA,0,-1,"freefall",36,151
0,0,NA,0,-1,"opening",36,152
0,0,NA,0,-1,"flight",36,153
0,0,NA,0,-1,"flight",36,154
0,0,NA,0,-1,"freefall",36,155
0,0,NA,0,-1,"freefall",36,156
0,0,NA,0,-1,"freefall",36,157
0,0,NA,0,-1,"flight",36,158
0,0,NA,0,-1,"flight",36,159
0,0,NA,0,-1,"plane",36,160
0,0,NA,0,-1,"canopy",36,161
0,0,NA,0,-1,"landing",36,162
0,0,NA,0,-1,"landing",36,163
0,0,NA,0,-1,"canopy",36,164
0,0,NA,0,-1,"canopy",36,165
0,0,NA,0,-1,"canopy",36,166
0,0,NA,0,-1,"canopy",36,167
0,0,NA,0,-1,"canopy",36,168
0,0,NA,0,-1,"canopy",36,169
0,0,NA,0,-1,"freefall",36,170
0,0,NA,0,-1,"recovery_arc",36,171
0,0,NA,0,-1,"freefall",36,172
0,0,NA,0,-1,"freefall",36,173
0,0,NA,0,-1,"canopy",36,174
0,0,NA,0,-1,"flight",36,175
0,0,NA,0,-1,"landing",36,176
0,0,NA,0,-1,"opening",36,177
0,0,NA,0,-1,"flight",36,178
0,0,NA,0,-1,"recovery_arc",36,179
0,0,NA,0,-1,"recovery_arc",36,180
0,0,NA,0,-1,"maneuver",36,181
0,0,NA,0,-1,"canopy",36,182
0,0,NA,0,-1,"canopy",36,183
0,0,NA,0,-1,"freefall",36,184
0,0,NA,0,-1,"recovery_arc",36,185
0,0,NA,0,-1,"flight",36,186
0,0,NA,0,-1,"freefall",36,187
0,0,NA,0,-1,"canopy",36,188
0,0,NA,0,-1,"maneuver",36,189
0,0,NA,0,-1,"maneuver",36,190
0,0,NA,0,-1,"opening",36,191
0,0,NA,0,-1,"canopy",36,192
0,0,NA,0,-1,"recovery_arc",36,193
0,0,NA,0,-1,"canopy",36,194
0,0,NA,0,-1,"maneuver",36,195
0,0,NA,0,-1,"canopy",36,196
0,0,NA,0,-1,"maneuver",36,197
0,0,NA,0,-1,"maneuver",36,198
0,0,NA,0,-1,"recovery_arc",36,199
2,3,"acc_range",0.12399283550515938,1,NA,37,1
4,5,"acc_range",0.08818292627140006,1,NA,37,2
6,7,"speed_h_sum",281488,1,NA,37,3
8,9,"acc_range",0.07192589024289209,1,NA,37,4
10,11,"speed_h_sum",274239,1,NA,37,5
12,13,"speed_h_range",1182.5,1,NA,37,6
14,15,"speed_v_sum",136821.5,1,NA,37,7
16,17,"speed_h_sum",271033,1,NA,37,8
18,19,"heading_range",396466,1,NA,37,9
20,21,"heading_range",35952805.5,1,NA,37,10
22,23,"speed_v_sum",133163,1,NA,37,11
24,25,"speed_v_range",872.5,1,NA,37,12
26,27,"speed_v_sum",32972,1,NA,37,13
28,29,"speed_v_range",3609.5,1,NA,37,14
30,31,"speed_v_range",3228,1,NA,37,15
32,33,"heading_range",14710.5,1,NA,37,16
34,35,"speed_v_sum",247659.5,1,NA,37,17
36,37,"speed_v_range",305.5,1,NA,37,18
38,39,"speed_v_sum",37058,1,NA,37,19
40,41,"acc_range",0.12353862400945226,1,NA,37,20
42,43,"speed_v_range",259.5,1,NA,37,21
44,45,"speed_h_sum",279905.5,1,NA,37,22
46,47,"speed_h_sum",435067.5,1,NA,37,23
48,49,"speed_v_sum",254653,1,NA,37,24
50,51,"acc_range",0.6757246047987643,1,NA,37,25
52,53,"speed_v_sum",-13258,1,NA,37,26
54,55,"acc_sum",7.884399768080815,1,NA,37,27
56,57,"speed_h_sum",293549,1,NA,37,28
58,59,"speed_v_sum",83343.5,1,NA,37,29
60,61,"acc_range",3.4214840526466697,1,NA,37,30
62,63,"speed_v_sum",259309.5,1,NA,37,31
0,0,NA,0,-1,"plane",37,32
64,65,"speed_v_sum",217370,1,NA,37,33
66,67,"acc_sum",10.944867057155832,1,NA,37,34
0,0,NA,0,-1,"flight",37,35
68,69,"speed_h_range",177.5,1,NA,37,36
70,71,"speed_v_sum",49196.5,1,NA,37,37
0,0,NA,0,-1,"plane",37,38
72,73,"speed_v_range",6184,1,NA,37,39
74,75,"speed_v_sum",204099.5,1,NA,37,40
76,77,"speed_h_sum",162762.5,1,NA,37,41
0,0,NA,0,-1,"maneuver",37,42
0,0,NA,0,-1,"canopy",37,43
78,79,"acc_range",0.11046235021328482,1,NA,37,44
0,0,NA,0,-1,"plane",37,45
80,81,"acc_sum",5.71121318716016,1,NA,37,46
0,0,NA,0,-1,"plane",37,47
82,83,"speed_v_range",639.5,1,NA,37,48
0,0,NA,0,-1,"flight",37,49
84,85,"speed_v_range",1791,1,NA,37,50
86,87,"speed_h_sum",46374.5,1,NA,37,51
88,89,"speed_v_sum",-35942.5,1,NA,37,52
90,91,"speed_v_sum",26882,1,NA,37,53
92,93,"speed_h_sum",141482.5,1,NA,37,54
94,95,"speed_v_sum",205476,1,NA,37,55
96,97,"acc_sum",12.7078602810696,1,NA,37,56
98,99,"speed_v_sum",91694.5,1,NA,37,57
100,101,"acc_range",0.5829857807950616,1,NA,37,58
102,103,"acc_range",0.20184932040005849,1,NA,37,59
104,105,"speed_h_range",813,1,NA,37,60
106,107,"speed_h_range",2136,1,NA,37,61
108,109,"speed_h_range",1939.5,1,NA,37,62
110,111,"heading_range",671552.5,1,NA,37,63
112,113,"acc_range",0.07174604011912983,1,NA,37,64
0,0,NA,0,-1,"freefall",37,65
0,0,NA,0,-1,"plane",37,66
114,115,"acc_sum",10.944942652314445,1,NA,37,67
116,117,"speed_v_range",297.5,1,NA,37,68
118,119,"speed_h_sum",265236,1,NA,37,69
120,121,"heading_range",288294,1,NA,37,70
122,123,"speed_v_sum",61036,1,NA,37,71
124,125,"speed_v_sum",208422,1,NA,37,72
0,0,NA,0,-1,"plane",37,73
126,127,"speed_v_range",3754,1,NA,37,74
128,129,"acc_range",0.11862223683522821,1,NA,37,75
130,131,"speed_v_range",1292,1,NA,37,76
132,133,"heading_range",712645.5,1,NA,37,77
0,0,NA,0,-1,"plane",37,78
0,0,NA,0,-1,"canopy",37,79
0,0,NA,0,-1,"freefall",37,80
134,135,"acc_sum",9.224077166691462,1,NA,37,81
136,137,"speed_h_sum",203124.5,1,NA,37,82
138,139,"speed_h_sum",26303.5,1,NA,37,83
140,141,"speed_v_sum",258059.5,1,NA,37,84
142,143,"heading_range",665924,1,NA,37,85
144,145,"speed_h_range",506,1,NA,37,86
146,147,"speed_h_sum",119089.5,1,NA,37,87
0,0,NA,0,-1,"plane",37,88
148,149,"heading_range",441634.5,1,NA,37,89
150,151,"speed_h_sum",106949.5,1,NA,37,90
152,153,"speed_v_range",1269,1,NA,37,91
154,155,"heading_range",375413.5,1,NA,37,92
156,157,"speed_v_range",1792,1,NA,37,93
158,159,"speed_h_range",3631.5,1,NA,37,94
160,161,"speed_h_range",3801.5,1,NA,37,95
0,0,NA,0,-1,"plane",37,96
0,0,NA,0,-1,"canopy",37,97
162,163,"acc_sum",11.335580477747968,1,NA,37,98
164,165,"speed_h_sum",408520.5,1,NA,37,99
166,167,"speed_v_range",3656.5,1,NA,37,100
168,169,"speed_h_sum",480196.5,1,NA,37,101
170,171,"speed_h_range",3025.5,1,NA,37,102
172,173,"speed_h_sum",433803.5,1,NA,37,103
174,175,"acc_sum",7.987192194057415,1,NA,37,104
176,177,"speed_h_sum",407317,1,NA,37,105
0,0,NA,0,-1,"flight",37,106
178,179,"speed_v_range",2112,1,NA,37,107
180,181,"acc_sum",15.921123898873939,1,NA,37,108
182,183,"speed_h_range",2361,1,NA,37,109
184,185,"speed_v_range",4735.5,1,NA,37,110
0,0,NA,0,-1,"freefall",37,111
186,187,"heading_range",35928948,1,NA,37,112
0,0,NA,0,-1,"opening",37,113
0,0,NA,0,-1,"freefall",37,114
188,189,"heading_range",71730.5,1,NA,37,115
190,191,"speed_v_range",73.5,1,NA,37,116
192,193,"heading_range",82688.5,1,NA,37,117
194,195,"speed_h_range",742,1,NA,37,118
0,0,NA,0,-1,"plane",37,119
196,197,"acc_sum",9.32092132718427,1,NA,37,120
198,199,"speed_h_range",244.5,1,NA,37,121
0,0,NA,0,-1,"plane",37,122
0,0,NA,0,-1,"canopy",37,123
0,0,NA,0,-1,"canopy",37,124
0,0,NA,0,-1,"flight",37,125
0,0,NA,0,-1,"canopy",37,126
0,0,NA,0,-1,"maneuver",37,127
0,0,NA,0,-1,"freefall",37,128
0,0,NA,0,-1,"recovery_arc",37,129
0,0,NA,0,-1,"canopy",37,130
0,0,NA,0,-1,"maneuver",37,131
0,0,NA,0,-1,"maneuver",37,132
0,0,NA,0,-1,"canopy",37,133
0,0,NA,0,-1,"flight",37,134
0,0,NA,0,-1,"flight",37,135
0,0,NA,0,-1,"canopy",37,136
0,0,NA,0,-1,"canopy",37,137
0,0,NA,0,-1,"landing",37,138
0,0,NA,0,-1,"canopy",37,139
0,0,NA,0,-1,"canopy",37,140
0,0,NA,0,-1,"flight",37,141
0,0,NA,0,-1,"canopy",37,142
0,0,NA,0,-1,"landing",37,143
0,0,NA,0,-1,"landing",37,144
0,0,NA,0,-1,"landing",37,145
0,0,NA,0,-1,"opening",37,146
0,0,NA,0,-1,"canopy",37,147
0,0,NA,0,-1,"plane",37,148
0,0,NA,0,-1,"maneuver",37,149
0,0,NA,0,-1,"landing",37,150
0,0,NA,0,-1,"landing",37,151
0,0,NA,0,-1,"canopy",37,152
0,0,NA,0,-1,"landing",37,153
0,0,NA,0,-1,"canopy",37,154
0,0,NA,0,-1,"maneuver",37,155
0,0,NA,0,-1,"recovery_arc",37,156
0,0,NA,0,-1,"freefall",37,157
0,0,NA,0,-1,"canopy",37,158
0,0,NA,0,-1,"opening",37,159
0,0,NA,0,-1,"freefall",37,160
0,0,NA,0,-1,"recovery_arc",37,161
0,0,NA,0,-1,"plane",37,162
0,0,NA,0,-1,"plane",37,163
0,0,NA,0,-1,"canopy",37,164
0,0,NA,0,-1,"plane",37,165
0,0,NA,0,-1,"freefall",37,166
0,0,NA,0,-1,"plane",37,167
0,0,NA,0,-1,"freefall",37,168
0,0,NA,0,-1,"plane",37,169
0,0,NA,0,-1,"plane",37,170
0,0,NA,0,-1,"freefall",37,171
0,0,NA,0,-1,"freefall",37,172
0,0,NA,0,-1,"plane",37,173
0,0,NA,0,-1,"flight",37,174
0,0,NA,0,-1,"flight",37,175
0,0,NA,0,-1,"flight",37,176
0,0,NA,0,-1,"flight",37,177
0,0,NA,0,-1,"opening",37,178
0,0,NA,0,-1,"canopy",37,179
0,0,NA,0,-1,"freefall",37,180
0,0,NA,0,-1,"opening",37,181
0,0,NA,0,-1,"freefall",37,182
0,0,NA,0,-1,"freefall",37,183
0,0,NA,0,-1,"flight",37,184
0,0,NA,0,-1,"freefall",37,185
0,0,NA,0,-1,"canopy",37,186
0,0,NA,0,-1,"canopy",37,187
0,0,NA,0,-1,"plane",37,188
0,0,NA,0,-1,"plane",37,189
0,0,NA,0,-1,"plane",37,190
0,0,NA,0,-1,"canopy",37,191
0,0,NA,0,-1,"plane",37,192
0,0,NA,0,-1,"canopy",37,193
0,0,NA,0,-1,"canopy",37,194
0,0,NA,0,-1,"maneuver",37,195
0,0,NA,0,-1,"plane",37,196
0,0,NA,0,-1,"plane",37,197
0,0,NA,0,-1,"canopy",37,198
0,0,NA,0,-1,"plane",37,199
2,3,"acc_range",0.13663864342044002,1,NA,38,1
4,5,"speed_h_sum",273241,1,NA,38,2
6,7,"speed_h_sum",282003,1,NA,38,3
8,9,"heading_range",9940,1,NA,38,4
10,11,"speed_v_sum",144485.5,1,NA,38,5
12,13,"acc_range",0.3965951343692622,1,NA,38,6
14,15,"speed_h_sum",449170,1,NA,38,7
0,0,NA,0,-1,"plane",38,8
16,17,"acc_sum",8.699746253686902,1,NA,38,9
18,19,"speed_h_sum",275725.5,1,NA,38,10
20,21,"speed_v_range",174,1,NA,38,11
22,23,"speed_v_sum",200098,1,NA,38,12
24,25,"speed_h_range",1257,1,NA,38,13
26,27,"acc_sum",11.14976129080097,1,NA,38,14
28,29,"acc_sum",15.316961220370345,1,NA,38,15
30,31,"speed_h_sum",231734.5,1,NA,38,16
32,33,"speed_v_sum",25348,1,NA,38,17
34,35,"speed_v_range",275,1,NA,38,18
36,37,"speed_h_sum",276599,1,NA,38,19
0,0,NA,0,-1,"plane",38,20
38,39,"speed_v_range",2195.5,1,NA,38,21
40,41,"speed_h_range",1006.5,1,NA,38,22
42,43,"speed_v_range",1123.5,1,NA,38,23
44,45,"speed_h_sum",24110,1,NA,38,24
46,47,"heading_range",849389,1,NA,38,25
48,49,"acc_range",0.24823642391967365,1,NA,38,26
50,51,"speed_v_range",1372,1,NA,38,27
52,53,"acc_range",0.3260013511774795,1,NA,38,28
54,55,"heading_range",150570.5,1,NA,38,29
56,57,"speed_h_range",309,1,NA,38,30
0,0,NA,0,-1,"freefall",38,31
58,59,"speed_v_range",383.5,1,NA,38,32
60,61,"speed_v_sum",206925,1,NA,38,33
0,0,NA,0,-1,"canopy",38,34
62,63,"speed_h_sum",275627.5,1,NA,38,35
64,65,"speed_h_range",525,1,NA,38,36
66,67,"acc_sum",10.944921059965857,1,NA,38,37
68,69,"speed_v_sum",301926.5,1,NA,38,38
70,71,"acc_sum",7.628637738241124,1,NA,38,39
72,73,"speed_h_sum",205851.5,1,NA,38,40
74,75,"acc_sum",8.861248421893244,1,NA,38,41
76,77,"speed_v_sum",253510,1,NA,38,42
78,79,"heading_range",324539,1,NA,38,43
80,81,"speed_v_sum",29965,1,NA,38,44
82,83,"speed_v_sum",250082.5,1,NA,38,45
84,85,"speed_v_sum",237844,1,NA,38,46
86,87,"acc_sum",17.08689066339112,1,NA,38,47
88,89,"acc_range",0.19609153271078872,1,NA,38,48
90,91,"speed_v_sum",88856,1,NA,38,49
92,93,"speed_v_sum",137332.5,1,NA,38,50
94,95,"speed_h_range",832,1,NA,38,51
96,97,"speed_h_range",333.5,1,NA,38,52
98,99,"speed_v_sum",186509,1,NA,38,53
0,0,NA,0,-1,"plane",38,54
100,101,"speed_v_sum",129051,1,NA,38,55
102,103,"speed_v_sum",86497,1,NA,38,56
104,105,"speed_v_sum",87244.5,1,NA,38,57
0,0,NA,0,-1,"canopy",38,58
106,107,"acc_range",0.07652199050131875,1,NA,38,59
108,109,"speed_v_range",855.5,1,NA,38,60
110,111,"heading_range",942158.5,1,NA,38,61
0,0,NA,0,-1,"plane",38,62
0,0,NA,0,-1,"canopy",38,63
0,0,NA,0,-1,"plane",38,64
0,0,NA,0,-1,"canopy",38,65
112,113,"speed_h_sum",389077.5,1,NA,38,66
114,115,"acc_sum",10.944942652314445,1,NA,38,67
116,117,"speed_h_range",134,1,NA,38,68
118,119,"heading_range",211236,1,NA,38,69
120,121,"heading_range",227301,1,NA,38,70
0,0,NA,0,-1,"plane",38,71
122,123,"speed_h_range",596.5,1,NA,38,72
124,125,"acc_sum",9.535782374424514,1,NA,38,73
126,127,"speed_v_range",2328,1,NA,38,74
128,129,"speed_v_sum",26913.5,1,NA,38,75
0,0,NA,0,-1,"freefall",38,76
130,131,"speed_v_range",1020.5,1,NA,38,77
132,133,"speed_h_range",1444,1,NA,38,78
134,135,"speed_v_sum",275192.5,1,NA,38,79
0,0,NA,0,-1,"landing",38,80
0,0,NA,0,-1,"canopy",38,81
136,137,"speed_v_sum",7857,1,NA,38,82
138,139,"speed_v_range",1620,1,NA,38,83
140,141,"speed_v_sum",36846.5,1,NA,38,84
142,143,"speed_h_sum",205075,1,NA,38,85
144,145,"speed_h_sum",165994,1,NA,38,86
146,147,"acc_range",1.2067565263301303,1,NA,38,87
148,149,"speed_h_range",387.5,1,NA,38,88
150,151,"speed_v_sum",101628.5,1,NA,38,89
152,153,"heading_range",188448.5,1,NA,38,90
154,155,"speed_h_range",2274,1,NA,38,91
156,157,"speed_v_sum",63313,1,NA,38,92
158,159,"speed_h_range",2552.5,1,NA,38,93
160,161,"acc_range",0.3722255796216342,1,NA,38,94
162,163,"heading_range",69721,1,NA,38,95
164,165,"acc_sum",12.060148378942046,1,NA,38,96
166,167,"acc_range",0.23408655015054625,1,NA,38,97
168,169,"speed_h_range",4574.5,1,NA,38,98
170,171,"speed_v_sum",285732,1,NA,38,99
0,0,NA,0,-1,"plane",38,100
0,0,NA,0,-1,"opening",38,101
0,0,NA,0,-1,"canopy",38,102
0,0,NA,0,-1,"maneuver",38,103
172,173,"speed_h_sum",152679,1,NA,38,104
174,175,"speed_v_range",1888,1,NA,38,105
0,0,NA,0,-1,"canopy",38,106
176,177,"heading_range",251556,1,NA,38,107
178,179,"speed_v_sum",135140,1,NA,38,108
180,181,"speed_h_sum",168298.5,1,NA,38,109
0,0,NA,0,-1,"flight",38,110
0,0,NA,0,-1,"recovery_arc",38,111
182,183,"speed_v_sum",85063,1,NA,38,112
0,0,NA,0,-1,"plane",38,113
0,0,NA,0,-1,"freefall",38,114
184,185,"acc_sum",11.035583281933391,1,NA,38,115
0,0,NA,0,-1,"plane",38,116
186,187,"speed_h_range",222.5,1,NA,38,117
0,0,NA,0,-1,"opening",38,118
0,0,NA,0,-1,"flight",38,119
0,0,NA,0,-1,"flight",38,120
0,0,NA,0,-1,"freefall",38,121
188,189,"speed_v_range",2101,1,NA,38,122
190,191,"speed_v_range",1807.5,1,NA,38,123
192,193,"speed_h_sum",240082,1,NA,38,124
194,195,"speed_h_sum",243176.5,1,NA,38,125
196,197,"speed_v_sum",-14000,1,NA,38,126
198,199,"speed_h_sum",226231.5,1,NA,38,127
0,0,NA,0,-1,"landing",38,128
0,0,NA,0,-1,"canopy",38,129
0,0,NA,0,-1,"flight",38,130
0,0,NA,0,-1,"flight",38,131
0,0,NA,0,-1,"flight",38,132
0,0,NA,0,-1,"freefall",38,133
0,0,NA,0,-1,"recovery_arc",38,134
0,0,NA,0,-1,"flight",38,135
0,0,NA,0,-1,"landing",38,136
0,0,NA,0,-1,"canopy",38,137
0,0,NA,0,-1,"flight",38,138
0,0,NA,0,-1,"freefall",38,139
0,0,NA,0,-1,"landing",38,140
0,0,NA,0,-1,"canopy",38,141
0,0,NA,0,-1,"freefall",38,142
0,0,NA,0,-1,"flight",38,143
0,0,NA,0,-1,"landing",38,144
0,0,NA,0,-1,"recovery_arc",38,145
0,0,NA,0,-1,"recovery_arc",38,146
0,0,NA,0,-1,"opening",38,147
0,0,NA,0,-1,"plane",38,148
0,0,NA,0,-1,"plane",38,149
0,0,NA,0,-1,"plane",38,150
0,0,NA,0,-1,"flight",38,151
0,0,NA,0,-1,"plane",38,152
0,0,NA,0,-1,"plane",38,153
0,0,NA,0,-1,"flight",38,154
0,0,NA,0,-1,"freefall",38,155
0,0,NA,0,-1,"plane",38,156
0,0,NA,0,-1,"canopy",38,157
0,0,NA,0,-1,"flight",38,158
0,0,NA,0,-1,"freefall",38,159
0,0,NA,0,-1,"flight",38,160
0,0,NA,0,-1,"flight",38,161
0,0,NA,0,-1,"opening",38,162
0,0,NA,0,-1,"flight",38,163
0,0,NA,0,-1,"plane",38,164
0,0,NA,0,-1,"plane",38,165
0,0,NA,0,-1,"plane",38,166
0,0,NA,0,-1,"plane",38,167
0,0,NA,0,-1,"plane",38,168
0,0,NA,0,-1,"freefall",38,169
0,0,NA,0,-1,"flight",38,170
0,0,NA,0,-1,"opening",38,171
0,0,NA,0,-1,"canopy",38,172
0,0,NA,0,-1,"maneuver",38,173
0,0,NA,0,-1,"canopy",38,174
0,0,NA,0,-1,"canopy",38,175
0,0,NA,0,-1,"canopy",38,176
0,0,NA,0,-1,"landing",38,177
0,0,NA,0,-1,"canopy",38,178
0,0,NA,0,-1,"canopy",38,179
0,0,NA,0,-1,"canopy",38,180
0,0,NA,0,-1,"canopy",38,181
0,0,NA,0,-1,"plane",38,182
0,0,NA,0,-1,"opening",38,183
0,0,NA,0,-1,"plane",38,184
0,0,NA,0,-1,"plane",38,185
0,0,NA,0,-1,"flight",38,186
0,0,NA,0,-1,"flight",38,187
0,0,NA,0,-1,"canopy",38,188
0,0,NA,0,-1,"canopy",38,189
0,0,NA,0,-1,"canopy",38,190
0,0,NA,0,-1,"maneuver",38,191
0,0,NA,0,-1,"maneuver",38,192
0,0,NA,0,-1,"freefall",38,193
0,0,NA,0,-1,"canopy",38,194
0,0,NA,0,-1,"canopy",38,195
0,0,NA,0,-1,"plane",38,196
0,0,NA,0,-1,"recovery_arc",38,197
0,0,NA,0,-1,"maneuver",38,198
0,0,NA,0,-1,"freefall",38,199
2,3,"speed_h_sum",281122.5,1,NA,39,1
4,5,"acc_sum",14.871505025141296,1,NA,39,2
6,7,"speed_v_sum",135437.5,1,NA,39,3
8,9,"acc_sum",8.59634318573275,1,NA,39,4
10,11,"heading_range",1955617,1,NA,39,5
12,13,"speed_v_range",3626,1,NA,39,6
14,15,"speed_h_sum",461308,1,NA,39,7
16,17,"speed_v_sum",150798.5,1,NA,39,8
18,19,"heading_range",1167962,1,NA,39,9
20,21,"speed_h_sum",119243,1,NA,39,10
22,23,"acc_sum",17.528992242646012,1,NA,39,11
24,25,"speed_v_sum",93811,1,NA,39,12
26,27,"acc_range",0.3662217324724034,1,NA,39,13
28,29,"speed_v_range",3265.5,1,NA,39,14
30,31,"acc_range",0.2512408116518174,1,NA,39,15
32,33,"acc_sum",4.046873118360907,1,NA,39,16
34,35,"acc_sum",7.597573809340651,1,NA,39,17
36,37,"acc_range",0.3067934308215854,1,NA,39,18
38,39,"acc_range",0.4052910976873363,1,NA,39,19
40,41,"speed_h_range",2518.5,1,NA,39,20
42,43,"speed_v_range",3044,1,NA,39,21
44,45,"speed_v_range",2765.5,1,NA,39,22
46,47,"speed_v_range",966.5,1,NA,39,23
48,49,"acc_sum",16.391070538890236,1,NA,39,24
50,51,"speed_v_sum",127851,1,NA,39,25
52,53,"acc_sum",7.8280934848409345,1,NA,39,26
54,55,"acc_sum",6.3456846845407,1,NA,39,27
56,57,"speed_v_sum",170292.5,1,NA,39,28
58,59,"speed_h_sum",411961.5,1,NA,39,29
0,0,NA,0,-1,"plane",39,30
0,0,NA,0,-1,"opening",39,31
0,0,NA,0,-1,"plane",39,32
60,61,"acc_sum",6.436842666625309,1,NA,39,33
0,0,NA,0,-1,"freefall",39,34
62,63,"speed_h_range",2765,1,NA,39,35
64,65,"speed_v_sum",253564,1,NA,39,36
66,67,"speed_h_range",1467,1,NA,39,37
68,69,"speed_h_sum",191520.5,1,NA,39,38
70,71,"speed_v_sum",52136.5,1,NA,39,39
72,73,"speed_v_range",2603,1,NA,39,40
74,75,"speed_v_range",2983,1,NA,39,41
76,77,"speed_v_sum",203443,1,NA,39,42
78,79,"speed_h_sum",174058.5,1,NA,39,43
80,81,"acc_range",1.4089211601016642,1,NA,39,44
82,83,"speed_h_range",4409.5,1,NA,39,45
84,85,"acc_sum",17.552216566570756,1,NA,39,46
86,87,"speed_v_sum",215104,1,NA,39,47
88,89,"heading_range",388076.5,1,NA,39,48
0,0,NA,0,-1,"canopy",39,49
90,91,"acc_sum",7.1491602540711705,1,NA,39,50
92,93,"speed_h_range",2087.5,1,NA,39,51
94,95,"acc_range",0.22889721879943548,1,NA,39,52
0,0,NA,0,-1,"plane",39,53
0,0,NA,0,-1,"plane",39,54
96,97,"speed_v_sum",56825.5,1,NA,39,55
98,99,"speed_v_sum",146735,1,NA,39,56
100,101,"heading_range",9350.5,1,NA,39,57
102,103,"speed_v_sum",259309.5,1,NA,39,58
104,105,"acc_sum",15.760433155975896,1,NA,39,59
106,107,"speed_h_sum",159064,1,NA,39,60
108,109,"speed_v_range",1785.5,1,NA,39,61
110,111,"heading_range",502808.5,1,NA,39,62
0,0,NA,0,-1,"flight",39,63
112,113,"speed_h_range",1183.5,1,NA,39,64
0,0,NA,0,-1,"flight",39,65
114,115,"acc_sum",10.656281049964564,1,NA,39,66
116,117,"speed_v_sum",132794.5,1,NA,39,67
118,119,"speed_v_sum",8114,1,NA,39,68
120,121,"heading_range",1846034,1,NA,39,69
0,0,NA,0,-1,"landing",39,70
122,123,"speed_v_sum",119669.5,1,NA,39,71
124,125,"acc_sum",19.12435307370773,1,NA,39,72
126,127,"acc_range",4.9284216758785,1,NA,39,73
128,129,"speed_v_range",1198,1,NA,39,74
130,131,"speed_v_sum",66966,1,NA,39,75
132,133,"heading_range",660770,1,NA,39,76
134,135,"acc_range",0.9521679430482773,1,NA,39,77
136,137,"heading_range",825476,1,NA,39,78
138,139,"speed_h_range",3998.5,1,NA,39,79
140,141,"speed_v_sum",224714,1,NA,39,80
0,0,NA,0,-1,"landing",39,81
142,143,"speed_v_range",3615.5,1,NA,39,82
144,145,"acc_sum",16.52978803724789,1,NA,39,83
0,0,NA,0,-1,"opening",39,84
0,0,NA,0,-1,"canopy",39,85
146,147,"acc_range",0.5694058832131331,1,NA,39,86
148,149,"speed_v_range",8259.5,1,NA,39,87
150,151,"acc_range",0.9607636212389975,1,NA,39,88
152,153,"speed_v_sum",66977,1,NA,39,89
0,0,NA,0,-1,"plane",39,90
154,155,"acc_sum",12.709422421055951,1,NA,39,91
156,157,"speed_v_range",2396,1,NA,39,92
158,159,"speed_h_sum",364931.5,1,NA,39,93
160,161,"acc_sum",6.223823370156328,1,NA,39,94
0,0,NA,0,-1,"plane",39,95
162,163,"speed_h_range",3719.5,1,NA,39,96
164,165,"heading_range",1398631,1,NA,39,97
166,167,"speed_h_sum",345448.5,1,NA,39,98
168,169,"speed_h_sum",384554,1,NA,39,99
0,0,NA,0,-1,"plane",39,100
170,171,"speed_v_sum",366492,1,NA,39,101
172,173,"acc_range",1.5423187595919223,1,NA,39,102
174,175,"acc_range",0.7471832216722717,1,NA,39,103
176,177,"speed_v_sum",183124,1,NA,39,104
178,179,"acc_sum",18.299642263451126,1,NA,39,105
180,181,"speed_v_range",2958,1,NA,39,106
182,183,"speed_v_range",1577,1,NA,39,107
184,185,"speed_h_sum",161399.5,1,NA,39,108
186,187,"acc_range",0.20744331764964624,1,NA,39,109
188,189,"heading_range",54470,1,NA,39,110
190,191,"heading_range",649417,1,NA,39,111
192,193,"speed_h_sum",202812,1,NA,39,112
194,195,"heading_range",634954,1,NA,39,113
196,197,"speed_h_sum",179182.5,1,NA,39,114
198,199,"speed_v_sum",224485.5,1,NA,39,115
0,0,NA,0,-1,"landing",39,116
0,0,NA,0,-1,"freefall",39,117
0,0,NA,0,-1,"landing",39,118
0,0,NA,0,-1,"canopy",39,119
0,0,NA,0,-1,"recovery_arc",39,120
0,0,NA,0,-1,"canopy",39,121
0,0,NA,0,-1,"canopy",39,122
0,0,NA,0,-1,"landing",39,123
0,0,NA,0,-1,"landing",39,124
0,0,NA,0,-1,"freefall",39,125
0,0,NA,0,-1,"opening",39,126
0,0,NA,0,-1,"freefall",39,127
0,0,NA,0,-1,"canopy",39,128
0,0,NA,0,-1,"landing",39,129
0,0,NA,0,-1,"landing",39,130
0,0,NA,0,-1,"opening",39,131
0,0,NA,0,-1,"canopy",39,132
0,0,NA,0,-1,"canopy",39,133
0,0,NA,0,-1,"recovery_arc",39,134
0,0,NA,0,-1,"freefall",39,135
0,0,NA,0,-1,"canopy",39,136
0,0,NA,0,-1,"opening",39,137
0,0,NA,0,-1,"landing",39,138
0,0,NA,0,-1,"recovery_arc",39,139
0,0,NA,0,-1,"canopy",39,140
0,0,NA,0,-1,"recovery_arc",39,141
0,0,NA,0,-1,"recovery_arc",39,142
0,0,NA,0,-1,"recovery_arc",39,143
0,0,NA,0,-1,"landing",39,144
0,0,NA,0,-1,"opening",39,145
0,0,NA,0,-1,"opening",39,146
0,0,NA,0,-1,"canopy",39,147
0,0,NA,0,-1,"recovery_arc",39,148
0,0,NA,0,-1,"opening",39,149
0,0,NA,0,-1,"plane",39,150
0,0,NA,0,-1,"plane",39,151
0,0,NA,0,-1,"plane",39,152
0,0,NA,0,-1,"canopy",39,153
0,0,NA,0,-1,"canopy",39,154
0,0,NA,0,-1,"canopy",39,155
0,0,NA,0,-1,"opening",39,156
0,0,NA,0,-1,"canopy",39,157
0,0,NA,0,-1,"canopy",39,158
0,0,NA,0,-1,"plane",39,159
0,0,NA,0,-1,"plane",39,160
0,0,NA,0,-1,"freefall",39,161
0,0,NA,0,-1,"plane",39,162
0,0,NA,0,-1,"freefall",39,163
0,0,NA,0,-1,"freefall",39,164
0,0,NA,0,-1,"plane",39,165
0,0,NA,0,-1,"flight",39,166
0,0,NA,0,-1,"opening",39,167
0,0,NA,0,-1,"flight",39,168
0,0,NA,0,-1,"opening",39,169
0,0,NA,0,-1,"flight",39,170
0,0,NA,0,-1,"freefall",39,171
0,0,NA,0,-1,"freefall",39,172
0,0,NA,0,-1,"opening",39,173
0,0,NA,0,-1,"freefall",39,174
0,0,NA,0,-1,"flight",39,175
0,0,NA,0,-1,"plane",39,176
0,0,NA,0,-1,"flight",39,177
0,0,NA,0,-1,"opening",39,178
0,0,NA,0,-1,"flight",39,179
0,0,NA,0,-1,"maneuver",39,180
0,0,NA,0,-1,"maneuver",39,181
0,0,NA,0,-1,"plane",39,182
0,0,NA,0,-1,"plane",39,183
0,0,NA,0,-1,"canopy",39,184
0,0,NA,0,-1,"canopy",39,185
0,0,NA,0,-1,"landing",39,186
0,0,NA,0,-1,"maneuver",39,187
0,0,NA,0,-1,"freefall",39,188
0,0,NA,0,-1,"freefall",39,189
0,0,NA,0,-1,"flight",39,190
0,0,NA,0,-1,"recovery_arc",39,191
0,0,NA,0,-1,"canopy",39,192
0,0,NA,0,-1,"canopy",39,193
0,0,NA,0,-1,"landing",39,194
0,0,NA,0,-1,"canopy",39,195
0,0,NA,0,-1,"canopy",39,196
0,0,NA,0,-1,"flight",39,197
0,0,NA,0,-1,"canopy",39,198
0,0,NA,0,-1,"flight",39,199
2,3,"heading_range",295975.5,1,NA,40,1
4,5,"speed_h_sum",275489,1,NA,40,2
6,7,"speed_v_range",534.5,1,NA,40,3
8,9,"speed_h_range",1257,1,NA,40,4
10,11,"speed_v_sum",136890.5,1,NA,40,5
12,13,"acc_range",0.06992475108248625,1,NA,40,6
14,15,"heading_range",438711.5,1,NA,40,7
16,17,"speed_v_range",627.5,1,NA,40,8
18,19,"speed_v_range",2063.5,1,NA,40,9
20,21,"speed_v_sum",85681,1,NA,40,10
22,23,"speed_v_range",2843.5,1,NA,40,11
24,25,"speed_v_sum",61105,1,NA,40,12
26,27,"speed_v_sum",206301,1,NA,40,13
28,29,"speed_h_range",654.5,1,NA,40,14
30,31,"acc_range",0.08399709512794218,1,NA,40,15
32,33,"acc_sum",6.309333288579294,1,NA,40,16
34,35,"speed_v_sum",148034.5,1,NA,40,17
36,37,"speed_v_range",951.5,1,NA,40,18
38,39,"heading_range",195748.5,1,NA,40,19
40,41,"acc_sum",11.83639889166054,1,NA,40,20
42,43,"acc_range",0.12555821097886,1,NA,40,21
44,45,"speed_h_range",73.5,1,NA,40,22
46,47,"speed_h_range",1706,1,NA,40,23
48,49,"speed_v_sum",48135,1,NA,40,24
50,51,"acc_sum",10.251525117287894,1,NA,40,25
52,53,"acc_sum",11.398174301553414,1,NA,40,26
54,55,"speed_v_sum",349033.5,1,NA,40,27
56,57,"acc_sum",10.021943477232394,1,NA,40,28
58,59,"speed_v_sum",52324,1,NA,40,29
60,61,"speed_h_sum",299607,1,NA,40,30
62,63,"speed_v_range",1518.5,1,NA,40,31
0,0,NA,0,-1,"plane",40,32
64,65,"acc_range",0.37303626818332436,1,NA,40,33
66,67,"speed_v_sum",9499,1,NA,40,34
68,69,"acc_range",0.2588913838715109,1,NA,40,35
70,71,"speed_h_range",1492,1,NA,40,36
72,73,"acc_sum",8.225873247791675,1,NA,40,37
74,75,"acc_sum",12.200312097522787,1,NA,40,38
76,77,"acc_range",0.867727619323717,1,NA,40,39
78,79,"speed_h_sum",280909,1,NA,40,40
80,81,"acc_range",0.8206327647933673,1,NA,40,41
82,83,"speed_h_sum",410056.5,1,NA,40,42
84,85,"speed_h_sum",383528.5,1,NA,40,43
86,87,"acc_sum",9.529513200298856,1,NA,40,44
88,89,"speed_h_sum",372235.5,1,NA,40,45
90,91,"heading_range",108077,1,NA,40,46
92,93,"acc_sum",12.587132139102335,1,NA,40,47
94,95,"acc_sum",9.341860705700759,1,NA,40,48
96,97,"acc_sum",11.857566066076785,1,NA,40,49
98,99,"speed_v_sum",66236.5,1,NA,40,50
100,101,"speed_h_sum",340932,1,NA,40,51
102,103,"speed_v_sum",7640,1,NA,40,52
104,105,"acc_range",0.14039102068836407,1,NA,40,53
106,107,"acc_sum",10.81602188755505,1,NA,40,54
0,0,NA,0,-1,"freefall",40,55
108,109,"acc_range",0.443670286090914,1,NA,40,56
110,111,"heading_range",370188,1,NA,40,57
112,113,"heading_range",372875.5,1,NA,40,58
114,115,"speed_v_sum",188273.5,1,NA,40,59
116,117,"speed_h_sum",180613.5,1,NA,40,60
0,0,NA,0,-1,"plane",40,61
118,119,"speed_h_sum",278998,1,NA,40,62
120,121,"speed_v_sum",183902.5,1,NA,40,63
122,123,"speed_h_sum",204058.5,1,NA,40,64
124,125,"speed_v_sum",203115,1,NA,40,65
126,127,"speed_h_sum",160805.5,1,NA,40,66
128,129,"speed_h_range",932,1,NA,40,67
130,131,"speed_v_sum",252897,1,NA,40,68
132,133,"speed_h_sum",271473.5,1,NA,40,69
134,135,"acc_sum",10.907109671052197,1,NA,40,70
136,137,"acc_range",0.9473741813253724,1,NA,40,71
138,139,"acc_sum",6.499176031897101,1,NA,40,72
140,141,"speed_v_sum",30332.5,1,NA,40,73
0,0,NA,0,-1,"freefall",40,74
142,143,"speed_h_sum",270853.5,1,NA,40,75
144,145,"speed_h_sum",229778,1,NA,40,76
146,147,"speed_h_sum",199075,1,NA,40,77
148,149,"acc_sum",10.476319124403835,1,NA,40,78
150,151,"speed_h_range",3599,1,NA,40,79
152,153,"speed_v_range",420.5,1,NA,40,80
154,155,"speed_v_sum",-14015,1,NA,40,81
0,0,NA,0,-1,"freefall",40,82
0,0,NA,0,-1,"plane",40,83
156,157,"speed_h_range",2070,1,NA,40,84
158,159,"acc_sum",9.597206723929531,1,NA,40,85
0,0,NA,0,-1,"freefall",40,86
0,0,NA,0,-1,"plane",40,87
160,161,"speed_h_sum",298820.5,1,NA,40,88
162,163,"speed_h_range",996,1,NA,40,89
164,165,"acc_range",0.6089139892764868,1,NA,40,90
166,167,"speed_v_sum",170413,1,NA,40,91
168,169,"acc_sum",6.0149280551687045,1,NA,40,92
170,171,"acc_sum",15.11099311257497,1,NA,40,93
0,0,NA,0,-1,"canopy",40,94
0,0,NA,0,-1,"plane",40,95
172,173,"speed_v_range",509,1,NA,40,96
0,0,NA,0,-1,"plane",40,97
0,0,NA,0,-1,"maneuver",40,98
0,0,NA,0,-1,"canopy",40,99
174,175,"speed_v_range",510,1,NA,40,100
176,177,"acc_sum",11.868360660660109,1,NA,40,101
178,179,"acc_range",0.2825444878449698,1,NA,40,102
180,181,"heading_range",533009,1,NA,40,103
182,183,"heading_range",462601.5,1,NA,40,104
184,185,"speed_h_sum",372067,1,NA,40,105
186,187,"acc_range",0.3759863093439802,1,NA,40,106
188,189,"acc_range",0.19502783865868523,1,NA,40,107
190,191,"speed_v_sum",215609.5,1,NA,40,108
192,193,"speed_v_sum",198034,1,NA,40,109
194,195,"acc_range",0.16555379286149463,1,NA,40,110
196,197,"speed_h_sum",281099,1,NA,40,111
198,199,"speed_h_sum",267290,1,NA,40,112
0,0,NA,0,-1,"plane",40,113
0,0,NA,0,-1,"canopy",40,114
0,0,NA,0,-1,"flight",40,115
0,0,NA,0,-1,"canopy",40,116
0,0,NA,0,-1,"canopy",40,117
0,0,NA,0,-1,"canopy",40,118
0,0,NA,0,-1,"flight",40,119
0,0,NA,0,-1,"landing",40,120
0,0,NA,0,-1,"recovery_arc",40,121
0,0,NA,0,-1,"canopy",40,122
0,0,NA,0,-1,"canopy",40,123
0,0,NA,0,-1,"canopy",40,124
0,0,NA,0,-1,"flight",40,125
0,0,NA,0,-1,"maneuver",40,126
0,0,NA,0,-1,"plane",40,127
0,0,NA,0,-1,"canopy",40,128
0,0,NA,0,-1,"canopy",40,129
0,0,NA,0,-1,"freefall",40,130
0,0,NA,0,-1,"flight",40,131
0,0,NA,0,-1,"flight",40,132
0,0,NA,0,-1,"freefall",40,133
0,0,NA,0,-1,"landing",40,134
0,0,NA,0,-1,"canopy",40,135
0,0,NA,0,-1,"landing",40,136
0,0,NA,0,-1,"canopy",40,137
0,0,NA,0,-1,"canopy",40,138
0,0,NA,0,-1,"recovery_arc",40,139
0,0,NA,0,-1,"landing",40,140
0,0,NA,0,-1,"freefall",40,141
0,0,NA,0,-1,"landing",40,142
0,0,NA,0,-1,"canopy",40,143
0,0,NA,0,-1,"freefall",40,144
0,0,NA,0,-1,"landing",40,145
0,0,NA,0,-1,"maneuver",40,146
0,0,NA,0,-1,"opening",40,147
0,0,NA,0,-1,"plane",40,148
0,0,NA,0,-1,"canopy",40,149
0,0,NA,0,-1,"plane",40,150
0,0,NA,0,-1,"plane",40,151
0,0,NA,0,-1,"plane",40,152
0,0,NA,0,-1,"plane",40,153
0,0,NA,0,-1,"plane",40,154
0,0,NA,0,-1,"plane",40,155
0,0,NA,0,-1,"canopy",40,156
0,0,NA,0,-1,"freefall",40,157
0,0,NA,0,-1,"plane",40,158
0,0,NA,0,-1,"opening",40,159
0,0,NA,0,-1,"flight",40,160
0,0,NA,0,-1,"flight",40,161
0,0,NA,0,-1,"flight",40,162
0,0,NA,0,-1,"flight",40,163
0,0,NA,0,-1,"freefall",40,164
0,0,NA,0,-1,"flight",40,165
0,0,NA,0,-1,"freefall",40,166
0,0,NA,0,-1,"flight",40,167
0,0,NA,0,-1,"freefall",40,168
0,0,NA,0,-1,"freefall",40,169
0,0,NA,0,-1,"flight",40,170
0,0,NA,0,-1,"opening",40,171
0,0,NA,0,-1,"canopy",40,172
0,0,NA,0,-1,"plane",40,173
0,0,NA,0,-1,"canopy",40,174
0,0,NA,0,-1,"maneuver",40,175
0,0,NA,0,-1,"plane",40,176
0,0,NA,0,-1,"flight",40,177
0,0,NA,0,-1,"plane",40,178
0,0,NA,0,-1,"landing",40,179
0,0,NA,0,-1,"canopy",40,180
0,0,NA,0,-1,"canopy",40,181
0,0,NA,0,-1,"plane",40,182
0,0,NA,0,-1,"canopy",40,183
0,0,NA,0,-1,"canopy",40,184
0,0,NA,0,-1,"plane",40,185
0,0,NA,0,-1,"flight",40,186
0,0,NA,0,-1,"flight",40,187
0,0,NA,0,-1,"flight",40,188
0,0,NA,0,-1,"flight",40,189
0,0,NA,0,-1,"canopy",40,190
0,0,NA,0,-1,"flight",40,191
0,0,NA,0,-1,"canopy",40,192
0,0,NA,0,-1,"flight",40,193
0,0,NA,0,-1,"plane",40,194
0,0,NA,0,-1,"flight",40,195
0,0,NA,0,-1,"canopy",40,196
0,0,NA,0,-1,"flight",40,197
0,0,NA,0,-1,"landing",40,198
0,0,NA,0,-1,"plane",40,199
2,3,"acc_range",0.1348334992289223,1,NA,41,1
4,5,"speed_v_range",287.5,1,NA,41,2
6,7,"heading_range",238935.5,1,NA,41,3
8,9,"speed_v_sum",42683.5,1,NA,41,4
10,11,"heading_range",427920.5,1,NA,41,5
12,13,"speed_v_sum",45198.5,1,NA,41,6
14,15,"speed_h_sum",280251.5,1,NA,41,7
16,17,"heading_range",276105,1,NA,41,8
18,19,"speed_h_sum",344226.5,1,NA,41,9
20,21,"speed_v_sum",46101.5,1,NA,41,10
22,23,"heading_range",35927437.5,1,NA,41,11
24,25,"speed_h_sum",271298,1,NA,41,12
26,27,"speed_h_sum",281241.5,1,NA,41,13
28,29,"speed_v_sum",206148.5,1,NA,41,14
30,31,"speed_h_sum",461301.5,1,NA,41,15
32,33,"speed_h_sum",232213.5,1,NA,41,16
34,35,"speed_h_sum",279885,1,NA,41,17
36,37,"speed_v_sum",132782.5,1,NA,41,18
38,39,"speed_v_sum",244998.5,1,NA,41,19
40,41,"acc_sum",5.801782773666044,1,NA,41,20
42,43,"speed_h_range",444.5,1,NA,41,21
44,45,"speed_h_range",660,1,NA,41,22
46,47,"acc_range",0.09279275003144227,1,NA,41,23
48,49,"acc_sum",6.606098568046269,1,NA,41,24
50,51,"speed_h_sum",499711,1,NA,41,25
52,53,"speed_v_sum",147180.5,1,NA,41,26
54,55,"speed_h_sum",461672,1,NA,41,27
56,57,"speed_v_range",1360.5,1,NA,41,28
58,59,"speed_v_range",1123.5,1,NA,41,29
60,61,"speed_h_sum",436234.5,1,NA,41,30
62,63,"acc_range",0.9745271688382592,1,NA,41,31
64,65,"acc_sum",5.432719417084418,1,NA,41,32
0,0,NA,0,-1,"plane",41,33
0,0,NA,0,-1,"canopy",41,34
0,0,NA,0,-1,"plane",41,35
66,67,"speed_v_sum",64824.5,1,NA,41,36
68,69,"speed_v_sum",144324,1,NA,41,37
0,0,NA,0,-1,"plane",41,38
0,0,NA,0,-1,"flight",41,39
70,71,"speed_h_range",732,1,NA,41,40
72,73,"heading_range",347900,1,NA,41,41
74,75,"heading_range",35519,1,NA,41,42
76,77,"speed_h_range",1075.5,1,NA,41,43
78,79,"speed_v_range",1331,1,NA,41,44
80,81,"speed_v_sum",38760,1,NA,41,45
82,83,"speed_h_sum",363071.5,1,NA,41,46
84,85,"speed_v_sum",27581,1,NA,41,47
86,87,"speed_h_sum",115873,1,NA,41,48
88,89,"acc_range",0.39640907288604366,1,NA,41,49
90,91,"acc_range",0.9698181405256957,1,NA,41,50
0,0,NA,0,-1,"plane",41,51
92,93,"speed_v_range",1721,1,NA,41,52
94,95,"speed_v_range",1376,1,NA,41,53
96,97,"acc_sum",8.005083854468172,1,NA,41,54
0,0,NA,0,-1,"plane",41,55
98,99,"speed_v_sum",6955.5,1,NA,41,56
100,101,"acc_range",0.6754544650482992,1,NA,41,57
102,103,"acc_sum",17.192427626778365,1,NA,41,58
104,105,"speed_h_range",3811,1,NA,41,59
106,107,"acc_sum",10.39760433976344,1,NA,41,60
108,109,"speed_h_range",645,1,NA,41,61
110,111,"speed_v_range",3642,1,NA,41,62
0,0,NA,0,-1,"freefall",41,63
0,0,NA,0,-1,"plane",41,64
0,0,NA,0,-1,"canopy",41,65
112,113,"heading_range",169434,1,NA,41,66
114,115,"heading_range",35986438.5,1,NA,41,67
0,0,NA,0,-1,"maneuver",41,68
116,117,"speed_v_range",224.5,1,NA,41,69
0,0,NA,0,-1,"maneuver",41,70
0,0,NA,0,-1,"canopy",41,71
118,119,"speed_v_sum",36615,1,NA,41,72
120,121,"acc_sum",9.548202616427568,1,NA,41,73
122,123,"heading_range",24481,1,NA,41,74
124,125,"acc_sum",10.92084497017818,1,NA,41,75
126,127,"acc_range",0.07913412566880212,1,NA,41,76
128,129,"heading_range",400416,1,NA,41,77
130,131,"heading_range",462172,1,NA,41,78
132,133,"speed_v_sum",4030.5,1,NA,41,79
134,135,"speed_h_sum",243197.5,1,NA,41,80
136,137,"speed_v_range",3706,1,NA,41,81
0,0,NA,0,-1,"maneuver",41,82
0,0,NA,0,-1,"plane",41,83
0,0,NA,0,-1,"plane",41,84
138,139,"speed_h_sum",159196,1,NA,41,85
140,141,"heading_range",120348.5,1,NA,41,86
142,143,"speed_v_sum",-9716.5,1,NA,41,87
144,145,"heading_range",217701,1,NA,41,88
146,147,"speed_h_range",1251.5,1,NA,41,89
148,149,"acc_sum",11.675094413341611,1,NA,41,90
150,151,"speed_v_sum",-16316,1,NA,41,91
152,153,"speed_v_range",720.5,1,NA,41,92
154,155,"speed_v_range",3025.5,1,NA,41,93
156,157,"speed_h_range",151.5,1,NA,41,94
158,159,"acc_sum",8.575937226916086,1,NA,41,95
160,161,"speed_h_sum",369010,1,NA,41,96
162,163,"speed_v_sum",147077.5,1,NA,41,97
164,165,"acc_range",0.6220681351611117,1,NA,41,98
166,167,"speed_h_sum",193240.5,1,NA,41,99
168,169,"speed_h_sum",151182,1,NA,41,100
170,171,"speed_h_sum",94932,1,NA,41,101
172,173,"acc_range",0.7806854581293383,1,NA,41,102
174,175,"heading_range",1848132.5,1,NA,41,103
176,177,"heading_range",1482374,1,NA,41,104
178,179,"speed_v_sum",252843,1,NA,41,105
180,181,"speed_v_range",1827.5,1,NA,41,106
182,183,"acc_range",0.19937499513216306,1,NA,41,107
184,185,"speed_v_sum",133928,1,NA,41,108
186,187,"acc_sum",11.747873220387852,1,NA,41,109
188,189,"speed_h_range",1480,1,NA,41,110
190,191,"speed_v_range",3816.5,1,NA,41,111
192,193,"acc_sum",10.362611601923371,1,NA,41,112
194,195,"heading_range",442691,1,NA,41,113
196,197,"acc_sum",10.977421191345337,1,NA,41,114
0,0,NA,0,-1,"maneuver",41,115
0,0,NA,0,-1,"recovery_arc",41,116
0,0,NA,0,-1,"canopy",41,117
198,199,"speed_v_sum",34719.5,1,NA,41,118
0,0,NA,0,-1,"plane",41,119
0,0,NA,0,-1,"canopy",41,120
0,0,NA,0,-1,"plane",41,121
0,0,NA,0,-1,"plane",41,122
0,0,NA,0,-1,"plane",41,123
0,0,NA,0,-1,"canopy",41,124
0,0,NA,0,-1,"canopy",41,125
0,0,NA,0,-1,"plane",41,126
0,0,NA,0,-1,"canopy",41,127
0,0,NA,0,-1,"plane",41,128
0,0,NA,0,-1,"canopy",41,129
0,0,NA,0,-1,"canopy",41,130
0,0,NA,0,-1,"canopy",41,131
0,0,NA,0,-1,"plane",41,132
0,0,NA,0,-1,"canopy",41,133
0,0,NA,0,-1,"landing",41,134
0,0,NA,0,-1,"plane",41,135
0,0,NA,0,-1,"canopy",41,136
0,0,NA,0,-1,"plane",41,137
0,0,NA,0,-1,"opening",41,138
0,0,NA,0,-1,"canopy",41,139
0,0,NA,0,-1,"plane",41,140
0,0,NA,0,-1,"canopy",41,141
0,0,NA,0,-1,"plane",41,142
0,0,NA,0,-1,"maneuver",41,143
0,0,NA,0,-1,"canopy",41,144
0,0,NA,0,-1,"canopy",41,145
0,0,NA,0,-1,"canopy",41,146
0,0,NA,0,-1,"landing",41,147
0,0,NA,0,-1,"plane",41,148
0,0,NA,0,-1,"plane",41,149
0,0,NA,0,-1,"freefall",41,150
0,0,NA,0,-1,"plane",41,151
0,0,NA,0,-1,"canopy",41,152
0,0,NA,0,-1,"canopy",41,153
0,0,NA,0,-1,"canopy",41,154
0,0,NA,0,-1,"landing",41,155
0,0,NA,0,-1,"freefall",41,156
0,0,NA,0,-1,"flight",41,157
0,0,NA,0,-1,"freefall",41,158
0,0,NA,0,-1,"flight",41,159
0,0,NA,0,-1,"freefall",41,160
0,0,NA,0,-1,"flight",41,161
0,0,NA,0,-1,"opening",41,162
0,0,NA,0,-1,"flight",41,163
0,0,NA,0,-1,"landing",41,164
0,0,NA,0,-1,"landing",41,165
0,0,NA,0,-1,"canopy",41,166
0,0,NA,0,-1,"canopy",41,167
0,0,NA,0,-1,"landing",41,168
0,0,NA,0,-1,"canopy",41,169
0,0,NA,0,-1,"landing",41,170
0,0,NA,0,-1,"canopy",41,171
0,0,NA,0,-1,"flight",41,172
0,0,NA,0,-1,"flight",41,173
0,0,NA,0,-1,"freefall",41,174
0,0,NA,0,-1,"recovery_arc",41,175
0,0,NA,0,-1,"freefall",41,176
0,0,NA,0,-1,"recovery_arc",41,177
0,0,NA,0,-1,"recovery_arc",41,178
0,0,NA,0,-1,"recovery_arc",41,179
0,0,NA,0,-1,"flight",41,180
0,0,NA,0,-1,"plane",41,181
0,0,NA,0,-1,"plane",41,182
0,0,NA,0,-1,"flight",41,183
0,0,NA,0,-1,"plane",41,184
0,0,NA,0,-1,"flight",41,185
0,0,NA,0,-1,"plane",41,186
0,0,NA,0,-1,"flight",41,187
0,0,NA,0,-1,"plane",41,188
0,0,NA,0,-1,"plane",41,189
0,0,NA,0,-1,"freefall",41,190
0,0,NA,0,-1,"plane",41,191
0,0,NA,0,-1,"canopy",41,192
0,0,NA,0,-1,"canopy",41,193
0,0,NA,0,-1,"canopy",41,194
0,0,NA,0,-1,"canopy",41,195
0,0,NA,0,-1,"canopy",41,196
0,0,NA,0,-1,"canopy",41,197
0,0,NA,0,-1,"plane",41,198
0,0,NA,0,-1,"plane",41,199
2,3,"heading_range",314980.5,1,NA,42,1
4,5,"acc_range",0.12993929861501813,1,NA,42,2
6,7,"speed_v_sum",38049.5,1,NA,42,3
8,9,"speed_h_sum",273241,1,NA,42,4
10,11,"speed_v_sum",38838.5,1,NA,42,5
12,13,"speed_h_sum",260042,1,NA,42,6
14,15,"acc_sum",18.595700749112233,1,NA,42,7
16,17,"speed_h_range",28,1,NA,42,8
18,19,"speed_v_range",4275,1,NA,42,9
20,21,"speed_h_sum",266124.5,1,NA,42,10
22,23,"speed_v_sum",135520,1,NA,42,11
24,25,"speed_h_sum",121413.5,1,NA,42,12
26,27,"speed_v_range",3262.5,1,NA,42,13
28,29,"heading_range",586246.5,1,NA,42,14
30,31,"speed_v_sum",371680.5,1,NA,42,15
0,0,NA,0,-1,"plane",42,16
32,33,"speed_h_sum",202784.5,1,NA,42,17
34,35,"speed_v_range",141.5,1,NA,42,18
36,37,"speed_v_range",4281,1,NA,42,19
38,39,"speed_v_range",915,1,NA,42,20
40,41,"speed_h_range",1537.5,1,NA,42,21
42,43,"speed_h_range",825,1,NA,42,22
44,45,"speed_h_range",1592,1,NA,42,23
46,47,"acc_range",0.16433787288674473,1,NA,42,24
48,49,"speed_h_range",999.5,1,NA,42,25
50,51,"acc_range",0.7183849976498692,1,NA,42,26
52,53,"speed_v_sum",17251.5,1,NA,42,27
54,55,"acc_sum",11.525047174747122,1,NA,42,28
56,57,"speed_v_range",1677.5,1,NA,42,29
58,59,"heading_range",2483399,1,NA,42,30
60,61,"speed_v_range",3505.5,1,NA,42,31
62,63,"speed_h_sum",148545.5,1,NA,42,32
64,65,"acc_sum",8.876659517186685,1,NA,42,33
66,67,"speed_h_sum",294767,1,NA,42,34
68,69,"speed_v_sum",143936,1,NA,42,35
0,0,NA,0,-1,"freefall",42,36
70,71,"speed_h_range",670.5,1,NA,42,37
72,73,"acc_range",0.13122525174552135,1,NA,42,38
74,75,"acc_sum",8.649503033891751,1,NA,42,39
76,77,"speed_v_sum",-32510,1,NA,42,40
78,79,"speed_h_sum",487101.5,1,NA,42,41
80,81,"speed_h_sum",362067.5,1,NA,42,42
82,83,"speed_v_sum",50943.5,1,NA,42,43
84,85,"speed_h_sum",179096,1,NA,42,44
86,87,"speed_h_sum",313474,1,NA,42,45
88,89,"speed_v_range",2490.5,1,NA,42,46
90,91,"speed_v_sum",-10489,1,NA,42,47
92,93,"speed_h_range",772,1,NA,42,48
94,95,"speed_v_range",3332.5,1,NA,42,49
0,0,NA,0,-1,"plane",42,50
96,97,"heading_range",393328.5,1,NA,42,51
98,99,"acc_range",0.6798077721384219,1,NA,42,52
100,101,"speed_v_sum",17706.5,1,NA,42,53
102,103,"speed_v_sum",160715,1,NA,42,54
104,105,"speed_v_sum",190754,1,NA,42,55
106,107,"speed_v_sum",216523,1,NA,42,56
108,109,"speed_h_sum",185071,1,NA,42,57
110,111,"acc_range",0.9708930926172671,1,NA,42,58
112,113,"speed_v_sum",221870.5,1,NA,42,59
0,0,NA,0,-1,"freefall",42,60
114,115,"speed_h_sum",60935.5,1,NA,42,61
116,117,"heading_range",31924.5,1,NA,42,62
118,119,"speed_h_sum",154336.5,1,NA,42,63
120,121,"speed_v_sum",164807.5,1,NA,42,64
122,123,"acc_sum",11.41442151120897,1,NA,42,65
0,0,NA,0,-1,"canopy",42,66
0,0,NA,0,-1,"plane",42,67
124,125,"heading_range",63210.5,1,NA,42,68
126,127,"heading_range",43097,1,NA,42,69
128,129,"speed_v_range",4871.5,1,NA,42,70
130,131,"speed_h_range",4498.5,1,NA,42,71
0,0,NA,0,-1,"maneuver",42,72
132,133,"speed_v_sum",6331,1,NA,42,73
134,135,"speed_h_range",251,1,NA,42,74
136,137,"acc_range",0.9625286109703912,1,NA,42,75
0,0,NA,0,-1,"plane",42,76
138,139,"speed_v_sum",-32499,1,NA,42,77
140,141,"speed_h_sum",486381.5,1,NA,42,78
0,0,NA,0,-1,"plane",42,79
142,143,"acc_range",0.19295610418863435,1,NA,42,80
0,0,NA,0,-1,"plane",42,81
144,145,"speed_h_sum",323644,1,NA,42,82
146,147,"speed_h_sum",398090.5,1,NA,42,83
148,149,"acc_range",0.39434171250402617,1,NA,42,84
150,151,"speed_v_range",782.5,1,NA,42,85
152,153,"speed_h_range",3202.5,1,NA,42,86
154,155,"speed_v_sum",211021,1,NA,42,87
156,157,"heading_range",396676,1,NA,42,88
158,159,"acc_sum",4.663799462934222,1,NA,42,89
160,161,"speed_h_range",8832,1,NA,42,90
162,163,"speed_h_sum",93555.5,1,NA,42,91
164,165,"speed_h_range",738,1,NA,42,92
166,167,"speed_v_sum",32550,1,NA,42,93
168,169,"heading_range",842816,1,NA,42,94
170,171,"speed_v_range",9406.5,1,NA,42,95
0,0,NA,0,-1,"plane",42,96
172,173,"speed_h_sum",345975.5,1,NA,42,97
0,0,NA,0,-1,"plane",42,98
0,0,NA,0,-1,"freefall",42,99
0,0,NA,0,-1,"freefall",42,100
174,175,"heading_range",443560,1,NA,42,101
176,177,"acc_sum",9.290381445060625,1,NA,42,102
178,179,"acc_sum",8.57370683378851,1,NA,42,103
180,181,"speed_h_range",340,1,NA,42,104
182,183,"speed_h_sum",167025.5,1,NA,42,105
184,185,"acc_sum",12.46769297526577,1,NA,42,106
186,187,"acc_range",0.21169038785362526,1,NA,42,107
188,189,"acc_range",0.23925652530147634,1,NA,42,108
190,191,"speed_v_sum",174291,1,NA,42,109
192,193,"speed_h_sum",129370.5,1,NA,42,110
194,195,"speed_v_range",3067,1,NA,42,111
196,197,"acc_range",1.1570785728679711,1,NA,42,112
198,199,"heading_range",3575292.5,1,NA,42,113
0,0,NA,0,-1,"freefall",42,114
0,0,NA,0,-1,"opening",42,115
0,0,NA,0,-1,"opening",42,116
0,0,NA,0,-1,"canopy",42,117
0,0,NA,0,-1,"canopy",42,118
0,0,NA,0,-1,"canopy",42,119
0,0,NA,0,-1,"canopy",42,120
0,0,NA,0,-1,"freefall",42,121
0,0,NA,0,-1,"canopy",42,122
0,0,NA,0,-1,"canopy",42,123
0,0,NA,0,-1,"plane",42,124
0,0,NA,0,-1,"plane",42,125
0,0,NA,0,-1,"plane",42,126
0,0,NA,0,-1,"flight",42,127
0,0,NA,0,-1,"plane",42,128
0,0,NA,0,-1,"freefall",42,129
0,0,NA,0,-1,"plane",42,130
0,0,NA,0,-1,"plane",42,131
0,0,NA,0,-1,"landing",42,132
0,0,NA,0,-1,"canopy",42,133
0,0,NA,0,-1,"plane",42,134
0,0,NA,0,-1,"maneuver",42,135
0,0,NA,0,-1,"landing",42,136
0,0,NA,0,-1,"maneuver",42,137
0,0,NA,0,-1,"freefall",42,138
0,0,NA,0,-1,"plane",42,139
0,0,NA,0,-1,"plane",42,140
0,0,NA,0,-1,"freefall",42,141
0,0,NA,0,-1,"canopy",42,142
0,0,NA,0,-1,"canopy",42,143
0,0,NA,0,-1,"canopy",42,144
0,0,NA,0,-1,"plane",42,145
0,0,NA,0,-1,"canopy",42,146
0,0,NA,0,-1,"plane",42,147
0,0,NA,0,-1,"recovery_arc",42,148
0,0,NA,0,-1,"maneuver",42,149
0,0,NA,0,-1,"flight",42,150
0,0,NA,0,-1,"flight",42,151
0,0,NA,0,-1,"freefall",42,152
0,0,NA,0,-1,"opening",42,153
0,0,NA,0,-1,"flight",42,154
0,0,NA,0,-1,"flight",42,155
0,0,NA,0,-1,"landing",42,156
0,0,NA,0,-1,"canopy",42,157
0,0,NA,0,-1,"maneuver",42,158
0,0,NA,0,-1,"canopy",42,159
0,0,NA,0,-1,"maneuver",42,160
0,0,NA,0,-1,"plane",42,161
0,0,NA,0,-1,"landing",42,162
0,0,NA,0,-1,"landing",42,163
0,0,NA,0,-1,"canopy",42,164
0,0,NA,0,-1,"canopy",42,165
0,0,NA,0,-1,"canopy",42,166
0,0,NA,0,-1,"landing",42,167
0,0,NA,0,-1,"landing",42,168
0,0,NA,0,-1,"canopy",42,169
0,0,NA,0,-1,"maneuver",42,170
0,0,NA,0,-1,"landing",42,171
0,0,NA,0,-1,"plane",42,172
0,0,NA,0,-1,"freefall",42,173
0,0,NA,0,-1,"plane",42,174
0,0,NA,0,-1,"plane",42,175
0,0,NA,0,-1,"canopy",42,176
0,0,NA,0,-1,"canopy",42,177
0,0,NA,0,-1,"freefall",42,178
0,0,NA,0,-1,"flight",42,179
0,0,NA,0,-1,"canopy",42,180
0,0,NA,0,-1,"canopy",42,181
0,0,NA,0,-1,"freefall",42,182
0,0,NA,0,-1,"flight",42,183
0,0,NA,0,-1,"canopy",42,184
0,0,NA,0,-1,"canopy",42,185
0,0,NA,0,-1,"opening",42,186
0,0,NA,0,-1,"flight",42,187
0,0,NA,0,-1,"canopy",42,188
0,0,NA,0,-1,"landing",42,189
0,0,NA,0,-1,"canopy",42,190
0,0,NA,0,-1,"recovery_arc",42,191
0,0,NA,0,-1,"opening",42,192
0,0,NA,0,-1,"landing",42,193
0,0,NA,0,-1,"canopy",42,194
0,0,NA,0,-1,"opening",42,195
0,0,NA,0,-1,"canopy",42,196
0,0,NA,0,-1,"opening",42,197
0,0,NA,0,-1,"recovery_arc",42,198
0,0,NA,0,-1,"recovery_arc",42,199
2,3,"speed_h_sum",275981.5,1,NA,43,1
4,5,"speed_h_range",1182.5,1,NA,43,2
6,7,"speed_v_sum",136821.5,1,NA,43,3
8,9,"acc_sum",6.960310557426855,1,NA,43,4
10,11,"acc_sum",8.339402416839782,1,NA,43,5
12,13,"speed_h_sum",293287.5,1,NA,43,6
14,15,"speed_v_range",2793.5,1,NA,43,7
16,17,"speed_v_range",1394,1,NA,43,8
18,19,"speed_v_sum",253950.5,1,NA,43,9
20,21,"speed_h_sum",141482.5,1,NA,43,10
22,23,"speed_v_sum",30831.5,1,NA,43,11
24,25,"speed_v_sum",44867.5,1,NA,43,12
26,27,"acc_range",0.36555124929452437,1,NA,43,13
28,29,"speed_h_range",57.5,1,NA,43,14
30,31,"acc_sum",7.595713185567908,1,NA,43,15
0,0,NA,0,-1,"plane",43,16
32,33,"heading_range",159580,1,NA,43,17
34,35,"speed_h_sum",21613,1,NA,43,18
36,37,"acc_sum",15.50714300867336,1,NA,43,19
38,39,"acc_sum",5.193058060253172,1,NA,43,20
40,41,"acc_sum",7.718119782307181,1,NA,43,21
42,43,"speed_v_range",4346.5,1,NA,43,22
44,45,"acc_sum",18.60062069394461,1,NA,43,23
0,0,NA,0,-1,"plane",43,24
46,47,"heading_range",545223,1,NA,43,25
48,49,"acc_sum",7.752931182132727,1,NA,43,26
50,51,"acc_sum",8.894223139469023,1,NA,43,27
0,0,NA,0,-1,"plane",43,28
52,53,"speed_h_sum",343844.5,1,NA,43,29
54,55,"speed_h_range",1381.5,1,NA,43,30
56,57,"acc_range",0.1515685884605767,1,NA,43,31
58,59,"speed_v_sum",97280.5,1,NA,43,32
60,61,"speed_h_sum",111401.5,1,NA,43,33
62,63,"speed_v_sum",29015.5,1,NA,43,34
64,65,"speed_h_sum",204115,1,NA,43,35
66,67,"acc_range",0.9489353966795029,1,NA,43,36
68,69,"speed_v_sum",361410.5,1,NA,43,37
70,71,"speed_v_sum",-10224,1,NA,43,38
72,73,"speed_v_range",3002,1,NA,43,39
74,75,"acc_sum",4.995012665502218,1,NA,43,40
76,77,"speed_h_sum",225658.5,1,NA,43,41
78,79,"speed_h_sum",99057,1,NA,43,42
80,81,"speed_h_sum",221674.5,1,NA,43,43
82,83,"speed_v_sum",199120,1,NA,43,44
84,85,"speed_v_range",3330.5,1,NA,43,45
86,87,"speed_h_sum",276775,1,NA,43,46
88,89,"speed_h_range",1610,1,NA,43,47
90,91,"acc_sum",7.7213625430487145,1,NA,43,48
92,93,"speed_v_sum",111578.5,1,NA,43,49
94,95,"speed_v_sum",40991,1,NA,43,50
96,97,"speed_v_sum",82533.5,1,NA,43,51
98,99,"acc_sum",9.12521075593968,1,NA,43,52
100,101,"speed_v_sum",169592.5,1,NA,43,53
102,103,"speed_h_sum",328286.5,1,NA,43,54
104,105,"acc_sum",6.071192416897906,1,NA,43,55
106,107,"speed_v_range",2955.5,1,NA,43,56
108,109,"acc_sum",14.489862670950888,1,NA,43,57
110,111,"speed_h_sum",110659,1,NA,43,58
0,0,NA,0,-1,"recovery_arc",43,59
112,113,"speed_h_range",592,1,NA,43,60
114,115,"speed_h_sum",158892.5,1,NA,43,61
0,0,NA,0,-1,"landing",43,62
0,0,NA,0,-1,"canopy",43,63
116,117,"speed_v_sum",6259.5,1,NA,43,64
118,119,"speed_v_sum",144880,1,NA,43,65
120,121,"speed_h_sum",148282,1,NA,43,66
0,0,NA,0,-1,"freefall",43,67
122,123,"heading_range",2560969,1,NA,43,68
124,125,"speed_v_range",3228.5,1,NA,43,69
0,0,NA,0,-1,"plane",43,70
0,0,NA,0,-1,"maneuver",43,71
126,127,"speed_v_sum",246980,1,NA,43,72
0,0,NA,0,-1,"maneuver",43,73
128,129,"heading_range",174533.5,1,NA,43,74
130,131,"acc_range",0.7811939914079465,1,NA,43,75
132,133,"speed_v_sum",231927,1,NA,43,76
0,0,NA,0,-1,"flight",43,77
134,135,"acc_range",0.27046687681065124,1,NA,43,78
136,137,"acc_range",0.8146410200266757,1,NA,43,79
138,139,"acc_range",0.5580143422388544,1,NA,43,80
0,0,NA,0,-1,"landing",43,81
140,141,"speed_v_range",2250.5,1,NA,43,82
142,143,"acc_sum",15.13608616375171,1,NA,43,83
144,145,"speed_v_sum",364373.5,1,NA,43,84
146,147,"acc_range",0.9836539001428545,1,NA,43,85
148,149,"acc_sum",9.589683029808054,1,NA,43,86
150,151,"speed_v_range",4324.5,1,NA,43,87
0,0,NA,0,-1,"maneuver",43,88
0,0,NA,0,-1,"plane",43,89
152,153,"speed_h_sum",379018,1,NA,43,90
0,0,NA,0,-1,"freefall",43,91
154,155,"acc_sum",10.965530915976041,1,NA,43,92
156,157,"speed_v_sum",128379,1,NA,43,93
0,0,NA,0,-1,"plane",43,94
158,159,"speed_h_sum",346616.5,1,NA,43,95
160,161,"heading_range",218215,1,NA,43,96
162,163,"heading_range",98905,1,NA,43,97
164,165,"heading_range",192047,1,NA,43,98
166,167,"speed_h_sum",331001.5,1,NA,43,99
168,169,"heading_range",137849,1,NA,43,100
170,171,"speed_h_sum",454265.5,1,NA,43,101
0,0,NA,0,-1,"flight",43,102
0,0,NA,0,-1,"freefall",43,103
172,173,"acc_range",0.45082817448310825,1,NA,43,104
0,0,NA,0,-1,"freefall",43,105
0,0,NA,0,-1,"flight",43,106
0,0,NA,0,-1,"plane",43,107
174,175,"heading_range",614949.5,1,NA,43,108
176,177,"speed_v_sum",206946.5,1,NA,43,109
0,0,NA,0,-1,"canopy",43,110
178,179,"heading_range",117713,1,NA,43,111
180,181,"heading_range",435265.5,1,NA,43,112
182,183,"speed_v_range",3007.5,1,NA,43,113
0,0,NA,0,-1,"maneuver",43,114
0,0,NA,0,-1,"canopy",43,115
184,185,"acc_range",0.9004347755255113,1,NA,43,116
186,187,"speed_h_range",886.5,1,NA,43,117
188,189,"acc_sum",17.8023604960538,1,NA,43,118
190,191,"heading_range",624986,1,NA,43,119
0,0,NA,0,-1,"freefall",43,120
192,193,"acc_sum",8.996133343666516,1,NA,43,121
194,195,"acc_range",0.6411736499366738,1,NA,43,122
0,0,NA,0,-1,"recovery_arc",43,123
0,0,NA,0,-1,"freefall",43,124
196,197,"speed_h_range",882.5,1,NA,43,125
198,199,"heading_range",253879.5,1,NA,43,126
0,0,NA,0,-1,"freefall",43,127
0,0,NA,0,-1,"freefall",43,128
0,0,NA,0,-1,"plane",43,129
0,0,NA,0,-1,"freefall",43,130
0,0,NA,0,-1,"maneuver",43,131
0,0,NA,0,-1,"recovery_arc",43,132
0,0,NA,0,-1,"freefall",43,133
0,0,NA,0,-1,"canopy",43,134
0,0,NA,0,-1,"landing",43,135
0,0,NA,0,-1,"landing",43,136
0,0,NA,0,-1,"maneuver",43,137
0,0,NA,0,-1,"maneuver",43,138
0,0,NA,0,-1,"maneuver",43,139
0,0,NA,0,-1,"canopy",43,140
0,0,NA,0,-1,"landing",43,141
0,0,NA,0,-1,"flight",43,142
0,0,NA,0,-1,"recovery_arc",43,143
0,0,NA,0,-1,"recovery_arc",43,144
0,0,NA,0,-1,"freefall",43,145
0,0,NA,0,-1,"recovery_arc",43,146
0,0,NA,0,-1,"opening",43,147
0,0,NA,0,-1,"plane",43,148
0,0,NA,0,-1,"canopy",43,149
0,0,NA,0,-1,"canopy",43,150
0,0,NA,0,-1,"freefall",43,151
0,0,NA,0,-1,"plane",43,152
0,0,NA,0,-1,"plane",43,153
0,0,NA,0,-1,"plane",43,154
0,0,NA,0,-1,"plane",43,155
0,0,NA,0,-1,"canopy",43,156
0,0,NA,0,-1,"opening",43,157
0,0,NA,0,-1,"canopy",43,158
0,0,NA,0,-1,"plane",43,159
0,0,NA,0,-1,"plane",43,160
0,0,NA,0,-1,"plane",43,161
0,0,NA,0,-1,"plane",43,162
0,0,NA,0,-1,"canopy",43,163
0,0,NA,0,-1,"freefall",43,164
0,0,NA,0,-1,"flight",43,165
0,0,NA,0,-1,"flight",43,166
0,0,NA,0,-1,"flight",43,167
0,0,NA,0,-1,"opening",43,168
0,0,NA,0,-1,"flight",43,169
0,0,NA,0,-1,"flight",43,170
0,0,NA,0,-1,"flight",43,171
0,0,NA,0,-1,"plane",43,172
0,0,NA,0,-1,"freefall",43,173
0,0,NA,0,-1,"flight",43,174
0,0,NA,0,-1,"freefall",43,175
0,0,NA,0,-1,"opening",43,176
0,0,NA,0,-1,"flight",43,177
0,0,NA,0,-1,"plane",43,178
0,0,NA,0,-1,"maneuver",43,179
0,0,NA,0,-1,"canopy",43,180
0,0,NA,0,-1,"landing",43,181
0,0,NA,0,-1,"canopy",43,182
0,0,NA,0,-1,"maneuver",43,183
0,0,NA,0,-1,"landing",43,184
0,0,NA,0,-1,"landing",43,185
0,0,NA,0,-1,"canopy",43,186
0,0,NA,0,-1,"canopy",43,187
0,0,NA,0,-1,"canopy",43,188
0,0,NA,0,-1,"landing",43,189
0,0,NA,0,-1,"freefall",43,190
0,0,NA,0,-1,"recovery_arc",43,191
0,0,NA,0,-1,"flight",43,192
0,0,NA,0,-1,"flight",43,193
0,0,NA,0,-1,"freefall",43,194
0,0,NA,0,-1,"opening",43,195
0,0,NA,0,-1,"opening",43,196
0,0,NA,0,-1,"freefall",43,197
0,0,NA,0,-1,"recovery_arc",43,198
0,0,NA,0,-1,"canopy",43,199
2,3,"acc_range",0.13663895948743038,1,NA,44,1
4,5,"speed_h_range",273.5,1,NA,44,2
6,7,"speed_v_range",415.5,1,NA,44,3
8,9,"speed_v_range",269.5,1,NA,44,4
10,11,"heading_range",428258.5,1,NA,44,5
12,13,"speed_v_sum",21041,1,NA,44,6
14,15,"speed_h_sum",401398,1,NA,44,7
16,17,"acc_range",0.08409253532514749,1,NA,44,8
18,19,"speed_v_sum",39873,1,NA,44,9
20,21,"speed_h_sum",271022.5,1,NA,44,10
22,23,"acc_range",0.07669058586861355,1,NA,44,11
24,25,"speed_h_sum",252811,1,NA,44,12
26,27,"acc_sum",11.374581982728142,1,NA,44,13
28,29,"speed_v_sum",201556,1,NA,44,14
30,31,"speed_h_sum",449287.5,1,NA,44,15
32,33,"speed_h_sum",265577,1,NA,44,16
34,35,"acc_range",0.10176616633322982,1,NA,44,17
36,37,"speed_h_sum",223503.5,1,NA,44,18
38,39,"speed_h_sum",331825,1,NA,44,19
40,41,"acc_sum",8.711389279659743,1,NA,44,20
42,43,"acc_range",0.136580779407454,1,NA,44,21
44,45,"speed_v_sum",45376,1,NA,44,22
46,47,"heading_range",35927437.5,1,NA,44,23
48,49,"acc_sum",6.75862124594265,1,NA,44,24
50,51,"acc_range",0.39308325600907906,1,NA,44,25
52,53,"speed_h_sum",281582,1,NA,44,26
54,55,"speed_v_sum",219390,1,NA,44,27
56,57,"speed_h_sum",293288.5,1,NA,44,28
58,59,"heading_range",1067518,1,NA,44,29
60,61,"speed_h_range",605,1,NA,44,30
62,63,"speed_v_sum",187924.5,1,NA,44,31
64,65,"acc_range",0.018765144841082604,1,NA,44,32
66,67,"heading_range",416320.5,1,NA,44,33
68,69,"heading_range",51986.5,1,NA,44,34
70,71,"speed_v_sum",26774,1,NA,44,35
0,0,NA,0,-1,"canopy",44,36
0,0,NA,0,-1,"plane",44,37
72,73,"acc_sum",11.656933033413575,1,NA,44,38
74,75,"acc_sum",9.799041937349337,1,NA,44,39
76,77,"speed_v_sum",169402,1,NA,44,40
78,79,"heading_range",29137.5,1,NA,44,41
80,81,"speed_v_range",5740.5,1,NA,44,42
82,83,"acc_range",0.13658802515847718,1,NA,44,43
84,85,"speed_v_sum",23476,1,NA,44,44
86,87,"speed_v_range",1416,1,NA,44,45
88,89,"speed_h_sum",280266.5,1,NA,44,46
90,91,"speed_h_range",289,1,NA,44,47
0,0,NA,0,-1,"plane",44,48
92,93,"speed_v_sum",5180.5,1,NA,44,49
94,95,"speed_v_range",368.5,1,NA,44,50
96,97,"acc_sum",11.384430828054704,1,NA,44,51
98,99,"speed_h_sum",203299.5,1,NA,44,52
100,101,"speed_h_sum",465451,1,NA,44,53
102,103,"heading_range",589104,1,NA,44,54
0,0,NA,0,-1,"flight",44,55
104,105,"speed_v_range",1386.5,1,NA,44,56
106,107,"speed_h_range",1187,1,NA,44,57
108,109,"speed_h_range",1456.5,1,NA,44,58
110,111,"speed_v_sum",362153,1,NA,44,59
112,113,"heading_range",177584,1,NA,44,60
114,115,"heading_range",251105.5,1,NA,44,61
116,117,"acc_range",0.6482835655677237,1,NA,44,62
118,119,"acc_sum",12.072896551730313,1,NA,44,63
0,0,NA,0,-1,"plane",44,64
120,121,"speed_h_range",149,1,NA,44,65
0,0,NA,0,-1,"plane",44,66
0,0,NA,0,-1,"flight",44,67
122,123,"speed_v_range",261.5,1,NA,44,68
124,125,"speed_v_sum",28153,1,NA,44,69
0,0,NA,0,-1,"plane",44,70
126,127,"speed_h_sum",203531,1,NA,44,71
128,129,"speed_h_sum",149379,1,NA,44,72
130,131,"speed_v_sum",141252.5,1,NA,44,73
132,133,"speed_v_range",570.5,1,NA,44,74
0,0,NA,0,-1,"plane",44,75
134,135,"acc_range",0.12050296774210739,1,NA,44,76
0,0,NA,0,-1,"freefall",44,77
136,137,"acc_sum",10.372862632444868,1,NA,44,78
138,139,"speed_h_sum",233568,1,NA,44,79
140,141,"speed_v_sum",143936,1,NA,44,80
142,143,"speed_h_sum",349912,1,NA,44,81
0,0,NA,0,-1,"flight",44,82
0,0,NA,0,-1,"plane",44,83
0,0,NA,0,-1,"plane",44,84
144,145,"speed_v_sum",23636.5,1,NA,44,85
146,147,"heading_range",438141.5,1,NA,44,86
148,149,"speed_h_sum",294042,1,NA,44,87
150,151,"acc_sum",5.079789559929172,1,NA,44,88
152,153,"speed_v_range",366,1,NA,44,89
0,0,NA,0,-1,"canopy",44,90
154,155,"speed_h_sum",367449,1,NA,44,91
0,0,NA,0,-1,"landing",44,92
0,0,NA,0,-1,"canopy",44,93
0,0,NA,0,-1,"plane",44,94
156,157,"speed_h_sum",491112.5,1,NA,44,95
0,0,NA,0,-1,"plane",44,96
0,0,NA,0,-1,"freefall",44,97
158,159,"acc_range",0.27315252920800803,1,NA,44,98
160,161,"acc_range",0.3930615362165721,1,NA,44,99
162,163,"speed_h_sum",372347,1,NA,44,100
0,0,NA,0,-1,"plane",44,101
164,165,"speed_v_sum",138504,1,NA,44,102
166,167,"speed_h_sum",125096,1,NA,44,103
168,169,"speed_v_sum",14450,1,NA,44,104
170,171,"speed_h_sum",38030,1,NA,44,105
172,173,"acc_sum",8.923329275814233,1,NA,44,106
174,175,"speed_v_sum",62144,1,NA,44,107
176,177,"speed_v_range",3676.5,1,NA,44,108
178,179,"speed_v_range",1803.5,1,NA,44,109
180,181,"acc_sum",12.560459741543962,1,NA,44,110
182,183,"speed_v_sum",385790,1,NA,44,111
184,185,"acc_sum",11.076134102410162,1,NA,44,112
186,187,"speed_h_sum",413228,1,NA,44,113
188,189,"acc_range",0.37106096362098706,1,NA,44,114
190,191,"speed_v_sum",174158.5,1,NA,44,115
192,193,"speed_h_range",550.5,1,NA,44,116
194,195,"heading_range",424971.5,1,NA,44,117
0,0,NA,0,-1,"flight",44,118
196,197,"acc_sum",13.521870513078662,1,NA,44,119
198,199,"speed_v_sum",58332.5,1,NA,44,120
0,0,NA,0,-1,"canopy",44,121
0,0,NA,0,-1,"plane",44,122
0,0,NA,0,-1,"canopy",44,123
0,0,NA,0,-1,"plane",44,124
0,0,NA,0,-1,"canopy",44,125
0,0,NA,0,-1,"canopy",44,126
0,0,NA,0,-1,"canopy",44,127
0,0,NA,0,-1,"canopy",44,128
0,0,NA,0,-1,"canopy",44,129
0,0,NA,0,-1,"canopy",44,130
0,0,NA,0,-1,"maneuver",44,131
0,0,NA,0,-1,"flight",44,132
0,0,NA,0,-1,"plane",44,133
0,0,NA,0,-1,"maneuver",44,134
0,0,NA,0,-1,"canopy",44,135
0,0,NA,0,-1,"opening",44,136
0,0,NA,0,-1,"maneuver",44,137
0,0,NA,0,-1,"canopy",44,138
0,0,NA,0,-1,"canopy",44,139
0,0,NA,0,-1,"plane",44,140
0,0,NA,0,-1,"flight",44,141
0,0,NA,0,-1,"freefall",44,142
0,0,NA,0,-1,"plane",44,143
0,0,NA,0,-1,"canopy",44,144
0,0,NA,0,-1,"plane",44,145
0,0,NA,0,-1,"plane",44,146
0,0,NA,0,-1,"canopy",44,147
0,0,NA,0,-1,"canopy",44,148
0,0,NA,0,-1,"plane",44,149
0,0,NA,0,-1,"maneuver",44,150
0,0,NA,0,-1,"canopy",44,151
0,0,NA,0,-1,"flight",44,152
0,0,NA,0,-1,"plane",44,153
0,0,NA,0,-1,"maneuver",44,154
0,0,NA,0,-1,"plane",44,155
0,0,NA,0,-1,"plane",44,156
0,0,NA,0,-1,"plane",44,157
0,0,NA,0,-1,"canopy",44,158
0,0,NA,0,-1,"canopy",44,159
0,0,NA,0,-1,"canopy",44,160
0,0,NA,0,-1,"flight",44,161
0,0,NA,0,-1,"flight",44,162
0,0,NA,0,-1,"flight",44,163
0,0,NA,0,-1,"canopy",44,164
0,0,NA,0,-1,"freefall",44,165
0,0,NA,0,-1,"canopy",44,166
0,0,NA,0,-1,"canopy",44,167
0,0,NA,0,-1,"landing",44,168
0,0,NA,0,-1,"canopy",44,169
0,0,NA,0,-1,"landing",44,170
0,0,NA,0,-1,"canopy",44,171
0,0,NA,0,-1,"freefall",44,172
0,0,NA,0,-1,"plane",44,173
0,0,NA,0,-1,"plane",44,174
0,0,NA,0,-1,"flight",44,175
0,0,NA,0,-1,"flight",44,176
0,0,NA,0,-1,"opening",44,177
0,0,NA,0,-1,"flight",44,178
0,0,NA,0,-1,"freefall",44,179
0,0,NA,0,-1,"flight",44,180
0,0,NA,0,-1,"recovery_arc",44,181
0,0,NA,0,-1,"freefall",44,182
0,0,NA,0,-1,"freefall",44,183
0,0,NA,0,-1,"plane",44,184
0,0,NA,0,-1,"flight",44,185
0,0,NA,0,-1,"flight",44,186
0,0,NA,0,-1,"flight",44,187
0,0,NA,0,-1,"plane",44,188
0,0,NA,0,-1,"plane",44,189
0,0,NA,0,-1,"plane",44,190
0,0,NA,0,-1,"flight",44,191
0,0,NA,0,-1,"plane",44,192
0,0,NA,0,-1,"plane",44,193
0,0,NA,0,-1,"plane",44,194
0,0,NA,0,-1,"freefall",44,195
0,0,NA,0,-1,"opening",44,196
0,0,NA,0,-1,"opening",44,197
0,0,NA,0,-1,"maneuver",44,198
0,0,NA,0,-1,"canopy",44,199
2,3,"speed_h_sum",275981.5,1,NA,45,1
4,5,"speed_v_sum",201232,1,NA,45,2
6,7,"speed_v_sum",135437.5,1,NA,45,3
8,9,"speed_v_sum",15855.5,1,NA,45,4
10,11,"speed_v_range",1611,1,NA,45,5
12,13,"acc_range",0.5823458541623795,1,NA,45,6
14,15,"speed_v_sum",218361.5,1,NA,45,7
16,17,"speed_h_sum",84454.5,1,NA,45,8
18,19,"speed_v_sum",121567.5,1,NA,45,9
20,21,"speed_v_sum",253998.5,1,NA,45,10
22,23,"speed_v_range",3905.5,1,NA,45,11
24,25,"speed_v_range",3614,1,NA,45,12
26,27,"speed_h_range",3575,1,NA,45,13
28,29,"speed_v_range",3133,1,NA,45,14
30,31,"speed_v_range",2843,1,NA,45,15
32,33,"acc_sum",4.607287205996414,1,NA,45,16
34,35,"speed_v_sum",-14833.5,1,NA,45,17
36,37,"speed_v_range",1732,1,NA,45,18
38,39,"acc_range",0.22740921381398727,1,NA,45,19
40,41,"heading_range",866507,1,NA,45,20
42,43,"speed_h_sum",163492.5,1,NA,45,21
44,45,"heading_range",1259412,1,NA,45,22
46,47,"acc_sum",21.92003218859677,1,NA,45,23
48,49,"acc_range",0.3481522766271704,1,NA,45,24
50,51,"acc_sum",8.988305787448326,1,NA,45,25
52,53,"speed_h_sum",339131,1,NA,45,26
54,55,"speed_v_range",6581.5,1,NA,45,27
56,57,"acc_sum",13.06160145850622,1,NA,45,28
58,59,"acc_sum",13.03088010832808,1,NA,45,29
60,61,"speed_h_sum",343863.5,1,NA,45,30
62,63,"acc_sum",16.221280205040586,1,NA,45,31
0,0,NA,0,-1,"plane",45,32
0,0,NA,0,-1,"landing",45,33
64,65,"acc_range",0.35453073739601926,1,NA,45,34
66,67,"speed_v_sum",6832,1,NA,45,35
68,69,"acc_range",0.5915661199267813,1,NA,45,36
70,71,"acc_sum",6.191856637928607,1,NA,45,37
72,73,"speed_v_sum",182023,1,NA,45,38
74,75,"speed_v_range",4692.5,1,NA,45,39
0,0,NA,0,-1,"freefall",45,40
76,77,"speed_v_sum",205923,1,NA,45,41
78,79,"heading_range",2809979,1,NA,45,42
0,0,NA,0,-1,"flight",45,43
80,81,"heading_range",386224.5,1,NA,45,44
82,83,"speed_h_range",1073.5,1,NA,45,45
84,85,"heading_range",1054082,1,NA,45,46
86,87,"heading_range",3710520.5,1,NA,45,47
88,89,"speed_v_sum",87250,1,NA,45,48
90,91,"speed_h_sum",293534,1,NA,45,49
92,93,"speed_v_sum",92835,1,NA,45,50
94,95,"acc_range",0.35633452766457613,1,NA,45,51
96,97,"speed_h_sum",326795.5,1,NA,45,52
98,99,"heading_range",397309,1,NA,45,53
0,0,NA,0,-1,"freefall",45,54
100,101,"acc_range",0.7779924345231387,1,NA,45,55
102,103,"acc_range",0.4774760422456184,1,NA,45,56
104,105,"speed_h_sum",374281,1,NA,45,57
106,107,"speed_v_range",8027.5,1,NA,45,58
108,109,"acc_sum",15.351545502466934,1,NA,45,59
110,111,"speed_v_sum",237980.5,1,NA,45,60
112,113,"speed_v_range",106.5,1,NA,45,61
114,115,"acc_range",0.7471832216722717,1,NA,45,62
116,117,"speed_h_sum",440901.5,1,NA,45,63
0,0,NA,0,-1,"plane",45,64
0,0,NA,0,-1,"maneuver",45,65
118,119,"speed_v_range",2412.5,1,NA,45,66
120,121,"speed_v_range",874,1,NA,45,67
122,123,"speed_h_range",932.5,1,NA,45,68
124,125,"acc_range",1.11906762385856,1,NA,45,69
126,127,"speed_h_sum",101461,1,NA,45,70
128,129,"acc_range",0.18950212644537917,1,NA,45,71
130,131,"acc_sum",9.265501941278199,1,NA,45,72
132,133,"heading_range",640111,1,NA,45,73
134,135,"speed_v_sum",140687.5,1,NA,45,74
136,137,"speed_h_range",2233.5,1,NA,45,75
138,139,"heading_range",1847126,1,NA,45,76
0,0,NA,0,-1,"recovery_arc",45,77
0,0,NA,0,-1,"freefall",45,78
0,0,NA,0,-1,"recovery_arc",45,79
140,141,"speed_v_sum",226507.5,1,NA,45,80
142,143,"speed_h_sum",182693,1,NA,45,81
144,145,"speed_h_sum",126774.5,1,NA,45,82
146,147,"speed_v_range",3781.5,1,NA,45,83
148,149,"acc_sum",19.195254139770213,1,NA,45,84
150,151,"speed_v_range",4029.5,1,NA,45,85
152,153,"acc_range",0.8356625217820337,1,NA,45,86
0,0,NA,0,-1,"recovery_arc",45,87
154,155,"acc_sum",11.979297367334112,1,NA,45,88
156,157,"speed_v_range",596,1,NA,45,89
158,159,"acc_range",0.5021956787653787,1,NA,45,90
160,161,"speed_v_sum",86672,1,NA,45,91
162,163,"speed_h_sum",388585,1,NA,45,92
164,165,"heading_range",38313.5,1,NA,45,93
0,0,NA,0,-1,"plane",45,94
166,167,"speed_v_sum",35450.5,1,NA,45,95
168,169,"acc_sum",12.887344685493506,1,NA,45,96
0,0,NA,0,-1,"canopy",45,97
170,171,"heading_range",192619.5,1,NA,45,98
172,173,"acc_range",0.6984960599200889,1,NA,45,99
0,0,NA,0,-1,"freefall",45,100
0,0,NA,0,-1,"plane",45,101
174,175,"acc_range",0.1590557509759873,1,NA,45,102
176,177,"speed_h_range",509,1,NA,45,103
178,179,"speed_h_sum",318970,1,NA,45,104
180,181,"speed_h_range",1017.5,1,NA,45,105
182,183,"speed_h_range",2355,1,NA,45,106
0,0,NA,0,-1,"plane",45,107
0,0,NA,0,-1,"flight",45,108
0,0,NA,0,-1,"opening",45,109
184,185,"speed_v_range",1134.5,1,NA,45,110
186,187,"speed_v_range",744.5,1,NA,45,111
0,0,NA,0,-1,"plane",45,112
188,189,"speed_h_sum",454350.5,1,NA,45,113
190,191,"acc_range",0.41072230925859443,1,NA,45,114
192,193,"speed_h_sum",308220,1,NA,45,115
0,0,NA,0,-1,"flight",45,116
0,0,NA,0,-1,"opening",45,117
194,195,"acc_sum",8.082511602283322,1,NA,45,118
196,197,"speed_v_sum",6719.5,1,NA,45,119
198,199,"speed_h_range",1013,1,NA,45,120
0,0,NA,0,-1,"landing",45,121
0,0,NA,0,-1,"canopy",45,122
0,0,NA,0,-1,"canopy",45,123
0,0,NA,0,-1,"canopy",45,124
0,0,NA,0,-1,"canopy",45,125
0,0,NA,0,-1,"maneuver",45,126
0,0,NA,0,-1,"maneuver",45,127
0,0,NA,0,-1,"canopy",45,128
0,0,NA,0,-1,"landing",45,129
0,0,NA,0,-1,"canopy",45,130
0,0,NA,0,-1,"canopy",45,131
0,0,NA,0,-1,"freefall",45,132
0,0,NA,0,-1,"canopy",45,133
0,0,NA,0,-1,"canopy",45,134
0,0,NA,0,-1,"canopy",45,135
0,0,NA,0,-1,"landing",45,136
0,0,NA,0,-1,"landing",45,137
0,0,NA,0,-1,"recovery_arc",45,138
0,0,NA,0,-1,"canopy",45,139
0,0,NA,0,-1,"freefall",45,140
0,0,NA,0,-1,"freefall",45,141
0,0,NA,0,-1,"freefall",45,142
0,0,NA,0,-1,"flight",45,143
0,0,NA,0,-1,"opening",45,144
0,0,NA,0,-1,"recovery_arc",45,145
0,0,NA,0,-1,"recovery_arc",45,146
0,0,NA,0,-1,"freefall",45,147
0,0,NA,0,-1,"recovery_arc",45,148
0,0,NA,0,-1,"opening",45,149
0,0,NA,0,-1,"recovery_arc",45,150
0,0,NA,0,-1,"recovery_arc",45,151
0,0,NA,0,-1,"landing",45,152
0,0,NA,0,-1,"opening",45,153
0,0,NA,0,-1,"plane",45,154
0,0,NA,0,-1,"plane",45,155
0,0,NA,0,-1,"canopy",45,156
0,0,NA,0,-1,"plane",45,157
0,0,NA,0,-1,"canopy",45,158
0,0,NA,0,-1,"plane",45,159
0,0,NA,0,-1,"plane",45,160
0,0,NA,0,-1,"canopy",45,161
0,0,NA,0,-1,"plane",45,162
0,0,NA,0,-1,"plane",45,163
0,0,NA,0,-1,"plane",45,164
0,0,NA,0,-1,"freefall",45,165
0,0,NA,0,-1,"plane",45,166
0,0,NA,0,-1,"freefall",45,167
0,0,NA,0,-1,"plane",45,168
0,0,NA,0,-1,"canopy",45,169
0,0,NA,0,-1,"plane",45,170
0,0,NA,0,-1,"plane",45,171
0,0,NA,0,-1,"plane",45,172
0,0,NA,0,-1,"freefall",45,173
0,0,NA,0,-1,"flight",45,174
0,0,NA,0,-1,"flight",45,175
0,0,NA,0,-1,"freefall",45,176
0,0,NA,0,-1,"flight",45,177
0,0,NA,0,-1,"flight",45,178
0,0,NA,0,-1,"opening",45,179
0,0,NA,0,-1,"flight",45,180
0,0,NA,0,-1,"opening",45,181
0,0,NA,0,-1,"freefall",45,182
0,0,NA,0,-1,"freefall",45,183
0,0,NA,0,-1,"freefall",45,184
0,0,NA,0,-1,"flight",45,185
0,0,NA,0,-1,"flight",45,186
0,0,NA,0,-1,"flight",45,187
0,0,NA,0,-1,"flight",45,188
0,0,NA,0,-1,"flight",45,189
0,0,NA,0,-1,"flight",45,190
0,0,NA,0,-1,"freefall",45,191
0,0,NA,0,-1,"flight",45,192
0,0,NA,0,-1,"flight",45,193
0,0,NA,0,-1,"maneuver",45,194
0,0,NA,0,-1,"landing",45,195
0,0,NA,0,-1,"maneuver",45,196
0,0,NA,0,-1,"landing",45,197
0,0,NA,0,-1,"canopy",45,198
0,0,NA,0,-1,"landing",45,199
2,3,"speed_h_sum",276238.5,1,NA,46,1
4,5,"speed_v_sum",206213,1,NA,46,2
6,7,"acc_range",0.3295613544422515,1,NA,46,3
8,9,"speed_v_sum",10673,1,NA,46,4
10,11,"heading_range",1186996,1,NA,46,5
12,13,"speed_v_sum",136333.5,1,NA,46,6
14,15,"acc_sum",11.645045330611461,1,NA,46,7
16,17,"speed_v_sum",-13060.5,1,NA,46,8
18,19,"speed_v_range",1795.5,1,NA,46,9
20,21,"speed_h_range",1449,1,NA,46,10
22,23,"speed_v_sum",360137,1,NA,46,11
24,25,"speed_v_sum",87274.5,1,NA,46,12
26,27,"speed_v_range",3166.5,1,NA,46,13
28,29,"speed_v_sum",135276.5,1,NA,46,14
30,31,"acc_sum",13.73984140981144,1,NA,46,15
32,33,"speed_h_sum",136285.5,1,NA,46,16
34,35,"acc_sum",7.997058273122518,1,NA,46,17
36,37,"speed_h_sum",202800.5,1,NA,46,18
38,39,"speed_v_range",2954.5,1,NA,46,19
40,41,"speed_v_sum",251380.5,1,NA,46,20
42,43,"speed_v_range",3990,1,NA,46,21
44,45,"acc_sum",25.651568444182665,1,NA,46,22
46,47,"speed_h_range",715.5,1,NA,46,23
48,49,"acc_range",0.16880623019265428,1,NA,46,24
50,51,"speed_h_sum",424562,1,NA,46,25
52,53,"heading_range",18531.5,1,NA,46,26
54,55,"speed_h_sum",390916.5,1,NA,46,27
56,57,"speed_h_sum",404415.5,1,NA,46,28
58,59,"speed_h_sum",370912,1,NA,46,29
60,61,"speed_v_sum",139069.5,1,NA,46,30
62,63,"speed_h_range",994.5,1,NA,46,31
64,65,"speed_v_sum",-15556,1,NA,46,32
0,0,NA,0,-1,"plane",46,33
66,67,"speed_v_range",1234.5,1,NA,46,34
68,69,"speed_v_range",483.5,1,NA,46,35
70,71,"speed_h_range",938.5,1,NA,46,36
72,73,"heading_range",1078539,1,NA,46,37
74,75,"acc_range",0.38532773092676875,1,NA,46,38
76,77,"speed_h_range",2160.5,1,NA,46,39
78,79,"speed_v_range",2586.5,1,NA,46,40
80,81,"acc_range",0.8548076290064501,1,NA,46,41
82,83,"acc_sum",8.379411568374715,1,NA,46,42
84,85,"speed_h_sum",161396,1,NA,46,43
86,87,"acc_range",0.9930962151218624,1,NA,46,44
88,89,"speed_v_sum",297855.5,1,NA,46,45
0,0,NA,0,-1,"opening",46,46
90,91,"acc_range",1.0407234850448495,1,NA,46,47
92,93,"speed_h_sum",279552,1,NA,46,48
94,95,"heading_range",361633.5,1,NA,46,49
96,97,"speed_v_range",2794,1,NA,46,50
0,0,NA,0,-1,"plane",46,51
98,99,"speed_h_range",175.5,1,NA,46,52
100,101,"speed_h_sum",280899,1,NA,46,53
102,103,"speed_h_range",1270.5,1,NA,46,54
104,105,"acc_range",0.21172586982288144,1,NA,46,55
106,107,"acc_sum",8.951542950900144,1,NA,46,56
108,109,"speed_v_range",6961,1,NA,46,57
110,111,"speed_h_sum",359812,1,NA,46,58
112,113,"speed_v_sum",172050.5,1,NA,46,59
114,115,"speed_h_range",2714,1,NA,46,60
116,117,"speed_v_range",144,1,NA,46,61
118,119,"speed_v_sum",141055,1,NA,46,62
120,121,"speed_h_sum",440771.5,1,NA,46,63
122,123,"acc_sum",3.425012803971724,1,NA,46,64
124,125,"acc_range",0.7094287460196931,1,NA,46,65
0,0,NA,0,-1,"plane",46,66
126,127,"speed_h_sum",97355,1,NA,46,67
128,129,"speed_h_range",1018,1,NA,46,68
130,131,"speed_h_range",2858,1,NA,46,69
132,133,"acc_range",0.6135119095240977,1,NA,46,70
134,135,"speed_v_range",981.5,1,NA,46,71
136,137,"acc_sum",9.602885770908095,1,NA,46,72
138,139,"speed_h_range",1082,1,NA,46,73
140,141,"speed_h_range",489,1,NA,46,74
142,143,"speed_v_sum",38763.5,1,NA,46,75
144,145,"acc_range",0.2663866982693647,1,NA,46,76
146,147,"acc_sum",16.901082587802684,1,NA,46,77
0,0,NA,0,-1,"freefall",46,78
148,149,"speed_h_sum",85066,1,NA,46,79
150,151,"acc_sum",19.282859403826457,1,NA,46,80
152,153,"speed_v_sum",374749,1,NA,46,81
154,155,"acc_sum",8.211626615713605,1,NA,46,82
156,157,"speed_h_sum",193868,1,NA,46,83
158,159,"speed_v_range",4087,1,NA,46,84
160,161,"speed_h_range",4159.5,1,NA,46,85
162,163,"heading_range",1476805,1,NA,46,86
164,165,"acc_range",1.1487635256351991,1,NA,46,87
166,167,"heading_range",1711321,1,NA,46,88
168,169,"speed_v_range",5110.5,1,NA,46,89
0,0,NA,0,-1,"recovery_arc",46,90
170,171,"speed_v_range",3471,1,NA,46,91
172,173,"speed_v_sum",4293.5,1,NA,46,92
174,175,"heading_range",71668.5,1,NA,46,93
176,177,"speed_h_sum",284326,1,NA,46,94
178,179,"speed_h_sum",292996.5,1,NA,46,95
180,181,"acc_sum",12.724128655233763,1,NA,46,96
182,183,"speed_h_range",2971,1,NA,46,97
0,0,NA,0,-1,"plane",46,98
0,0,NA,0,-1,"flight",46,99
184,185,"acc_sum",9.641149642204354,1,NA,46,100
186,187,"speed_v_sum",344449.5,1,NA,46,101
188,189,"heading_range",225926.5,1,NA,46,102
190,191,"speed_h_range",2213.5,1,NA,46,103
0,0,NA,0,-1,"plane",46,104
192,193,"heading_range",218956.5,1,NA,46,105
194,195,"speed_h_sum",355782.5,1,NA,46,106
196,197,"speed_v_sum",52434,1,NA,46,107
198,199,"speed_h_range",4005.5,1,NA,46,108
0,0,NA,0,-1,"freefall",46,109
0,0,NA,0,-1,"flight",46,110
0,0,NA,0,-1,"flight",46,111
0,0,NA,0,-1,"freefall",46,112
0,0,NA,0,-1,"flight",46,113
0,0,NA,0,-1,"plane",46,114
0,0,NA,0,-1,"freefall",46,115
0,0,NA,0,-1,"freefall",46,116
0,0,NA,0,-1,"flight",46,117
0,0,NA,0,-1,"canopy",46,118
0,0,NA,0,-1,"flight",46,119
0,0,NA,0,-1,"flight",46,120
0,0,NA,0,-1,"plane",46,121
0,0,NA,0,-1,"plane",46,122
0,0,NA,0,-1,"maneuver",46,123
0,0,NA,0,-1,"plane",46,124
0,0,NA,0,-1,"canopy",46,125
0,0,NA,0,-1,"canopy",46,126
0,0,NA,0,-1,"maneuver",46,127
0,0,NA,0,-1,"canopy",46,128
0,0,NA,0,-1,"landing",46,129
0,0,NA,0,-1,"landing",46,130
0,0,NA,0,-1,"landing",46,131
0,0,NA,0,-1,"canopy",46,132
0,0,NA,0,-1,"canopy",46,133
0,0,NA,0,-1,"canopy",46,134
0,0,NA,0,-1,"canopy",46,135
0,0,NA,0,-1,"canopy",46,136
0,0,NA,0,-1,"canopy",46,137
0,0,NA,0,-1,"maneuver",46,138
0,0,NA,0,-1,"recovery_arc",46,139
0,0,NA,0,-1,"canopy",46,140
0,0,NA,0,-1,"canopy",46,141
0,0,NA,0,-1,"landing",46,142
0,0,NA,0,-1,"canopy",46,143
0,0,NA,0,-1,"maneuver",46,144
0,0,NA,0,-1,"landing",46,145
0,0,NA,0,-1,"landing",46,146
0,0,NA,0,-1,"opening",46,147
0,0,NA,0,-1,"opening",46,148
0,0,NA,0,-1,"freefall",46,149
0,0,NA,0,-1,"flight",46,150
0,0,NA,0,-1,"freefall",46,151
0,0,NA,0,-1,"opening",46,152
0,0,NA,0,-1,"freefall",46,153
0,0,NA,0,-1,"freefall",46,154
0,0,NA,0,-1,"freefall",46,155
0,0,NA,0,-1,"freefall",46,156
0,0,NA,0,-1,"flight",46,157
0,0,NA,0,-1,"freefall",46,158
0,0,NA,0,-1,"opening",46,159
0,0,NA,0,-1,"flight",46,160
0,0,NA,0,-1,"recovery_arc",46,161
0,0,NA,0,-1,"recovery_arc",46,162
0,0,NA,0,-1,"recovery_arc",46,163
0,0,NA,0,-1,"opening",46,164
0,0,NA,0,-1,"recovery_arc",46,165
0,0,NA,0,-1,"opening",46,166
0,0,NA,0,-1,"canopy",46,167
0,0,NA,0,-1,"freefall",46,168
0,0,NA,0,-1,"opening",46,169
0,0,NA,0,-1,"freefall",46,170
0,0,NA,0,-1,"freefall",46,171
0,0,NA,0,-1,"plane",46,172
0,0,NA,0,-1,"canopy",46,173
0,0,NA,0,-1,"plane",46,174
0,0,NA,0,-1,"plane",46,175
0,0,NA,0,-1,"canopy",46,176
0,0,NA,0,-1,"plane",46,177
0,0,NA,0,-1,"canopy",46,178
0,0,NA,0,-1,"plane",46,179
0,0,NA,0,-1,"canopy",46,180
0,0,NA,0,-1,"maneuver",46,181
0,0,NA,0,-1,"plane",46,182
0,0,NA,0,-1,"freefall",46,183
0,0,NA,0,-1,"freefall",46,184
0,0,NA,0,-1,"flight",46,185
0,0,NA,0,-1,"flight",46,186
0,0,NA,0,-1,"freefall",46,187
0,0,NA,0,-1,"flight",46,188
0,0,NA,0,-1,"freefall",46,189
0,0,NA,0,-1,"freefall",46,190
0,0,NA,0,-1,"freefall",46,191
0,0,NA,0,-1,"flight",46,192
0,0,NA,0,-1,"opening",46,193
0,0,NA,0,-1,"plane",46,194
0,0,NA,0,-1,"freefall",46,195
0,0,NA,0,-1,"plane",46,196
0,0,NA,0,-1,"freefall",46,197
0,0,NA,0,-1,"plane",46,198
0,0,NA,0,-1,"freefall",46,199
2,3,"speed_v_sum",43989.5,1,NA,47,1
4,5,"speed_h_sum",272167.5,1,NA,47,2
6,7,"acc_range",0.30602288337465544,1,NA,47,3
8,9,"speed_v_range",763,1,NA,47,4
10,11,"acc_range",0.6482835655677237,1,NA,47,5
12,13,"speed_v_sum",173681,1,NA,47,6
14,15,"heading_range",485326.5,1,NA,47,7
16,17,"speed_v_sum",6331,1,NA,47,8
18,19,"speed_v_sum",24877.5,1,NA,47,9
20,21,"acc_range",0.5277175744531707,1,NA,47,10
22,23,"acc_range",0.6495599273296065,1,NA,47,11
24,25,"speed_h_sum",396990.5,1,NA,47,12
26,27,"speed_h_range",1606,1,NA,47,13
28,29,"acc_range",0.430543917444515,1,NA,47,14
30,31,"speed_v_range",1886.5,1,NA,47,15
32,33,"speed_v_range",344,1,NA,47,16
34,35,"speed_h_range",885.5,1,NA,47,17
36,37,"acc_range",1.0482514978528332,1,NA,47,18
38,39,"speed_v_sum",36732.5,1,NA,47,19
40,41,"speed_h_sum",499726,1,NA,47,20
42,43,"speed_h_sum",390154,1,NA,47,21
0,0,NA,0,-1,"freefall",47,22
44,45,"speed_v_range",7238.5,1,NA,47,23
46,47,"speed_h_range",937.5,1,NA,47,24
48,49,"acc_sum",11.821263629622205,1,NA,47,25
50,51,"acc_sum",8.736693269331454,1,NA,47,26
52,53,"speed_h_sum",318416,1,NA,47,27
54,55,"speed_h_sum",228216,1,NA,47,28
56,57,"heading_range",138022.5,1,NA,47,29
58,59,"heading_range",656102,1,NA,47,30
60,61,"speed_v_sum",205119,1,NA,47,31
0,0,NA,0,-1,"plane",47,32
62,63,"heading_range",155560.5,1,NA,47,33
64,65,"heading_range",76823.5,1,NA,47,34
66,67,"speed_v_sum",22334,1,NA,47,35
68,69,"speed_v_range",2542.5,1,NA,47,36
70,71,"speed_v_sum",-10540.5,1,NA,47,37
72,73,"speed_h_sum",143234,1,NA,47,38
74,75,"speed_v_range",2194.5,1,NA,47,39
76,77,"speed_v_range",773.5,1,NA,47,40
0,0,NA,0,-1,"plane",47,41
78,79,"speed_h_sum",386291.5,1,NA,47,42
80,81,"heading_range",58162,1,NA,47,43
82,83,"acc_sum",10.894075357870124,1,NA,47,44
0,0,NA,0,-1,"freefall",47,45
84,85,"acc_range",0.18011752370603468,1,NA,47,46
86,87,"speed_v_range",2872.5,1,NA,47,47
88,89,"heading_range",284193.5,1,NA,47,48
90,91,"speed_h_sum",458265.5,1,NA,47,49
92,93,"speed_h_sum",282003.5,1,NA,47,50
94,95,"speed_h_range",114,1,NA,47,51
96,97,"speed_h_range",3548,1,NA,47,52
98,99,"speed_v_range",7616,1,NA,47,53
100,101,"speed_v_range",1130.5,1,NA,47,54
102,103,"speed_v_range",2737.5,1,NA,47,55
104,105,"speed_h_range",1789.5,1,NA,47,56
106,107,"speed_v_sum",178308,1,NA,47,57
108,109,"speed_v_sum",199900,1,NA,47,58
110,111,"speed_h_sum",194511.5,1,NA,47,59
112,113,"speed_h_sum",257211.5,1,NA,47,60
114,115,"heading_range",1799947.5,1,NA,47,61
0,0,NA,0,-1,"plane",47,62
116,117,"speed_h_range",2497,1,NA,47,63
118,119,"speed_h_sum",233297,1,NA,47,64
120,121,"speed_h_sum",109627.5,1,NA,47,65
122,123,"speed_v_sum",21434,1,NA,47,66
124,125,"heading_range",81828.5,1,NA,47,67
126,127,"speed_h_sum",89603,1,NA,47,68
128,129,"acc_sum",7.81755863432178,1,NA,47,69
130,131,"speed_v_sum",-13300.5,1,NA,47,70
132,133,"heading_range",427628,1,NA,47,71
134,135,"acc_range",0.20943861709436645,1,NA,47,72
136,137,"speed_h_range",1336,1,NA,47,73
138,139,"speed_v_range",1152.5,1,NA,47,74
140,141,"acc_sum",10.141576736425428,1,NA,47,75
142,143,"acc_range",0.39408166224687224,1,NA,47,76
144,145,"speed_v_range",774.5,1,NA,47,77
0,0,NA,0,-1,"plane",47,78
0,0,NA,0,-1,"freefall",47,79
146,147,"speed_v_range",650,1,NA,47,80
148,149,"acc_range",0.5391098025370498,1,NA,47,81
150,151,"speed_h_range",4582.5,1,NA,47,82
152,153,"speed_v_range",4472,1,NA,47,83
154,155,"acc_sum",7.651858169747969,1,NA,47,84
156,157,"speed_v_range",768.5,1,NA,47,85
158,159,"heading_range",259658,1,NA,47,86
160,161,"speed_v_range",3932.5,1,NA,47,87
0,0,NA,0,-1,"plane",47,88
162,163,"speed_h_sum",404434,1,NA,47,89
164,165,"speed_v_range",3157.5,1,NA,47,90
0,0,NA,0,-1,"plane",47,91
166,167,"speed_v_range",1591,1,NA,47,92
168,169,"speed_v_range",1512.5,1,NA,47,93
170,171,"heading_range",101475.5,1,NA,47,94
172,173,"acc_sum",12.759497142927563,1,NA,47,95
174,175,"speed_v_sum",190124,1,NA,47,96
0,0,NA,0,-1,"recovery_arc",47,97
176,177,"speed_h_range",2531,1,NA,47,98
0,0,NA,0,-1,"plane",47,99
178,179,"speed_h_sum",193553,1,NA,47,100
180,181,"speed_v_range",2489.5,1,NA,47,101
182,183,"speed_h_range",823,1,NA,47,102
184,185,"acc_sum",12.161011195392145,1,NA,47,103
186,187,"speed_h_sum",204168.5,1,NA,47,104
188,189,"speed_h_range",2078,1,NA,47,105
190,191,"speed_v_range",1272,1,NA,47,106
192,193,"speed_h_range",1371.5,1,NA,47,107
194,195,"speed_v_sum",99855.5,1,NA,47,108
196,197,"acc_range",2.3165187496229076,1,NA,47,109
198,199,"acc_sum",21.048743575011038,1,NA,47,110
0,0,NA,0,-1,"flight",47,111
0,0,NA,0,-1,"landing",47,112
0,0,NA,0,-1,"plane",47,113
0,0,NA,0,-1,"freefall",47,114
0,0,NA,0,-1,"recovery_arc",47,115
0,0,NA,0,-1,"landing",47,116
0,0,NA,0,-1,"landing",47,117
0,0,NA,0,-1,"canopy",47,118
0,0,NA,0,-1,"maneuver",47,119
0,0,NA,0,-1,"landing",47,120
0,0,NA,0,-1,"canopy",47,121
0,0,NA,0,-1,"landing",47,122
0,0,NA,0,-1,"landing",47,123
0,0,NA,0,-1,"maneuver",47,124
0,0,NA,0,-1,"canopy",47,125
0,0,NA,0,-1,"landing",47,126
0,0,NA,0,-1,"landing",47,127
0,0,NA,0,-1,"maneuver",47,128
0,0,NA,0,-1,"landing",47,129
0,0,NA,0,-1,"canopy",47,130
0,0,NA,0,-1,"maneuver",47,131
0,0,NA,0,-1,"landing",47,132
0,0,NA,0,-1,"landing",47,133
0,0,NA,0,-1,"canopy",47,134
0,0,NA,0,-1,"landing",47,135
0,0,NA,0,-1,"canopy",47,136
0,0,NA,0,-1,"landing",47,137
0,0,NA,0,-1,"canopy",47,138
0,0,NA,0,-1,"canopy",47,139
0,0,NA,0,-1,"maneuver",47,140
0,0,NA,0,-1,"landing",47,141
0,0,NA,0,-1,"plane",47,142
0,0,NA,0,-1,"plane",47,143
0,0,NA,0,-1,"plane",47,144
0,0,NA,0,-1,"plane",47,145
0,0,NA,0,-1,"plane",47,146
0,0,NA,0,-1,"freefall",47,147
0,0,NA,0,-1,"plane",47,148
0,0,NA,0,-1,"plane",47,149
0,0,NA,0,-1,"plane",47,150
0,0,NA,0,-1,"freefall",47,151
0,0,NA,0,-1,"plane",47,152
0,0,NA,0,-1,"freefall",47,153
0,0,NA,0,-1,"canopy",47,154
0,0,NA,0,-1,"canopy",47,155
0,0,NA,0,-1,"canopy",47,156
0,0,NA,0,-1,"canopy",47,157
0,0,NA,0,-1,"canopy",47,158
0,0,NA,0,-1,"canopy",47,159
0,0,NA,0,-1,"landing",47,160
0,0,NA,0,-1,"freefall",47,161
0,0,NA,0,-1,"plane",47,162
0,0,NA,0,-1,"plane",47,163
0,0,NA,0,-1,"opening",47,164
0,0,NA,0,-1,"flight",47,165
0,0,NA,0,-1,"freefall",47,166
0,0,NA,0,-1,"freefall",47,167
0,0,NA,0,-1,"flight",47,168
0,0,NA,0,-1,"flight",47,169
0,0,NA,0,-1,"plane",47,170
0,0,NA,0,-1,"flight",47,171
0,0,NA,0,-1,"flight",47,172
0,0,NA,0,-1,"flight",47,173
0,0,NA,0,-1,"canopy",47,174
0,0,NA,0,-1,"freefall",47,175
0,0,NA,0,-1,"flight",47,176
0,0,NA,0,-1,"freefall",47,177
0,0,NA,0,-1,"canopy",47,178
0,0,NA,0,-1,"canopy",47,179
0,0,NA,0,-1,"canopy",47,180
0,0,NA,0,-1,"freefall",47,181
0,0,NA,0,-1,"flight",47,182
0,0,NA,0,-1,"flight",47,183
0,0,NA,0,-1,"freefall",47,184
0,0,NA,0,-1,"flight",47,185
0,0,NA,0,-1,"canopy",47,186
0,0,NA,0,-1,"flight",47,187
0,0,NA,0,-1,"flight",47,188
0,0,NA,0,-1,"plane",47,189
0,0,NA,0,-1,"canopy",47,190
0,0,NA,0,-1,"canopy",47,191
0,0,NA,0,-1,"flight",47,192
0,0,NA,0,-1,"freefall",47,193
0,0,NA,0,-1,"canopy",47,194
0,0,NA,0,-1,"maneuver",47,195
0,0,NA,0,-1,"flight",47,196
0,0,NA,0,-1,"freefall",47,197
0,0,NA,0,-1,"canopy",47,198
0,0,NA,0,-1,"recovery_arc",47,199
2,3,"heading_range",315358.5,1,NA,48,1
4,5,"speed_h_sum",275936.5,1,NA,48,2
6,7,"speed_h_sum",279560.5,1,NA,48,3
8,9,"acc_sum",8.699746253686902,1,NA,48,4
10,11,"acc_range",0.31424211741004326,1,NA,48,5
12,13,"speed_v_range",1360.5,1,NA,48,6
14,15,"speed_v_sum",187318,1,NA,48,7
16,17,"speed_v_sum",147079.5,1,NA,48,8
18,19,"speed_h_sum",204114,1,NA,48,9
20,21,"acc_range",0.24779130364090807,1,NA,48,10
22,23,"speed_v_range",687.5,1,NA,48,11
24,25,"speed_h_sum",20644,1,NA,48,12
26,27,"acc_sum",16.713084173586388,1,NA,48,13
28,29,"speed_h_range",3864.5,1,NA,48,14
30,31,"speed_v_range",4024.5,1,NA,48,15
32,33,"acc_sum",6.377176374981957,1,NA,48,16
34,35,"acc_sum",8.178078450979777,1,NA,48,17
36,37,"acc_sum",12.376892892275269,1,NA,48,18
38,39,"speed_v_range",3046,1,NA,48,19
40,41,"speed_v_sum",131804.5,1,NA,48,20
42,43,"speed_v_sum",132350.5,1,NA,48,21
44,45,"speed_v_sum",134660,1,NA,48,22
46,47,"speed_h_sum",449115,1,NA,48,23
48,49,"speed_v_range",491,1,NA,48,24
50,51,"speed_v_sum",253558.5,1,NA,48,25
52,53,"acc_range",0.6017902705725973,1,NA,48,26
54,55,"speed_v_sum",217931.5,1,NA,48,27
56,57,"acc_sum",15.46924697513072,1,NA,48,28
58,59,"acc_range",0.3520404141318214,1,NA,48,29
60,61,"speed_v_sum",342933.5,1,NA,48,30
62,63,"speed_h_sum",473020.5,1,NA,48,31
64,65,"acc_sum",3.97853102366972,1,NA,48,32
66,67,"speed_h_range",822,1,NA,48,33
0,0,NA,0,-1,"freefall",48,34
68,69,"speed_v_sum",255467,1,NA,48,35
70,71,"speed_v_sum",208868.5,1,NA,48,36
72,73,"speed_v_range",694,1,NA,48,37
74,75,"speed_v_range",454.5,1,NA,48,38
76,77,"heading_range",158502,1,NA,48,39
78,79,"speed_h_sum",279986,1,NA,48,40
80,81,"acc_sum",8.123221066729478,1,NA,48,41
82,83,"speed_h_sum",281702.5,1,NA,48,42
84,85,"speed_v_range",2995.5,1,NA,48,43
86,87,"heading_range",84865.5,1,NA,48,44
88,89,"acc_sum",7.483592629922681,1,NA,48,45
90,91,"speed_v_sum",87801,1,NA,48,46
92,93,"speed_v_sum",175590.5,1,NA,48,47
94,95,"heading_range",1585559.5,1,NA,48,48
96,97,"speed_v_range",655,1,NA,48,49
98,99,"acc_range",0.27650870567195596,1,NA,48,50
100,101,"acc_range",1.0508823722746399,1,NA,48,51
102,103,"speed_v_range",1942,1,NA,48,52
104,105,"acc_sum",8.538582190183526,1,NA,48,53
106,107,"speed_v_range",5370.5,1,NA,48,54
108,109,"speed_h_sum",145244,1,NA,48,55
110,111,"speed_h_sum",390899,1,NA,48,56
0,0,NA,0,-1,"canopy",48,57
112,113,"speed_v_sum",84111.5,1,NA,48,58
114,115,"speed_h_sum",352310,1,NA,48,59
116,117,"speed_v_sum",336890.5,1,NA,48,60
118,119,"speed_v_range",2938.5,1,NA,48,61
120,121,"acc_range",0.33893875736352713,1,NA,48,62
0,0,NA,0,-1,"plane",48,63
0,0,NA,0,-1,"plane",48,64
122,123,"speed_v_sum",103741.5,1,NA,48,65
124,125,"heading_range",176344,1,NA,48,66
126,127,"speed_v_sum",100904.5,1,NA,48,67
0,0,NA,0,-1,"freefall",48,68
128,129,"speed_h_range",1261,1,NA,48,69
130,131,"speed_v_sum",6819.5,1,NA,48,70
132,133,"speed_h_sum",175062,1,NA,48,71
134,135,"speed_v_range",195,1,NA,48,72
136,137,"speed_v_sum",28688,1,NA,48,73
138,139,"heading_range",142113,1,NA,48,74
140,141,"speed_h_sum",257456,1,NA,48,75
0,0,NA,0,-1,"landing",48,76
142,143,"acc_sum",23.626771503778862,1,NA,48,77
144,145,"speed_h_range",254.5,1,NA,48,78
146,147,"acc_sum",7.484425026091527,1,NA,48,79
148,149,"speed_h_range",2117,1,NA,48,80
150,151,"acc_range",0.08460124191912133,1,NA,48,81
152,153,"heading_range",76946.5,1,NA,48,82
154,155,"acc_sum",11.768075548629906,1,NA,48,83
156,157,"speed_h_sum",298319.5,1,NA,48,84
158,159,"acc_sum",8.808162814480875,1,NA,48,85
160,161,"acc_range",0.39590264857598667,1,NA,48,86
162,163,"speed_h_range",199.5,1,NA,48,87
0,0,NA,0,-1,"freefall",48,88
164,165,"speed_h_range",2669,1,NA,48,89
166,167,"acc_sum",8.758037583227607,1,NA,48,90
168,169,"speed_v_sum",205227,1,NA,48,91
170,171,"speed_h_sum",487927,1,NA,48,92
172,173,"acc_range",0.5047307518183843,1,NA,48,93
0,0,NA,0,-1,"canopy",48,94
174,175,"speed_v_sum",27476.5,1,NA,48,95
176,177,"acc_sum",9.887921285980305,1,NA,48,96
178,179,"heading_range",5692528,1,NA,48,97
180,181,"speed_h_sum",193481.5,1,NA,48,98
182,183,"speed_h_sum",192172.5,1,NA,48,99
184,185,"speed_h_sum",164731.5,1,NA,48,100
0,0,NA,0,-1,"freefall",48,101
186,187,"speed_v_sum",30481,1,NA,48,102
188,189,"speed_h_sum",192096,1,NA,48,103
190,191,"speed_h_range",2572.5,1,NA,48,104
192,193,"speed_v_sum",44339,1,NA,48,105
194,195,"speed_h_range",3437.5,1,NA,48,106
196,197,"acc_range",0.9668360887809606,1,NA,48,107
198,199,"speed_v_range",3372.5,1,NA,48,108
0,0,NA,0,-1,"recovery_arc",48,109
0,0,NA,0,-1,"plane",48,110
0,0,NA,0,-1,"plane",48,111
0,0,NA,0,-1,"plane",48,112
0,0,NA,0,-1,"freefall",48,113
0,0,NA,0,-1,"plane",48,114
0,0,NA,0,-1,"freefall",48,115
0,0,NA,0,-1,"flight",48,116
0,0,NA,0,-1,"flight",48,117
0,0,NA,0,-1,"freefall",48,118
0,0,NA,0,-1,"flight",48,119
0,0,NA,0,-1,"freefall",48,120
0,0,NA,0,-1,"freefall",48,121
0,0,NA,0,-1,"maneuver",48,122
0,0,NA,0,-1,"recovery_arc",48,123
0,0,NA,0,-1,"canopy",48,124
0,0,NA,0,-1,"canopy",48,125
0,0,NA,0,-1,"landing",48,126
0,0,NA,0,-1,"recovery_arc",48,127
0,0,NA,0,-1,"flight",48,128
0,0,NA,0,-1,"freefall",48,129
0,0,NA,0,-1,"landing",48,130
0,0,NA,0,-1,"canopy",48,131
0,0,NA,0,-1,"freefall",48,132
0,0,NA,0,-1,"flight",48,133
0,0,NA,0,-1,"opening",48,134
0,0,NA,0,-1,"canopy",48,135
0,0,NA,0,-1,"landing",48,136
0,0,NA,0,-1,"canopy",48,137
0,0,NA,0,-1,"canopy",48,138
0,0,NA,0,-1,"canopy",48,139
0,0,NA,0,-1,"canopy",48,140
0,0,NA,0,-1,"flight",48,141
0,0,NA,0,-1,"landing",48,142
0,0,NA,0,-1,"recovery_arc",48,143
0,0,NA,0,-1,"canopy",48,144
0,0,NA,0,-1,"plane",48,145
0,0,NA,0,-1,"plane",48,146
0,0,NA,0,-1,"plane",48,147
0,0,NA,0,-1,"flight",48,148
0,0,NA,0,-1,"freefall",48,149
0,0,NA,0,-1,"plane",48,150
0,0,NA,0,-1,"flight",48,151
0,0,NA,0,-1,"plane",48,152
0,0,NA,0,-1,"canopy",48,153
0,0,NA,0,-1,"plane",48,154
0,0,NA,0,-1,"plane",48,155
0,0,NA,0,-1,"freefall",48,156
0,0,NA,0,-1,"flight",48,157
0,0,NA,0,-1,"freefall",48,158
0,0,NA,0,-1,"flight",48,159
0,0,NA,0,-1,"plane",48,160
0,0,NA,0,-1,"plane",48,161
0,0,NA,0,-1,"canopy",48,162
0,0,NA,0,-1,"plane",48,163
0,0,NA,0,-1,"flight",48,164
0,0,NA,0,-1,"freefall",48,165
0,0,NA,0,-1,"plane",48,166
0,0,NA,0,-1,"plane",48,167
0,0,NA,0,-1,"flight",48,168
0,0,NA,0,-1,"flight",48,169
0,0,NA,0,-1,"plane",48,170
0,0,NA,0,-1,"plane",48,171
0,0,NA,0,-1,"opening",48,172
0,0,NA,0,-1,"flight",48,173
0,0,NA,0,-1,"landing",48,174
0,0,NA,0,-1,"canopy",48,175
0,0,NA,0,-1,"canopy",48,176
0,0,NA,0,-1,"landing",48,177
0,0,NA,0,-1,"landing",48,178
0,0,NA,0,-1,"landing",48,179
0,0,NA,0,-1,"canopy",48,180
0,0,NA,0,-1,"canopy",48,181
0,0,NA,0,-1,"canopy",48,182
0,0,NA,0,-1,"canopy",48,183
0,0,NA,0,-1,"recovery_arc",48,184
0,0,NA,0,-1,"flight",48,185
0,0,NA,0,-1,"landing",48,186
0,0,NA,0,-1,"canopy",48,187
0,0,NA,0,-1,"landing",48,188
0,0,NA,0,-1,"canopy",48,189
0,0,NA,0,-1,"freefall",48,190
0,0,NA,0,-1,"flight",48,191
0,0,NA,0,-1,"landing",48,192
0,0,NA,0,-1,"canopy",48,193
0,0,NA,0,-1,"canopy",48,194
0,0,NA,0,-1,"opening",48,195
0,0,NA,0,-1,"landing",48,196
0,0,NA,0,-1,"opening",48,197
0,0,NA,0,-1,"freefall",48,198
0,0,NA,0,-1,"opening",48,199
2,3,"speed_h_sum",275971.5,1,NA,49,1
4,5,"speed_v_sum",199120,1,NA,49,2
6,7,"heading_range",290936.5,1,NA,49,3
8,9,"speed_v_sum",15944,1,NA,49,4
10,11,"heading_range",1227067.5,1,NA,49,5
12,13,"acc_range",0.3293079907216203,1,NA,49,6
14,15,"speed_h_sum",438659.5,1,NA,49,7
16,17,"acc_range",0.3556968278434125,1,NA,49,8
18,19,"speed_v_sum",113546.5,1,NA,49,9
20,21,"speed_h_range",1456.5,1,NA,49,10
22,23,"heading_range",1803522,1,NA,49,11
24,25,"speed_h_sum",355745.5,1,NA,49,12
26,27,"speed_h_sum",449120,1,NA,49,13
28,29,"speed_h_sum",398444,1,NA,49,14
30,31,"speed_v_sum",216927.5,1,NA,49,15
32,33,"speed_v_sum",-13060.5,1,NA,49,16
34,35,"speed_h_sum",91100,1,NA,49,17
36,37,"speed_h_sum",204051,1,NA,49,18
38,39,"speed_h_range",978.5,1,NA,49,19
40,41,"acc_sum",17.213098848441298,1,NA,49,20
42,43,"heading_range",656891,1,NA,49,21
44,45,"speed_h_sum",137042.5,1,NA,49,22
46,47,"acc_range",1.323799452482405,1,NA,49,23
48,49,"heading_range",133757,1,NA,49,24
50,51,"acc_range",0.2485079767898689,1,NA,49,25
52,53,"speed_h_range",611,1,NA,49,26
54,55,"speed_v_sum",175590.5,1,NA,49,27
56,57,"speed_v_sum",144478,1,NA,49,28
58,59,"speed_h_range",581.5,1,NA,49,29
60,61,"acc_range",0.6561018030186985,1,NA,49,30
62,63,"speed_h_sum",458509,1,NA,49,31
0,0,NA,0,-1,"plane",49,32
64,65,"speed_h_range",1012,1,NA,49,33
0,0,NA,0,-1,"landing",49,34
66,67,"speed_h_sum",186311.5,1,NA,49,35
68,69,"speed_h_range",931.5,1,NA,49,36
70,71,"speed_v_range",2812,1,NA,49,37
72,73,"heading_range",209663,1,NA,49,38
74,75,"speed_v_range",4481,1,NA,49,39
76,77,"acc_sum",8.80946146066485,1,NA,49,40
78,79,"speed_v_range",3717.5,1,NA,49,41
80,81,"speed_v_range",3854.5,1,NA,49,42
82,83,"acc_range",2.2337979418872447,1,NA,49,43
84,85,"speed_h_range",892.5,1,NA,49,44
86,87,"acc_sum",23.797824072266266,1,NA,49,45
88,89,"heading_range",2524678.5,1,NA,49,46
90,91,"speed_v_sum",346333.5,1,NA,49,47
92,93,"speed_v_sum",124841,1,NA,49,48
94,95,"speed_v_sum",35622,1,NA,49,49
96,97,"speed_h_sum",442142.5,1,NA,49,50
98,99,"speed_v_sum",95203,1,NA,49,51
100,101,"speed_v_sum",125590,1,NA,49,52
102,103,"speed_v_range",3135,1,NA,49,53
104,105,"speed_h_sum",490342.5,1,NA,49,54
106,107,"acc_sum",13.510589500579375,1,NA,49,55
108,109,"speed_h_sum",293288.5,1,NA,49,56
110,111,"speed_v_range",4031,1,NA,49,57
112,113,"speed_v_range",242,1,NA,49,58
114,115,"speed_v_sum",193291.5,1,NA,49,59
0,0,NA,0,-1,"plane",49,60
116,117,"speed_h_sum",451406,1,NA,49,61
0,0,NA,0,-1,"flight",49,62
118,119,"acc_sum",11.165396892886434,1,NA,49,63
120,121,"acc_sum",5.024121796075317,1,NA,49,64
122,123,"heading_range",536348,1,NA,49,65
124,125,"speed_v_sum",-1932.5,1,NA,49,66
0,0,NA,0,-1,"landing",49,67
126,127,"speed_h_sum",148193,1,NA,49,68
128,129,"speed_v_range",1727,1,NA,49,69
130,131,"speed_v_sum",72414.5,1,NA,49,70
132,133,"speed_h_sum",217499,1,NA,49,71
134,135,"speed_h_range",201.5,1,NA,49,72
136,137,"speed_h_sum",207561.5,1,NA,49,73
138,139,"speed_h_range",2481.5,1,NA,49,74
140,141,"speed_h_sum",107295,1,NA,49,75
142,143,"speed_v_range",2238.5,1,NA,49,76
144,145,"speed_v_range",3114.5,1,NA,49,77
146,147,"acc_range",0.9379236167053541,1,NA,49,78
148,149,"heading_range",1109071.5,1,NA,49,79
150,151,"speed_v_sum",230275.5,1,NA,49,80
152,153,"acc_range",1.2233724272513826,1,NA,49,81
154,155,"speed_h_sum",209994,1,NA,49,82
156,157,"speed_h_sum",185106,1,NA,49,83
158,159,"speed_v_range",2984,1,NA,49,84
160,161,"speed_v_range",5237,1,NA,49,85
162,163,"speed_v_sum",304278.5,1,NA,49,86
164,165,"speed_v_range",5502,1,NA,49,87
166,167,"speed_v_range",1242.5,1,NA,49,88
0,0,NA,0,-1,"recovery_arc",49,89
0,0,NA,0,-1,"opening",49,90
0,0,NA,0,-1,"freefall",49,91
168,169,"speed_v_sum",48113,1,NA,49,92
170,171,"speed_v_range",2432,1,NA,49,93
0,0,NA,0,-1,"plane",49,94
172,173,"speed_v_sum",131911,1,NA,49,95
174,175,"heading_range",172252.5,1,NA,49,96
176,177,"acc_range",0.23353332570457397,1,NA,49,97
0,0,NA,0,-1,"plane",49,98
178,179,"acc_sum",11.75874108971197,1,NA,49,99
180,181,"speed_h_sum",282544.5,1,NA,49,100
182,183,"speed_h_sum",372674.5,1,NA,49,101
184,185,"acc_sum",11.717389632175273,1,NA,49,102
186,187,"speed_v_sum",52084,1,NA,49,103
188,189,"acc_sum",10.47738407545749,1,NA,49,104
0,0,NA,0,-1,"plane",49,105
0,0,NA,0,-1,"flight",49,106
0,0,NA,0,-1,"opening",49,107
190,191,"acc_sum",10.608591441440467,1,NA,49,108
192,193,"speed_v_sum",68997.5,1,NA,49,109
194,195,"acc_sum",6.998286830873372,1,NA,49,110
196,197,"acc_range",0.32068595239532655,1,NA,49,111
198,199,"speed_h_sum",416235,1,NA,49,112
0,0,NA,0,-1,"flight",49,113
0,0,NA,0,-1,"plane",49,114
0,0,NA,0,-1,"flight",49,115
0,0,NA,0,-1,"plane",49,116
0,0,NA,0,-1,"freefall",49,117
0,0,NA,0,-1,"plane",49,118
0,0,NA,0,-1,"opening",49,119
0,0,NA,0,-1,"maneuver",49,120
0,0,NA,0,-1,"canopy",49,121
0,0,NA,0,-1,"landing",49,122
0,0,NA,0,-1,"landing",49,123
0,0,NA,0,-1,"maneuver",49,124
0,0,NA,0,-1,"landing",49,125
0,0,NA,0,-1,"canopy",49,126
0,0,NA,0,-1,"canopy",49,127
0,0,NA,0,-1,"canopy",49,128
0,0,NA,0,-1,"landing",49,129
0,0,NA,0,-1,"canopy",49,130
0,0,NA,0,-1,"canopy",49,131
0,0,NA,0,-1,"maneuver",49,132
0,0,NA,0,-1,"landing",49,133
0,0,NA,0,-1,"freefall",49,134
0,0,NA,0,-1,"canopy",49,135
0,0,NA,0,-1,"canopy",49,136
0,0,NA,0,-1,"canopy",49,137
0,0,NA,0,-1,"canopy",49,138
0,0,NA,0,-1,"canopy",49,139
0,0,NA,0,-1,"freefall",49,140
0,0,NA,0,-1,"landing",49,141
0,0,NA,0,-1,"freefall",49,142
0,0,NA,0,-1,"freefall",49,143
0,0,NA,0,-1,"flight",49,144
0,0,NA,0,-1,"flight",49,145
0,0,NA,0,-1,"opening",49,146
0,0,NA,0,-1,"freefall",49,147
0,0,NA,0,-1,"opening",49,148
0,0,NA,0,-1,"freefall",49,149
0,0,NA,0,-1,"recovery_arc",49,150
0,0,NA,0,-1,"freefall",49,151
0,0,NA,0,-1,"recovery_arc",49,152
0,0,NA,0,-1,"flight",49,153
0,0,NA,0,-1,"opening",49,154
0,0,NA,0,-1,"flight",49,155
0,0,NA,0,-1,"freefall",49,156
0,0,NA,0,-1,"flight",49,157
0,0,NA,0,-1,"freefall",49,158
0,0,NA,0,-1,"opening",49,159
0,0,NA,0,-1,"freefall",49,160
0,0,NA,0,-1,"opening",49,161
0,0,NA,0,-1,"recovery_arc",49,162
0,0,NA,0,-1,"flight",49,163
0,0,NA,0,-1,"landing",49,164
0,0,NA,0,-1,"recovery_arc",49,165
0,0,NA,0,-1,"canopy",49,166
0,0,NA,0,-1,"recovery_arc",49,167
0,0,NA,0,-1,"plane",49,168
0,0,NA,0,-1,"canopy",49,169
0,0,NA,0,-1,"flight",49,170
0,0,NA,0,-1,"freefall",49,171
0,0,NA,0,-1,"canopy",49,172
0,0,NA,0,-1,"flight",49,173
0,0,NA,0,-1,"plane",49,174
0,0,NA,0,-1,"plane",49,175
0,0,NA,0,-1,"plane",49,176
0,0,NA,0,-1,"plane",49,177
0,0,NA,0,-1,"flight",49,178
0,0,NA,0,-1,"flight",49,179
0,0,NA,0,-1,"canopy",49,180
0,0,NA,0,-1,"plane",49,181
0,0,NA,0,-1,"flight",49,182
0,0,NA,0,-1,"flight",49,183
0,0,NA,0,-1,"plane",49,184
0,0,NA,0,-1,"flight",49,185
0,0,NA,0,-1,"plane",49,186
0,0,NA,0,-1,"freefall",49,187
0,0,NA,0,-1,"plane",49,188
0,0,NA,0,-1,"plane",49,189
0,0,NA,0,-1,"plane",49,190
0,0,NA,0,-1,"canopy",49,191
0,0,NA,0,-1,"plane",49,192
0,0,NA,0,-1,"freefall",49,193
0,0,NA,0,-1,"freefall",49,194
0,0,NA,0,-1,"flight",49,195
0,0,NA,0,-1,"freefall",49,196
0,0,NA,0,-1,"freefall",49,197
0,0,NA,0,-1,"flight",49,198
0,0,NA,0,-1,"plane",49,199
2,3,"speed_h_sum",276241.5,1,NA,50,1
4,5,"speed_v_sum",206210,1,NA,50,2
6,7,"heading_range",282638.5,1,NA,50,3
8,9,"speed_v_range",1043.5,1,NA,50,4
10,11,"acc_sum",13.249976795394959,1,NA,50,5
12,13,"speed_h_sum",384777.5,1,NA,50,6
14,15,"speed_v_sum",185301.5,1,NA,50,7
16,17,"speed_v_sum",6819.5,1,NA,50,8
18,19,"speed_h_sum",73187.5,1,NA,50,9
20,21,"acc_range",0.19362083774061203,1,NA,50,10
22,23,"acc_sum",20.166713097249477,1,NA,50,11
24,25,"heading_range",126483.5,1,NA,50,12
26,27,"speed_h_sum",449394.5,1,NA,50,13
28,29,"speed_v_sum",83591.5,1,NA,50,14
30,31,"speed_v_sum",336076,1,NA,50,15
32,33,"speed_v_sum",-6600.5,1,NA,50,16
34,35,"speed_v_sum",140893.5,1,NA,50,17
36,37,"speed_h_sum",33635.5,1,NA,50,18
38,39,"speed_v_sum",32788.5,1,NA,50,19
40,41,"heading_range",127037,1,NA,50,20
42,43,"speed_v_sum",309985.5,1,NA,50,21
44,45,"acc_sum",15.13608616375171,1,NA,50,22
46,47,"speed_v_range",3372.5,1,NA,50,23
48,49,"speed_h_sum",351805,1,NA,50,24
50,51,"acc_sum",11.06569556454561,1,NA,50,25
52,53,"acc_sum",11.595161914938899,1,NA,50,26
54,55,"acc_sum",15.197805372045261,1,NA,50,27
56,57,"speed_v_sum",63245,1,NA,50,28
58,59,"speed_h_range",562.5,1,NA,50,29
60,61,"heading_range",35977623.5,1,NA,50,30
62,63,"acc_sum",14.488089478032489,1,NA,50,31
64,65,"acc_range",0.33846602029213546,1,NA,50,32
66,67,"heading_range",54520,1,NA,50,33
68,69,"acc_sum",12.1644567343216,1,NA,50,34
70,71,"speed_h_range",370,1,NA,50,35
72,73,"speed_v_sum",30505.5,1,NA,50,36
74,75,"acc_range",0.5896026124718909,1,NA,50,37
76,77,"acc_sum",7.379414292010716,1,NA,50,38
78,79,"speed_v_range",1837.5,1,NA,50,39
80,81,"heading_range",121895,1,NA,50,40
82,83,"speed_v_range",1073,1,NA,50,41
84,85,"acc_sum",7.938928717964363,1,NA,50,42
86,87,"speed_h_range",1217,1,NA,50,43
88,89,"heading_range",1045933,1,NA,50,44
90,91,"speed_v_range",3095.5,1,NA,50,45
92,93,"acc_sum",24.920883438097498,1,NA,50,46
94,95,"speed_h_range",4245,1,NA,50,47
96,97,"speed_v_sum",48113,1,NA,50,48
98,99,"heading_range",27823.5,1,NA,50,49
100,101,"acc_range",0.18463994317032495,1,NA,50,50
102,103,"speed_h_range",611,1,NA,50,51
104,105,"speed_v_sum",139391.5,1,NA,50,52
106,107,"acc_range",0.09571916548871318,1,NA,50,53
108,109,"acc_range",0.37746339066542733,1,NA,50,54
110,111,"heading_range",150005.5,1,NA,50,55
112,113,"acc_range",0.5263243492226182,1,NA,50,56
114,115,"acc_range",0.5963803164934387,1,NA,50,57
116,117,"heading_range",504255,1,NA,50,58
118,119,"heading_range",1275832,1,NA,50,59
120,121,"speed_v_range",4031,1,NA,50,60
0,0,NA,0,-1,"opening",50,61
122,123,"heading_range",426592,1,NA,50,62
0,0,NA,0,-1,"flight",50,63
0,0,NA,0,-1,"plane",50,64
124,125,"speed_h_range",2588.5,1,NA,50,65
0,0,NA,0,-1,"plane",50,66
0,0,NA,0,-1,"landing",50,67
126,127,"speed_h_sum",202798.5,1,NA,50,68
128,129,"speed_h_range",432.5,1,NA,50,69
130,131,"speed_h_sum",214917,1,NA,50,70
132,133,"acc_sum",8.91083618549793,1,NA,50,71
0,0,NA,0,-1,"landing",50,72
0,0,NA,0,-1,"canopy",50,73
134,135,"speed_v_sum",141031.5,1,NA,50,74
136,137,"speed_h_range",811.5,1,NA,50,75
138,139,"heading_range",174753.5,1,NA,50,76
140,141,"acc_sum",17.366246364882812,1,NA,50,77
142,143,"acc_range",0.27105838525596,1,NA,50,78
144,145,"acc_sum",6.193041878818585,1,NA,50,79
146,147,"speed_v_range",614.5,1,NA,50,80
148,149,"speed_h_range",545,1,NA,50,81
0,0,NA,0,-1,"flight",50,82
0,0,NA,0,-1,"freefall",50,83
0,0,NA,0,-1,"freefall",50,84
150,151,"heading_range",71290.5,1,NA,50,85
152,153,"speed_v_sum",366461.5,1,NA,50,86
154,155,"speed_h_range",2709.5,1,NA,50,87
156,157,"speed_v_sum",423377.5,1,NA,50,88
0,0,NA,0,-1,"recovery_arc",50,89
158,159,"acc_sum",16.870231348499974,1,NA,50,90
160,161,"speed_h_sum",89108,1,NA,50,91
162,163,"acc_range",0.9438020373526631,1,NA,50,92
164,165,"speed_h_sum",185958,1,NA,50,93
166,167,"speed_v_sum",254447.5,1,NA,50,94
168,169,"speed_v_range",4784,1,NA,50,95
0,0,NA,0,-1,"plane",50,96
170,171,"speed_h_sum",293195,1,NA,50,97
172,173,"acc_sum",10.993837200050198,1,NA,50,98
174,175,"acc_range",0.31483039927781253,1,NA,50,99
176,177,"speed_v_sum",39072.5,1,NA,50,100
178,179,"speed_h_range",375,1,NA,50,101
180,181,"speed_v_sum",219205,1,NA,50,102
182,183,"acc_sum",11.715251759250105,1,NA,50,103
184,185,"speed_v_sum",133476,1,NA,50,104
186,187,"speed_v_range",96,1,NA,50,105
188,189,"acc_sum",12.944304380279963,1,NA,50,106
190,191,"speed_h_range",840,1,NA,50,107
192,193,"acc_range",0.3260013511774795,1,NA,50,108
194,195,"speed_h_sum",454161.5,1,NA,50,109
0,0,NA,0,-1,"plane",50,110
0,0,NA,0,-1,"opening",50,111
0,0,NA,0,-1,"plane",50,112
196,197,"speed_v_range",3184.5,1,NA,50,113
198,199,"speed_h_range",340.5,1,NA,50,114
0,0,NA,0,-1,"freefall",50,115
0,0,NA,0,-1,"canopy",50,116
0,0,NA,0,-1,"maneuver",50,117
0,0,NA,0,-1,"freefall",50,118
0,0,NA,0,-1,"plane",50,119
0,0,NA,0,-1,"flight",50,120
0,0,NA,0,-1,"freefall",50,121
0,0,NA,0,-1,"flight",50,122
0,0,NA,0,-1,"freefall",50,123
0,0,NA,0,-1,"maneuver",50,124
0,0,NA,0,-1,"landing",50,125
0,0,NA,0,-1,"canopy",50,126
0,0,NA,0,-1,"canopy",50,127
0,0,NA,0,-1,"canopy",50,128
0,0,NA,0,-1,"canopy",50,129
0,0,NA,0,-1,"maneuver",50,130
0,0,NA,0,-1,"recovery_arc",50,131
0,0,NA,0,-1,"freefall",50,132
0,0,NA,0,-1,"canopy",50,133
0,0,NA,0,-1,"canopy",50,134
0,0,NA,0,-1,"canopy",50,135
0,0,NA,0,-1,"canopy",50,136
0,0,NA,0,-1,"landing",50,137
0,0,NA,0,-1,"canopy",50,138
0,0,NA,0,-1,"maneuver",50,139
0,0,NA,0,-1,"landing",50,140
0,0,NA,0,-1,"maneuver",50,141
0,0,NA,0,-1,"canopy",50,142
0,0,NA,0,-1,"canopy",50,143
0,0,NA,0,-1,"maneuver",50,144
0,0,NA,0,-1,"canopy",50,145
0,0,NA,0,-1,"flight",50,146
0,0,NA,0,-1,"freefall",50,147
0,0,NA,0,-1,"flight",50,148
0,0,NA,0,-1,"freefall",50,149
0,0,NA,0,-1,"flight",50,150
0,0,NA,0,-1,"flight",50,151
0,0,NA,0,-1,"flight",50,152
0,0,NA,0,-1,"freefall",50,153
0,0,NA,0,-1,"freefall",50,154
0,0,NA,0,-1,"flight",50,155
0,0,NA,0,-1,"flight",50,156
0,0,NA,0,-1,"freefall",50,157
0,0,NA,0,-1,"recovery_arc",50,158
0,0,NA,0,-1,"recovery_arc",50,159
0,0,NA,0,-1,"opening",50,160
0,0,NA,0,-1,"recovery_arc",50,161
0,0,NA,0,-1,"recovery_arc",50,162
0,0,NA,0,-1,"freefall",50,163
0,0,NA,0,-1,"freefall",50,164
0,0,NA,0,-1,"flight",50,165
0,0,NA,0,-1,"landing",50,166
0,0,NA,0,-1,"opening",50,167
0,0,NA,0,-1,"recovery_arc",50,168
0,0,NA,0,-1,"recovery_arc",50,169
0,0,NA,0,-1,"freefall",50,170
0,0,NA,0,-1,"flight",50,171
0,0,NA,0,-1,"plane",50,172
0,0,NA,0,-1,"flight",50,173
0,0,NA,0,-1,"plane",50,174
0,0,NA,0,-1,"flight",50,175
0,0,NA,0,-1,"plane",50,176
0,0,NA,0,-1,"flight",50,177
0,0,NA,0,-1,"flight",50,178
0,0,NA,0,-1,"flight",50,179
0,0,NA,0,-1,"plane",50,180
0,0,NA,0,-1,"flight",50,181
0,0,NA,0,-1,"plane",50,182
0,0,NA,0,-1,"flight",50,183
0,0,NA,0,-1,"plane",50,184
0,0,NA,0,-1,"opening",50,185
0,0,NA,0,-1,"plane",50,186
0,0,NA,0,-1,"flight",50,187
0,0,NA,0,-1,"plane",50,188
0,0,NA,0,-1,"flight",50,189
0,0,NA,0,-1,"flight",50,190
0,0,NA,0,-1,"flight",50,191
0,0,NA,0,-1,"plane",50,192
0,0,NA,0,-1,"plane",50,193
0,0,NA,0,-1,"plane",50,194
0,0,NA,0,-1,"plane",50,195
0,0,NA,0,-1,"plane",50,196
0,0,NA,0,-1,"plane",50,197
0,0,NA,0,-1,"canopy",50,198
0,0,NA,0,-1,"plane",50,199
