# {"problem_type":"classification","split_var_ranges":{"OD":{"min":1.27,"max":4},"Ash":{"min":1.36,"max":3.23},"Alcohol":{"min":11.03,"max":14.83},"Flav":{"min":0.34,"max":5.08},"Color":{"min":1.28,"max":13},"Hue":{"min":0.48,"max":1.71},"AlcAsh":{"min":10.6,"max":30},"Mg":{"min":70,"max":162},"Proline":{"min":278,"max":1680},"Phenols":{"min":0.98,"max":3.88},"Proa":{"min":0.41,"max":3.58},"MalicAcid":{"min":0.74,"max":5.8},"NonFlavPhenols":{"min":0.13,"max":0.66}}}
"left daughter","right daughter","split var","split point","status","prediction","tree_idx","node_idx"
2,3,"OD",2.115,1,NA,1,1
4,5,"Ash",2.085,1,NA,1,2
6,7,"Alcohol",13.02,1,NA,1,3
0,0,NA,0,-1,"grignolino",1,4
8,9,"OD",2.005,1,NA,1,5
10,11,"Flav",0.7949999999999999,1,NA,1,6
12,13,"Flav",2.015,1,NA,1,7
14,15,"Color",3.585,1,NA,1,8
16,17,"Hue",0.925,1,NA,1,9
0,0,NA,0,-1,"barbera",1,10
18,19,"AlcAsh",18.700000000000003,1,NA,1,11
20,21,"Alcohol",13.425,1,NA,1,12
22,23,"Mg",88,1,NA,1,13
0,0,NA,0,-1,"grignolino",1,14
0,0,NA,0,-1,"barbera",1,15
24,25,"Ash",2.45,1,NA,1,16
0,0,NA,0,-1,"grignolino",1,17
26,27,"Ash",2.615,1,NA,1,18
0,0,NA,0,-1,"grignolino",1,19
0,0,NA,0,-1,"barbera",1,20
0,0,NA,0,-1,"grignolino",1,21
0,0,NA,0,-1,"grignolino",1,22
0,0,NA,0,-1,"barolo",1,23
0,0,NA,0,-1,"grignolino",1,24
0,0,NA,0,-1,"barbera",1,25
28,29,"Color",3.665,1,NA,1,26
0,0,NA,0,-1,"barolo",1,27
0,0,NA,0,-1,"grignolino",1,28
30,31,"Proline",846.5,1,NA,1,29
0,0,NA,0,-1,"grignolino",1,30
0,0,NA,0,-1,"barolo",1,31
2,3,"Proline",903,1,NA,2,1
4,5,"Flav",1.4100000000000001,1,NA,2,2
6,7,"Hue",1.295,1,NA,2,3
8,9,"Color",3.625,1,NA,2,4
10,11,"Alcohol",13.175,1,NA,2,5
0,0,NA,0,-1,"barolo",2,6
0,0,NA,0,-1,"grignolino",2,7
0,0,NA,0,-1,"grignolino",2,8
0,0,NA,0,-1,"barbera",2,9
12,13,"Alcohol",12.825,1,NA,2,10
14,15,"OD",2.62,1,NA,2,11
0,0,NA,0,-1,"grignolino",2,12
16,17,"Alcohol",12.98,1,NA,2,13
18,19,"Mg",108.5,1,NA,2,14
0,0,NA,0,-1,"barolo",2,15
0,0,NA,0,-1,"barolo",2,16
0,0,NA,0,-1,"grignolino",2,17
0,0,NA,0,-1,"grignolino",2,18
0,0,NA,0,-1,"barbera",2,19
2,3,"Color",3.46,1,NA,3,1
0,0,NA,0,-1,"grignolino",3,2
4,5,"Phenols",2.335,1,NA,3,3
6,7,"Flav",1.345,1,NA,3,4
8,9,"Ash",1.9,1,NA,3,5
0,0,NA,0,-1,"barbera",3,6
10,11,"Alcohol",13.805,1,NA,3,7
0,0,NA,0,-1,"grignolino",3,8
12,13,"Proline",670,1,NA,3,9
0,0,NA,0,-1,"grignolino",3,10
0,0,NA,0,-1,"barolo",3,11
0,0,NA,0,-1,"grignolino",3,12
0,0,NA,0,-1,"barolo",3,13
2,3,"Flav",1.5750000000000002,1,NA,4,1
4,5,"Color",3.9,1,NA,4,2
6,7,"Flav",2.31,1,NA,4,3
0,0,NA,0,-1,"grignolino",4,4
8,9,"Proline",460,1,NA,4,5
10,11,"Proline",1085.5,1,NA,4,6
12,13,"AlcAsh",17.9,1,NA,4,7
14,15,"Proa",0.65,1,NA,4,8
0,0,NA,0,-1,"barbera",4,9
0,0,NA,0,-1,"grignolino",4,10
0,0,NA,0,-1,"barolo",4,11
0,0,NA,0,-1,"barolo",4,12
16,17,"Mg",102,1,NA,4,13
0,0,NA,0,-1,"grignolino",4,14
0,0,NA,0,-1,"barbera",4,15
18,19,"Proline",779.5,1,NA,4,16
20,21,"Alcohol",12.4,1,NA,4,17
0,0,NA,0,-1,"grignolino",4,18
0,0,NA,0,-1,"barolo",4,19
0,0,NA,0,-1,"grignolino",4,20
0,0,NA,0,-1,"barolo",4,21
2,3,"Proline",755,1,NA,5,1
4,5,"Alcohol",12.78,1,NA,5,2
6,7,"OD",2.49,1,NA,5,3
8,9,"Color",4.84,1,NA,5,4
10,11,"Proa",1.59,1,NA,5,5
0,0,NA,0,-1,"barbera",5,6
12,13,"MalicAcid",1.2200000000000002,1,NA,5,7
0,0,NA,0,-1,"grignolino",5,8
14,15,"Hue",0.8999999999999999,1,NA,5,9
16,17,"Color",3.92,1,NA,5,10
18,19,"Mg",87,1,NA,5,11
0,0,NA,0,-1,"grignolino",5,12
0,0,NA,0,-1,"barolo",5,13
0,0,NA,0,-1,"barbera",5,14
0,0,NA,0,-1,"grignolino",5,15
0,0,NA,0,-1,"grignolino",5,16
0,0,NA,0,-1,"barbera",5,17
0,0,NA,0,-1,"grignolino",5,18
20,21,"Proa",1.8450000000000002,1,NA,5,19
0,0,NA,0,-1,"barolo",5,20
0,0,NA,0,-1,"barbera",5,21
2,3,"Alcohol",12.78,1,NA,6,1
4,5,"OD",1.65,1,NA,6,2
6,7,"OD",2.475,1,NA,6,3
0,0,NA,0,-1,"barbera",6,4
0,0,NA,0,-1,"grignolino",6,5
8,9,"Hue",0.99,1,NA,6,6
10,11,"MalicAcid",1.1800000000000002,1,NA,6,7
12,13,"Mg",85.5,1,NA,6,8
0,0,NA,0,-1,"grignolino",6,9
0,0,NA,0,-1,"grignolino",6,10
14,15,"Color",3.45,1,NA,6,11
16,17,"AlcAsh",21.25,1,NA,6,12
0,0,NA,0,-1,"barbera",6,13
0,0,NA,0,-1,"grignolino",6,14
18,19,"Flav",2.085,1,NA,6,15
0,0,NA,0,-1,"barbera",6,16
0,0,NA,0,-1,"grignolino",6,17
0,0,NA,0,-1,"grignolino",6,18
0,0,NA,0,-1,"barolo",6,19
2,3,"AlcAsh",19.45,1,NA,7,1
4,5,"Proline",755,1,NA,7,2
6,7,"MalicAcid",2.5549999999999997,1,NA,7,3
8,9,"Color",3.9499999999999997,1,NA,7,4
10,11,"Mg",145,1,NA,7,5
12,13,"Alcohol",12.55,1,NA,7,6
14,15,"Proa",1.59,1,NA,7,7
0,0,NA,0,-1,"grignolino",7,8
16,17,"Hue",0.79,1,NA,7,9
0,0,NA,0,-1,"barolo",7,10
0,0,NA,0,-1,"grignolino",7,11
0,0,NA,0,-1,"grignolino",7,12
18,19,"Color",6.85,1,NA,7,13
20,21,"Alcohol",12.145,1,NA,7,14
22,23,"Hue",0.98,1,NA,7,15
0,0,NA,0,-1,"barbera",7,16
24,25,"Color",4.48,1,NA,7,17
26,27,"Phenols",1.8399999999999999,1,NA,7,18
0,0,NA,0,-1,"barbera",7,19
0,0,NA,0,-1,"grignolino",7,20
0,0,NA,0,-1,"barbera",7,21
0,0,NA,0,-1,"grignolino",7,22
0,0,NA,0,-1,"barolo",7,23
0,0,NA,0,-1,"barolo",7,24
0,0,NA,0,-1,"grignolino",7,25
0,0,NA,0,-1,"barbera",7,26
28,29,"NonFlavPhenols",0.235,1,NA,7,27
30,31,"Proa",2.16,1,NA,7,28
0,0,NA,0,-1,"barolo",7,29
0,0,NA,0,-1,"grignolino",7,30
0,0,NA,0,-1,"barolo",7,31
2,3,"Color",3.49,1,NA,8,1
0,0,NA,0,-1,"grignolino",8,2
4,5,"NonFlavPhenols",0.395,1,NA,8,3
6,7,"Flav",2.11,1,NA,8,4
8,9,"Mg",122,1,NA,8,5
10,11,"Hue",0.88,1,NA,8,6
12,13,"Phenols",2.2750000000000004,1,NA,8,7
14,15,"Hue",1.06,1,NA,8,8
0,0,NA,0,-1,"barolo",8,9
0,0,NA,0,-1,"barbera",8,10
0,0,NA,0,-1,"grignolino",8,11
0,0,NA,0,-1,"grignolino",8,12
16,17,"Mg",89.5,1,NA,8,13
0,0,NA,0,-1,"barbera",8,14
18,19,"NonFlavPhenols",0.51,1,NA,8,15
0,0,NA,0,-1,"grignolino",8,16
20,21,"Alcohol",12.71,1,NA,8,17
0,0,NA,0,-1,"barolo",8,18
0,0,NA,0,-1,"grignolino",8,19
0,0,NA,0,-1,"grignolino",8,20
0,0,NA,0,-1,"barolo",8,21
2,3,"Alcohol",12.78,1,NA,9,1
4,5,"NonFlavPhenols",0.525,1,NA,9,2
6,7,"Flav",1.49,1,NA,9,3
8,9,"Color",4.8,1,NA,9,4
10,11,"Hue",0.84,1,NA,9,5
0,0,NA,0,-1,"barbera",9,6
12,13,"Mg",88,1,NA,9,7
0,0,NA,0,-1,"grignolino",9,8
14,15,"AlcAsh",25,1,NA,9,9
0,0,NA,0,-1,"barbera",9,10
0,0,NA,0,-1,"grignolino",9,11
0,0,NA,0,-1,"grignolino",9,12
16,17,"Color",3.465,1,NA,9,13
0,0,NA,0,-1,"barbera",9,14
0,0,NA,0,-1,"grignolino",9,15
0,0,NA,0,-1,"grignolino",9,16
0,0,NA,0,-1,"barolo",9,17
2,3,"Alcohol",12.79,1,NA,10,1
4,5,"OD",1.945,1,NA,10,2
6,7,"Proline",755,1,NA,10,3
8,9,"AlcAsh",17.15,1,NA,10,4
0,0,NA,0,-1,"grignolino",10,5
10,11,"OD",2.315,1,NA,10,6
12,13,"OD",2.0949999999999998,1,NA,10,7
0,0,NA,0,-1,"grignolino",10,8
0,0,NA,0,-1,"barbera",10,9
14,15,"AlcAsh",17.5,1,NA,10,10
16,17,"Flav",2.67,1,NA,10,11
0,0,NA,0,-1,"barbera",10,12
18,19,"AlcAsh",27.5,1,NA,10,13
0,0,NA,0,-1,"grignolino",10,14
20,21,"Proa",1.59,1,NA,10,15
22,23,"Ash",2.265,1,NA,10,16
24,25,"Alcohol",13.55,1,NA,10,17
0,0,NA,0,-1,"barolo",10,18
0,0,NA,0,-1,"grignolino",10,19
0,0,NA,0,-1,"barbera",10,20
26,27,"OD",1.7599999999999998,1,NA,10,21
0,0,NA,0,-1,"grignolino",10,22
0,0,NA,0,-1,"barolo",10,23
0,0,NA,0,-1,"barolo",10,24
0,0,NA,0,-1,"grignolino",10,25
0,0,NA,0,-1,"barbera",10,26
0,0,NA,0,-1,"grignolino",10,27
2,3,"Color",3.82,1,NA,11,1
4,5,"Proline",1002.5,1,NA,11,2
6,7,"AlcAsh",19.3,1,NA,11,3
8,9,"OD",3.73,1,NA,11,4
0,0,NA,0,-1,"barolo",11,5
10,11,"Flav",1.7999999999999998,1,NA,11,6
12,13,"Ash",2.81,1,NA,11,7
14,15,"Mg",118,1,NA,11,8
0,0,NA,0,-1,"barolo",11,9
16,17,"Ash",2.1100000000000003,1,NA,11,10
18,19,"Ash",1.87,1,NA,11,11
20,21,"Phenols",2.875,1,NA,11,12
22,23,"Alcohol",12.4,1,NA,11,13
0,0,NA,0,-1,"grignolino",11,14
24,25,"Mg",129,1,NA,11,15
0,0,NA,0,-1,"grignolino",11,16
0,0,NA,0,-1,"barbera",11,17
0,0,NA,0,-1,"grignolino",11,18
0,0,NA,0,-1,"barolo",11,19
26,27,"Hue",1.04,1,NA,11,20
0,0,NA,0,-1,"barolo",11,21
0,0,NA,0,-1,"grignolino",11,22
0,0,NA,0,-1,"barolo",11,23
0,0,NA,0,-1,"barolo",11,24
0,0,NA,0,-1,"grignolino",11,25
28,29,"Proa",1.59,1,NA,11,26
0,0,NA,0,-1,"grignolino",11,27
0,0,NA,0,-1,"barbera",11,28
30,31,"Hue",0.6299999999999999,1,NA,11,29
0,0,NA,0,-1,"barbera",11,30
0,0,NA,0,-1,"grignolino",11,31
2,3,"Color",3.82,1,NA,12,1
4,5,"Ash",3.0700000000000003,1,NA,12,2
6,7,"Hue",0.92,1,NA,12,3
8,9,"Proline",986,1,NA,12,4
0,0,NA,0,-1,"barolo",12,5
10,11,"Flav",1.58,1,NA,12,6
12,13,"Proline",724.5,1,NA,12,7
0,0,NA,0,-1,"grignolino",12,8
0,0,NA,0,-1,"barolo",12,9
0,0,NA,0,-1,"barbera",12,10
14,15,"Proline",700,1,NA,12,11
16,17,"Flav",1.295,1,NA,12,12
0,0,NA,0,-1,"barolo",12,13
0,0,NA,0,-1,"grignolino",12,14
0,0,NA,0,-1,"barolo",12,15
0,0,NA,0,-1,"barbera",12,16
0,0,NA,0,-1,"grignolino",12,17
2,3,"Alcohol",12.745000000000001,1,NA,13,1
4,5,"OD",1.585,1,NA,13,2
6,7,"Proline",765,1,NA,13,3
0,0,NA,0,-1,"barbera",13,4
8,9,"MalicAcid",4.904999999999999,1,NA,13,5
10,11,"Flav",1.705,1,NA,13,6
12,13,"NonFlavPhenols",0.515,1,NA,13,7
0,0,NA,0,-1,"grignolino",13,8
0,0,NA,0,-1,"barbera",13,9
14,15,"AlcAsh",17.5,1,NA,13,10
16,17,"Proline",591,1,NA,13,11
18,19,"Hue",0.725,1,NA,13,12
0,0,NA,0,-1,"barbera",13,13
0,0,NA,0,-1,"grignolino",13,14
0,0,NA,0,-1,"barbera",13,15
0,0,NA,0,-1,"grignolino",13,16
0,0,NA,0,-1,"barolo",13,17
0,0,NA,0,-1,"barbera",13,18
0,0,NA,0,-1,"barolo",13,19
2,3,"AlcAsh",17.9,1,NA,14,1
4,5,"MalicAcid",1.2149999999999999,1,NA,14,2
6,7,"Phenols",2.335,1,NA,14,3
0,0,NA,0,-1,"grignolino",14,4
8,9,"Alcohol",12.809999999999999,1,NA,14,5
10,11,"MalicAcid",1.865,1,NA,14,6
12,13,"Color",3.385,1,NA,14,7
14,15,"Ash",2.115,1,NA,14,8
0,0,NA,0,-1,"barolo",14,9
16,17,"Color",5.699999999999999,1,NA,14,10
18,19,"Hue",0.785,1,NA,14,11
0,0,NA,0,-1,"grignolino",14,12
20,21,"Mg",89,1,NA,14,13
0,0,NA,0,-1,"grignolino",14,14
0,0,NA,0,-1,"barbera",14,15
0,0,NA,0,-1,"grignolino",14,16
0,0,NA,0,-1,"barbera",14,17
0,0,NA,0,-1,"barbera",14,18
22,23,"Flav",1.12,1,NA,14,19
0,0,NA,0,-1,"grignolino",14,20
24,25,"Phenols",3.09,1,NA,14,21
0,0,NA,0,-1,"barbera",14,22
0,0,NA,0,-1,"grignolino",14,23
0,0,NA,0,-1,"barolo",14,24
0,0,NA,0,-1,"grignolino",14,25
2,3,"Alcohol",12.78,1,NA,15,1
4,5,"Color",4.8,1,NA,15,2
6,7,"Phenols",2.3,1,NA,15,3
8,9,"Color",3.825,1,NA,15,4
10,11,"Phenols",2.54,1,NA,15,5
12,13,"Flav",1.49,1,NA,15,6
14,15,"Hue",1.28,1,NA,15,7
0,0,NA,0,-1,"grignolino",15,8
16,17,"Phenols",1.9,1,NA,15,9
0,0,NA,0,-1,"barbera",15,10
0,0,NA,0,-1,"grignolino",15,11
0,0,NA,0,-1,"barbera",15,12
0,0,NA,0,-1,"grignolino",15,13
18,19,"Color",3.3449999999999998,1,NA,15,14
0,0,NA,0,-1,"grignolino",15,15
0,0,NA,0,-1,"barbera",15,16
0,0,NA,0,-1,"grignolino",15,17
0,0,NA,0,-1,"grignolino",15,18
20,21,"MalicAcid",1.255,1,NA,15,19
0,0,NA,0,-1,"grignolino",15,20
0,0,NA,0,-1,"barolo",15,21
2,3,"OD",2.115,1,NA,16,1
4,5,"Color",3.56,1,NA,16,2
6,7,"Proline",726.5,1,NA,16,3
0,0,NA,0,-1,"grignolino",16,4
0,0,NA,0,-1,"barbera",16,5
8,9,"Proa",0.8200000000000001,1,NA,16,6
10,11,"AlcAsh",27.5,1,NA,16,7
12,13,"Proline",615,1,NA,16,8
0,0,NA,0,-1,"grignolino",16,9
0,0,NA,0,-1,"barolo",16,10
0,0,NA,0,-1,"grignolino",16,11
0,0,NA,0,-1,"barbera",16,12
0,0,NA,0,-1,"grignolino",16,13
2,3,"OD",2.0549999999999997,1,NA,17,1
4,5,"MalicAcid",1.17,1,NA,17,2
6,7,"Color",3.46,1,NA,17,3
0,0,NA,0,-1,"grignolino",17,4
8,9,"MalicAcid",1.96,1,NA,17,5
0,0,NA,0,-1,"grignolino",17,6
10,11,"Phenols",2.1500000000000004,1,NA,17,7
12,13,"Proline",760,1,NA,17,8
0,0,NA,0,-1,"barbera",17,9
14,15,"Hue",0.935,1,NA,17,10
16,17,"Alcohol",12.844999999999999,1,NA,17,11
0,0,NA,0,-1,"barbera",17,12
0,0,NA,0,-1,"grignolino",17,13
0,0,NA,0,-1,"barbera",17,14
0,0,NA,0,-1,"grignolino",17,15
18,19,"Proa",1.29,1,NA,17,16
20,21,"Proa",2.23,1,NA,17,17
0,0,NA,0,-1,"barbera",17,18
0,0,NA,0,-1,"grignolino",17,19
0,0,NA,0,-1,"barolo",17,20
22,23,"Mg",85,1,NA,17,21
0,0,NA,0,-1,"grignolino",17,22
0,0,NA,0,-1,"barolo",17,23
2,3,"OD",2.19,1,NA,18,1
4,5,"Hue",0.898,1,NA,18,2
6,7,"Mg",95,1,NA,18,3
8,9,"OD",2.005,1,NA,18,4
10,11,"AlcAsh",18.5,1,NA,18,5
12,13,"Alcohol",13.25,1,NA,18,6
14,15,"MalicAcid",1.3199999999999998,1,NA,18,7
0,0,NA,0,-1,"barbera",18,8
16,17,"Mg",91,1,NA,18,9
0,0,NA,0,-1,"grignolino",18,10
18,19,"Proa",1.24,1,NA,18,11
0,0,NA,0,-1,"grignolino",18,12
20,21,"Proline",912.5,1,NA,18,13
0,0,NA,0,-1,"grignolino",18,14
22,23,"Color",3.7750000000000004,1,NA,18,15
0,0,NA,0,-1,"grignolino",18,16
0,0,NA,0,-1,"barbera",18,17
0,0,NA,0,-1,"barbera",18,18
0,0,NA,0,-1,"grignolino",18,19
0,0,NA,0,-1,"grignolino",18,20
0,0,NA,0,-1,"barolo",18,21
0,0,NA,0,-1,"grignolino",18,22
24,25,"Proline",640,1,NA,18,23
0,0,NA,0,-1,"barbera",18,24
0,0,NA,0,-1,"barolo",18,25
2,3,"OD",2.115,1,NA,19,1
4,5,"AlcAsh",14.55,1,NA,19,2
6,7,"Mg",88.5,1,NA,19,3
0,0,NA,0,-1,"grignolino",19,4
8,9,"MalicAcid",1.6400000000000001,1,NA,19,5
0,0,NA,0,-1,"grignolino",19,6
10,11,"Proa",3.12,1,NA,19,7
12,13,"MalicAcid",1.4500000000000002,1,NA,19,8
14,15,"Flav",1.58,1,NA,19,9
16,17,"AlcAsh",20.75,1,NA,19,10
0,0,NA,0,-1,"grignolino",19,11
0,0,NA,0,-1,"barbera",19,12
0,0,NA,0,-1,"grignolino",19,13
0,0,NA,0,-1,"barbera",19,14
0,0,NA,0,-1,"grignolino",19,15
18,19,"NonFlavPhenols",0.18,1,NA,19,16
20,21,"Alcohol",12.875,1,NA,19,17
0,0,NA,0,-1,"grignolino",19,18
22,23,"Alcohol",12.71,1,NA,19,19
0,0,NA,0,-1,"grignolino",19,20
0,0,NA,0,-1,"barolo",19,21
0,0,NA,0,-1,"grignolino",19,22
24,25,"MalicAcid",1.3,1,NA,19,23
0,0,NA,0,-1,"grignolino",19,24
0,0,NA,0,-1,"barolo",19,25
2,3,"Proline",875,1,NA,20,1
4,5,"Hue",0.855,1,NA,20,2
6,7,"Color",3.5250000000000004,1,NA,20,3
8,9,"Flav",1.58,1,NA,20,4
10,11,"Ash",2.535,1,NA,20,5
0,0,NA,0,-1,"grignolino",20,6
0,0,NA,0,-1,"barolo",20,7
0,0,NA,0,-1,"barbera",20,8
12,13,"Alcohol",13.145,1,NA,20,9
14,15,"MalicAcid",4.41,1,NA,20,10
16,17,"Alcohol",12.605,1,NA,20,11
0,0,NA,0,-1,"grignolino",20,12
0,0,NA,0,-1,"barolo",20,13
18,19,"Flav",3.2350000000000003,1,NA,20,14
0,0,NA,0,-1,"barbera",20,15
0,0,NA,0,-1,"grignolino",20,16
20,21,"Color",4.71,1,NA,20,17
0,0,NA,0,-1,"grignolino",20,18
22,23,"AlcAsh",17.35,1,NA,20,19
0,0,NA,0,-1,"barolo",20,20
0,0,NA,0,-1,"barbera",20,21
0,0,NA,0,-1,"barolo",20,22
0,0,NA,0,-1,"grignolino",20,23
2,3,"Proline",900.5,1,NA,21,1
4,5,"Hue",0.83,1,NA,21,2
6,7,"AlcAsh",26.25,1,NA,21,3
8,9,"Phenols",2.67,1,NA,21,4
10,11,"Color",4.92,1,NA,21,5
0,0,NA,0,-1,"barolo",21,6
0,0,NA,0,-1,"grignolino",21,7
12,13,"Color",3.3,1,NA,21,8
0,0,NA,0,-1,"grignolino",21,9
14,15,"Mg",115,1,NA,21,10
16,17,"MalicAcid",2.575,1,NA,21,11
0,0,NA,0,-1,"grignolino",21,12
0,0,NA,0,-1,"barbera",21,13
18,19,"Phenols",1.5750000000000002,1,NA,21,14
20,21,"Hue",0.995,1,NA,21,15
22,23,"Hue",0.905,1,NA,21,16
24,25,"Proa",1.56,1,NA,21,17
26,27,"OD",2.24,1,NA,21,18
0,0,NA,0,-1,"grignolino",21,19
0,0,NA,0,-1,"grignolino",21,20
0,0,NA,0,-1,"barolo",21,21
0,0,NA,0,-1,"barolo",21,22
0,0,NA,0,-1,"grignolino",21,23
0,0,NA,0,-1,"barbera",21,24
0,0,NA,0,-1,"barolo",21,25
0,0,NA,0,-1,"barbera",21,26
0,0,NA,0,-1,"grignolino",21,27
2,3,"Color",3.915,1,NA,22,1
4,5,"OD",3.695,1,NA,22,2
6,7,"Flav",1.7850000000000001,1,NA,22,3
8,9,"Alcohol",13.06,1,NA,22,4
0,0,NA,0,-1,"barolo",22,5
0,0,NA,0,-1,"barbera",22,6
10,11,"Mg",89.5,1,NA,22,7
0,0,NA,0,-1,"grignolino",22,8
12,13,"Proline",731,1,NA,22,9
0,0,NA,0,-1,"grignolino",22,10
14,15,"NonFlavPhenols",0.355,1,NA,22,11
0,0,NA,0,-1,"grignolino",22,12
0,0,NA,0,-1,"barolo",22,13
0,0,NA,0,-1,"barolo",22,14
16,17,"MalicAcid",1.37,1,NA,22,15
0,0,NA,0,-1,"grignolino",22,16
0,0,NA,0,-1,"barolo",22,17
2,3,"Color",3.6500000000000004,1,NA,23,1
0,0,NA,0,-1,"grignolino",23,2
4,5,"Flav",1.58,1,NA,23,3
0,0,NA,0,-1,"barbera",23,4
6,7,"Mg",88,1,NA,23,5
0,0,NA,0,-1,"grignolino",23,6
8,9,"Proa",1.15,1,NA,23,7
0,0,NA,0,-1,"grignolino",23,8
10,11,"Alcohol",12.61,1,NA,23,9
0,0,NA,0,-1,"grignolino",23,10
0,0,NA,0,-1,"barolo",23,11
2,3,"Flav",2.33,1,NA,24,1
4,5,"NonFlavPhenols",0.435,1,NA,24,2
6,7,"Mg",88.5,1,NA,24,3
8,9,"OD",1.935,1,NA,24,4
10,11,"OD",1.895,1,NA,24,5
0,0,NA,0,-1,"grignolino",24,6
12,13,"Color",3.435,1,NA,24,7
0,0,NA,0,-1,"barbera",24,8
14,15,"NonFlavPhenols",0.28500000000000003,1,NA,24,9
0,0,NA,0,-1,"barbera",24,10
16,17,"Ash",2.5549999999999997,1,NA,24,11
0,0,NA,0,-1,"grignolino",24,12
18,19,"AlcAsh",26.75,1,NA,24,13
20,21,"Proline",997.5,1,NA,24,14
0,0,NA,0,-1,"grignolino",24,15
0,0,NA,0,-1,"grignolino",24,16
22,23,"Hue",1.06,1,NA,24,17
24,25,"Proline",706.5,1,NA,24,18
0,0,NA,0,-1,"grignolino",24,19
0,0,NA,0,-1,"grignolino",24,20
0,0,NA,0,-1,"barolo",24,21
0,0,NA,0,-1,"barbera",24,22
0,0,NA,0,-1,"grignolino",24,23
0,0,NA,0,-1,"grignolino",24,24
0,0,NA,0,-1,"barolo",24,25
2,3,"AlcAsh",17.9,1,NA,25,1
4,5,"MalicAcid",1.4449999999999998,1,NA,25,2
6,7,"Alcohol",12.44,1,NA,25,3
8,9,"Proa",1.81,1,NA,25,4
10,11,"Ash",2.01,1,NA,25,5
12,13,"Color",5.09,1,NA,25,6
14,15,"Proline",900,1,NA,25,7
0,0,NA,0,-1,"grignolino",25,8
0,0,NA,0,-1,"barolo",25,9
0,0,NA,0,-1,"grignolino",25,10
0,0,NA,0,-1,"barolo",25,11
0,0,NA,0,-1,"grignolino",25,12
16,17,"MalicAcid",2.54,1,NA,25,13
18,19,"OD",2.365,1,NA,25,14
0,0,NA,0,-1,"barolo",25,15
0,0,NA,0,-1,"grignolino",25,16
0,0,NA,0,-1,"barbera",25,17
0,0,NA,0,-1,"barbera",25,18
20,21,"Phenols",2.305,1,NA,25,19
0,0,NA,0,-1,"grignolino",25,20
22,23,"OD",3.18,1,NA,25,21
0,0,NA,0,-1,"grignolino",25,22
0,0,NA,0,-1,"barolo",25,23
2,3,"Hue",0.79,1,NA,26,1
4,5,"Proline",397.5,1,NA,26,2
6,7,"Proline",755,1,NA,26,3
0,0,NA,0,-1,"grignolino",26,4
0,0,NA,0,-1,"barbera",26,5
8,9,"Flav",0.895,1,NA,26,6
10,11,"Flav",2.3,1,NA,26,7
12,13,"Flav",0.585,1,NA,26,8
14,15,"AlcAsh",17.75,1,NA,26,9
0,0,NA,0,-1,"grignolino",26,10
16,17,"Color",3.435,1,NA,26,11
18,19,"NonFlavPhenols",0.39,1,NA,26,12
0,0,NA,0,-1,"barbera",26,13
20,21,"MalicAcid",3.0300000000000002,1,NA,26,14
0,0,NA,0,-1,"grignolino",26,15
0,0,NA,0,-1,"grignolino",26,16
0,0,NA,0,-1,"barolo",26,17
0,0,NA,0,-1,"grignolino",26,18
0,0,NA,0,-1,"barbera",26,19
0,0,NA,0,-1,"grignolino",26,20
0,0,NA,0,-1,"barolo",26,21
2,3,"Hue",0.785,1,NA,27,1
4,5,"Color",4.02,1,NA,27,2
6,7,"Phenols",2.315,1,NA,27,3
0,0,NA,0,-1,"grignolino",27,4
0,0,NA,0,-1,"barbera",27,5
8,9,"Flav",0.7949999999999999,1,NA,27,6
10,11,"Proline",707.5,1,NA,27,7
12,13,"Alcohol",12.45,1,NA,27,8
14,15,"Proline",1075,1,NA,27,9
16,17,"Mg",102,1,NA,27,10
18,19,"Hue",1.295,1,NA,27,11
0,0,NA,0,-1,"grignolino",27,12
0,0,NA,0,-1,"barbera",27,13
0,0,NA,0,-1,"grignolino",27,14
0,0,NA,0,-1,"barolo",27,15
0,0,NA,0,-1,"grignolino",27,16
0,0,NA,0,-1,"barolo",27,17
20,21,"Proa",3.045,1,NA,27,18
0,0,NA,0,-1,"grignolino",27,19
0,0,NA,0,-1,"barolo",27,20
0,0,NA,0,-1,"grignolino",27,21
2,3,"Alcohol",12.739999999999998,1,NA,28,1
4,5,"Color",6.425,1,NA,28,2
6,7,"Hue",0.815,1,NA,28,3
0,0,NA,0,-1,"grignolino",28,4
0,0,NA,0,-1,"barbera",28,5
8,9,"Proline",402.5,1,NA,28,6
10,11,"Flav",2.2,1,NA,28,7
0,0,NA,0,-1,"grignolino",28,8
0,0,NA,0,-1,"barbera",28,9
12,13,"Alcohol",12.94,1,NA,28,10
14,15,"Ash",1.9,1,NA,28,11
0,0,NA,0,-1,"barbera",28,12
16,17,"Alcohol",13.48,1,NA,28,13
0,0,NA,0,-1,"grignolino",28,14
18,19,"Mg",87.5,1,NA,28,15
0,0,NA,0,-1,"grignolino",28,16
20,21,"AlcAsh",19,1,NA,28,17
0,0,NA,0,-1,"grignolino",28,18
22,23,"AlcAsh",27.5,1,NA,28,19
0,0,NA,0,-1,"grignolino",28,20
0,0,NA,0,-1,"barbera",28,21
0,0,NA,0,-1,"barolo",28,22
0,0,NA,0,-1,"grignolino",28,23
2,3,"Alcohol",12.78,1,NA,29,1
4,5,"NonFlavPhenols",0.59,1,NA,29,2
6,7,"Proa",1.3250000000000002,1,NA,29,3
8,9,"Alcohol",12.14,1,NA,29,4
10,11,"Ash",2.7800000000000002,1,NA,29,5
12,13,"AlcAsh",19.2,1,NA,29,6
14,15,"Alcohol",13.26,1,NA,29,7
0,0,NA,0,-1,"grignolino",29,8
16,17,"MalicAcid",3.49,1,NA,29,9
18,19,"Mg",99,1,NA,29,10
0,0,NA,0,-1,"grignolino",29,11
20,21,"NonFlavPhenols",0.35,1,NA,29,12
0,0,NA,0,-1,"barbera",29,13
22,23,"Ash",2.3449999999999998,1,NA,29,14
24,25,"OD",2.225,1,NA,29,15
26,27,"Phenols",1.315,1,NA,29,16
28,29,"Proa",1.375,1,NA,29,17
0,0,NA,0,-1,"barbera",29,18
0,0,NA,0,-1,"grignolino",29,19
0,0,NA,0,-1,"barolo",29,20
30,31,"Color",4.225,1,NA,29,21
32,33,"Color",6.25,1,NA,29,22
34,35,"Color",6.39,1,NA,29,23
0,0,NA,0,-1,"barbera",29,24
0,0,NA,0,-1,"barolo",29,25
0,0,NA,0,-1,"barbera",29,26
0,0,NA,0,-1,"grignolino",29,27
0,0,NA,0,-1,"barbera",29,28
0,0,NA,0,-1,"grignolino",29,29
0,0,NA,0,-1,"grignolino",29,30
0,0,NA,0,-1,"barbera",29,31
0,0,NA,0,-1,"grignolino",29,32
36,37,"Alcohol",13.14,1,NA,29,33
38,39,"Flav",2.785,1,NA,29,34
0,0,NA,0,-1,"barbera",29,35
0,0,NA,0,-1,"barolo",29,36
0,0,NA,0,-1,"barbera",29,37
0,0,NA,0,-1,"barolo",29,38
40,41,"MalicAcid",2.0149999999999997,1,NA,29,39
0,0,NA,0,-1,"grignolino",29,40
0,0,NA,0,-1,"barolo",29,41
2,3,"Hue",0.785,1,NA,30,1
4,5,"Ash",2.1399999999999997,1,NA,30,2
6,7,"Alcohol",13.04,1,NA,30,3
8,9,"Flav",1.58,1,NA,30,4
10,11,"Color",3.9699999999999998,1,NA,30,5
12,13,"Color",5.09,1,NA,30,6
14,15,"Flav",2.06,1,NA,30,7
0,0,NA,0,-1,"barbera",30,8
0,0,NA,0,-1,"grignolino",30,9
0,0,NA,0,-1,"grignolino",30,10
0,0,NA,0,-1,"barbera",30,11
0,0,NA,0,-1,"grignolino",30,12
16,17,"Color",5.665,1,NA,30,13
18,19,"OD",1.875,1,NA,30,14
20,21,"Proline",545,1,NA,30,15
0,0,NA,0,-1,"barbera",30,16
0,0,NA,0,-1,"grignolino",30,17
0,0,NA,0,-1,"barbera",30,18
22,23,"Color",4.074999999999999,1,NA,30,19
0,0,NA,0,-1,"grignolino",30,20
0,0,NA,0,-1,"barolo",30,21
0,0,NA,0,-1,"grignolino",30,22
24,25,"Proa",1.085,1,NA,30,23
0,0,NA,0,-1,"barbera",30,24
0,0,NA,0,-1,"grignolino",30,25
2,3,"Phenols",2.01,1,NA,31,1
4,5,"OD",2.115,1,NA,31,2
6,7,"Proline",724.5,1,NA,31,3
8,9,"Color",3.6999999999999997,1,NA,31,4
10,11,"Proline",765,1,NA,31,5
12,13,"Flav",1.3599999999999999,1,NA,31,6
14,15,"NonFlavPhenols",0.15000000000000002,1,NA,31,7
0,0,NA,0,-1,"grignolino",31,8
16,17,"Color",4.85,1,NA,31,9
0,0,NA,0,-1,"grignolino",31,10
0,0,NA,0,-1,"barbera",31,11
0,0,NA,0,-1,"barbera",31,12
0,0,NA,0,-1,"grignolino",31,13
0,0,NA,0,-1,"grignolino",31,14
18,19,"MalicAcid",1.145,1,NA,31,15
20,21,"Proline",517.5,1,NA,31,16
0,0,NA,0,-1,"barbera",31,17
0,0,NA,0,-1,"grignolino",31,18
22,23,"Alcohol",12.7,1,NA,31,19
0,0,NA,0,-1,"grignolino",31,20
0,0,NA,0,-1,"barbera",31,21
0,0,NA,0,-1,"grignolino",31,22
24,25,"AlcAsh",27.5,1,NA,31,23
0,0,NA,0,-1,"barolo",31,24
0,0,NA,0,-1,"grignolino",31,25
2,3,"Alcohol",12.78,1,NA,32,1
4,5,"Phenols",1.54,1,NA,32,2
6,7,"Proline",842.5,1,NA,32,3
8,9,"Color",4.275,1,NA,32,4
10,11,"Color",4.8,1,NA,32,5
12,13,"Phenols",2.425,1,NA,32,6
14,15,"OD",3.4850000000000003,1,NA,32,7
0,0,NA,0,-1,"grignolino",32,8
0,0,NA,0,-1,"barbera",32,9
0,0,NA,0,-1,"grignolino",32,10
16,17,"Mg",112.5,1,NA,32,11
18,19,"Hue",1.095,1,NA,32,12
20,21,"Proline",530,1,NA,32,13
0,0,NA,0,-1,"barolo",32,14
22,23,"NonFlavPhenols",0.235,1,NA,32,15
0,0,NA,0,-1,"barbera",32,16
0,0,NA,0,-1,"grignolino",32,17
0,0,NA,0,-1,"barbera",32,18
0,0,NA,0,-1,"grignolino",32,19
0,0,NA,0,-1,"grignolino",32,20
24,25,"Hue",0.985,1,NA,32,21
0,0,NA,0,-1,"grignolino",32,22
0,0,NA,0,-1,"barolo",32,23
0,0,NA,0,-1,"barolo",32,24
26,27,"MalicAcid",1.285,1,NA,32,25
0,0,NA,0,-1,"grignolino",32,26
0,0,NA,0,-1,"barolo",32,27
2,3,"OD",2.19,1,NA,33,1
4,5,"Proa",1.59,1,NA,33,2
6,7,"Proline",726.5,1,NA,33,3
8,9,"MalicAcid",1.89,1,NA,33,4
10,11,"Mg",87,1,NA,33,5
12,13,"Proa",0.89,1,NA,33,6
14,15,"Flav",2.165,1,NA,33,7
16,17,"Flav",0.8,1,NA,33,8
0,0,NA,0,-1,"barbera",33,9
0,0,NA,0,-1,"grignolino",33,10
0,0,NA,0,-1,"barbera",33,11
18,19,"Proa",0.74,1,NA,33,12
0,0,NA,0,-1,"grignolino",33,13
0,0,NA,0,-1,"grignolino",33,14
20,21,"Hue",1.295,1,NA,33,15
0,0,NA,0,-1,"barbera",33,16
0,0,NA,0,-1,"grignolino",33,17
0,0,NA,0,-1,"grignolino",33,18
0,0,NA,0,-1,"barbera",33,19
22,23,"Alcohol",12.66,1,NA,33,20
0,0,NA,0,-1,"grignolino",33,21
0,0,NA,0,-1,"grignolino",33,22
0,0,NA,0,-1,"barolo",33,23
2,3,"AlcAsh",17.45,1,NA,34,1
4,5,"MalicAcid",1.395,1,NA,34,2
6,7,"Hue",0.79,1,NA,34,3
0,0,NA,0,-1,"grignolino",34,4
8,9,"OD",2.415,1,NA,34,5
10,11,"OD",2.64,1,NA,34,6
12,13,"Alcohol",13.145,1,NA,34,7
0,0,NA,0,-1,"grignolino",34,8
0,0,NA,0,-1,"barolo",34,9
0,0,NA,0,-1,"barbera",34,10
0,0,NA,0,-1,"grignolino",34,11
14,15,"Flav",0.925,1,NA,34,12
16,17,"Phenols",2.315,1,NA,34,13
0,0,NA,0,-1,"barbera",34,14
18,19,"Ash",2.53,1,NA,34,15
20,21,"Hue",0.97,1,NA,34,16
0,0,NA,0,-1,"barolo",34,17
0,0,NA,0,-1,"grignolino",34,18
22,23,"Phenols",2.305,1,NA,34,19
0,0,NA,0,-1,"barbera",34,20
0,0,NA,0,-1,"grignolino",34,21
0,0,NA,0,-1,"grignolino",34,22
24,25,"Phenols",2.9050000000000002,1,NA,34,23
26,27,"Hue",1.16,1,NA,34,24
0,0,NA,0,-1,"grignolino",34,25
0,0,NA,0,-1,"barolo",34,26
0,0,NA,0,-1,"grignolino",34,27
2,3,"Flav",0.9550000000000001,1,NA,35,1
4,5,"Phenols",1.955,1,NA,35,2
6,7,"Alcohol",13.04,1,NA,35,3
0,0,NA,0,-1,"barbera",35,4
8,9,"AlcAsh",14.05,1,NA,35,5
10,11,"Alcohol",12.765,1,NA,35,6
12,13,"Proline",655,1,NA,35,7
0,0,NA,0,-1,"grignolino",35,8
0,0,NA,0,-1,"barbera",35,9
14,15,"Hue",0.785,1,NA,35,10
16,17,"Alcohol",12.935,1,NA,35,11
18,19,"Color",6.949999999999999,1,NA,35,12
0,0,NA,0,-1,"barolo",35,13
20,21,"Hue",0.765,1,NA,35,14
0,0,NA,0,-1,"grignolino",35,15
0,0,NA,0,-1,"barbera",35,16
0,0,NA,0,-1,"grignolino",35,17
0,0,NA,0,-1,"grignolino",35,18
0,0,NA,0,-1,"barbera",35,19
0,0,NA,0,-1,"grignolino",35,20
0,0,NA,0,-1,"barbera",35,21
2,3,"Alcohol",12.78,1,NA,36,1
4,5,"Hue",0.6799999999999999,1,NA,36,2
6,7,"Hue",0.855,1,NA,36,3
0,0,NA,0,-1,"barbera",36,4
8,9,"OD",1.755,1,NA,36,5
10,11,"AlcAsh",18,1,NA,36,6
12,13,"AlcAsh",23.25,1,NA,36,7
0,0,NA,0,-1,"barbera",36,8
0,0,NA,0,-1,"grignolino",36,9
0,0,NA,0,-1,"barolo",36,10
0,0,NA,0,-1,"barbera",36,11
14,15,"Proline",760,1,NA,36,12
16,17,"Flav",2.77,1,NA,36,13
18,19,"Flav",1.05,1,NA,36,14
0,0,NA,0,-1,"barolo",36,15
20,21,"Color",3.66,1,NA,36,16
0,0,NA,0,-1,"grignolino",36,17
0,0,NA,0,-1,"barbera",36,18
0,0,NA,0,-1,"grignolino",36,19
0,0,NA,0,-1,"barolo",36,20
0,0,NA,0,-1,"grignolino",36,21
2,3,"Phenols",2.325,1,NA,37,1
4,5,"Phenols",1.8250000000000002,1,NA,37,2
6,7,"Color",3.415,1,NA,37,3
8,9,"MalicAcid",2.29,1,NA,37,4
10,11,"Flav",1.025,1,NA,37,5
0,0,NA,0,-1,"grignolino",37,6
12,13,"MalicAcid",1.28,1,NA,37,7
14,15,"Flav",0.7849999999999999,1,NA,37,8
16,17,"Alcohol",12.045,1,NA,37,9
18,19,"Proa",0.72,1,NA,37,10
0,0,NA,0,-1,"grignolino",37,11
0,0,NA,0,-1,"grignolino",37,12
20,21,"Hue",0.695,1,NA,37,13
0,0,NA,0,-1,"barbera",37,14
0,0,NA,0,-1,"grignolino",37,15
0,0,NA,0,-1,"grignolino",37,16
22,23,"Alcohol",12.475,1,NA,37,17
0,0,NA,0,-1,"grignolino",37,18
0,0,NA,0,-1,"barbera",37,19
0,0,NA,0,-1,"barbera",37,20
24,25,"Proline",572.5,1,NA,37,21
26,27,"Mg",89.5,1,NA,37,22
0,0,NA,0,-1,"barbera",37,23
0,0,NA,0,-1,"grignolino",37,24
0,0,NA,0,-1,"barolo",37,25
0,0,NA,0,-1,"barbera",37,26
0,0,NA,0,-1,"grignolino",37,27
2,3,"Alcohol",12.695,1,NA,38,1
4,5,"Flav",0.9550000000000001,1,NA,38,2
6,7,"Proline",842.5,1,NA,38,3
8,9,"AlcAsh",14.55,1,NA,38,4
0,0,NA,0,-1,"grignolino",38,5
10,11,"Flav",1.58,1,NA,38,6
0,0,NA,0,-1,"barolo",38,7
0,0,NA,0,-1,"grignolino",38,8
0,0,NA,0,-1,"barbera",38,9
12,13,"Hue",0.99,1,NA,38,10
14,15,"Phenols",2.99,1,NA,38,11
16,17,"Alcohol",12.78,1,NA,38,12
0,0,NA,0,-1,"grignolino",38,13
18,19,"Proa",1.6400000000000001,1,NA,38,14
0,0,NA,0,-1,"barolo",38,15
20,21,"Phenols",1.665,1,NA,38,16
0,0,NA,0,-1,"barbera",38,17
0,0,NA,0,-1,"grignolino",38,18
22,23,"OD",3.08,1,NA,38,19
0,0,NA,0,-1,"grignolino",38,20
0,0,NA,0,-1,"barbera",38,21
0,0,NA,0,-1,"barolo",38,22
0,0,NA,0,-1,"grignolino",38,23
2,3,"Alcohol",12.745000000000001,1,NA,39,1
4,5,"Proa",1.28,1,NA,39,2
6,7,"MalicAcid",2.2350000000000003,1,NA,39,3
8,9,"Flav",1.475,1,NA,39,4
0,0,NA,0,-1,"grignolino",39,5
10,11,"OD",2.2649999999999997,1,NA,39,6
12,13,"Phenols",2.1950000000000003,1,NA,39,7
14,15,"Hue",0.915,1,NA,39,8
0,0,NA,0,-1,"grignolino",39,9
16,17,"Color",3.635,1,NA,39,10
18,19,"Hue",1.28,1,NA,39,11
20,21,"Mg",83,1,NA,39,12
22,23,"Color",3.46,1,NA,39,13
0,0,NA,0,-1,"barbera",39,14
0,0,NA,0,-1,"grignolino",39,15
0,0,NA,0,-1,"grignolino",39,16
0,0,NA,0,-1,"barbera",39,17
24,25,"MalicAcid",1.1800000000000002,1,NA,39,18
0,0,NA,0,-1,"grignolino",39,19
26,27,"Proa",0.755,1,NA,39,20
0,0,NA,0,-1,"barbera",39,21
0,0,NA,0,-1,"grignolino",39,22
0,0,NA,0,-1,"barolo",39,23
0,0,NA,0,-1,"grignolino",39,24
0,0,NA,0,-1,"barolo",39,25
0,0,NA,0,-1,"barbera",39,26
0,0,NA,0,-1,"grignolino",39,27
2,3,"Flav",2.31,1,NA,40,1
4,5,"Ash",2.29,1,NA,40,2
6,7,"Proline",724.5,1,NA,40,3
8,9,"OD",1.94,1,NA,40,4
10,11,"Color",3.825,1,NA,40,5
12,13,"Proa",1.7149999999999999,1,NA,40,6
0,0,NA,0,-1,"barolo",40,7
14,15,"Ash",2.06,1,NA,40,8
0,0,NA,0,-1,"grignolino",40,9
0,0,NA,0,-1,"grignolino",40,10
0,0,NA,0,-1,"barbera",40,11
0,0,NA,0,-1,"barolo",40,12
0,0,NA,0,-1,"grignolino",40,13
0,0,NA,0,-1,"grignolino",40,14
0,0,NA,0,-1,"barbera",40,15
2,3,"OD",2.085,1,NA,41,1
4,5,"Hue",0.83,1,NA,41,2
6,7,"Color",3.49,1,NA,41,3
0,0,NA,0,-1,"barbera",41,4
8,9,"Flav",0.91,1,NA,41,5
0,0,NA,0,-1,"grignolino",41,6
10,11,"Phenols",2.36,1,NA,41,7
12,13,"Hue",1.005,1,NA,41,8
0,0,NA,0,-1,"grignolino",41,9
14,15,"Proa",0.92,1,NA,41,10
16,17,"Mg",88,1,NA,41,11
0,0,NA,0,-1,"barbera",41,12
0,0,NA,0,-1,"grignolino",41,13
18,19,"MalicAcid",1.905,1,NA,41,14
0,0,NA,0,-1,"grignolino",41,15
0,0,NA,0,-1,"grignolino",41,16
20,21,"Proline",679,1,NA,41,17
0,0,NA,0,-1,"grignolino",41,18
0,0,NA,0,-1,"barbera",41,19
0,0,NA,0,-1,"grignolino",41,20
0,0,NA,0,-1,"barolo",41,21
2,3,"Proline",755,1,NA,42,1
4,5,"OD",1.875,1,NA,42,2
6,7,"Phenols",2,1,NA,42,3
8,9,"Proa",0.71,1,NA,42,4
10,11,"Alcohol",12.805,1,NA,42,5
12,13,"Ash",2.2800000000000002,1,NA,42,6
14,15,"NonFlavPhenols",0.15000000000000002,1,NA,42,7
0,0,NA,0,-1,"grignolino",42,8
0,0,NA,0,-1,"barbera",42,9
0,0,NA,0,-1,"grignolino",42,10
16,17,"Color",5.4399999999999995,1,NA,42,11
0,0,NA,0,-1,"grignolino",42,12
0,0,NA,0,-1,"barbera",42,13
0,0,NA,0,-1,"grignolino",42,14
0,0,NA,0,-1,"barolo",42,15
18,19,"AlcAsh",23.25,1,NA,42,16
0,0,NA,0,-1,"barbera",42,17
20,21,"Flav",0.9,1,NA,42,18
0,0,NA,0,-1,"barbera",42,19
0,0,NA,0,-1,"barbera",42,20
0,0,NA,0,-1,"grignolino",42,21
2,3,"Color",3.82,1,NA,43,1
4,5,"Flav",2.665,1,NA,43,2
6,7,"AlcAsh",17.9,1,NA,43,3
8,9,"Proline",945,1,NA,43,4
10,11,"Alcohol",12.33,1,NA,43,5
12,13,"OD",2.605,1,NA,43,6
14,15,"Hue",0.83,1,NA,43,7
0,0,NA,0,-1,"grignolino",43,8
0,0,NA,0,-1,"barolo",43,9
0,0,NA,0,-1,"grignolino",43,10
0,0,NA,0,-1,"barolo",43,11
0,0,NA,0,-1,"grignolino",43,12
0,0,NA,0,-1,"barolo",43,13
0,0,NA,0,-1,"barbera",43,14
16,17,"Alcohol",13.105,1,NA,43,15
18,19,"Flav",1.095,1,NA,43,16
20,21,"OD",2.315,1,NA,43,17
0,0,NA,0,-1,"barbera",43,18
22,23,"Alcohol",12.825,1,NA,43,19
0,0,NA,0,-1,"barbera",43,20
0,0,NA,0,-1,"barolo",43,21
0,0,NA,0,-1,"grignolino",43,22
24,25,"Proline",642.5,1,NA,43,23
0,0,NA,0,-1,"grignolino",43,24
0,0,NA,0,-1,"barolo",43,25
2,3,"Flav",1.315,1,NA,44,1
4,5,"Proa",0.485,1,NA,44,2
6,7,"Color",3.46,1,NA,44,3
0,0,NA,0,-1,"grignolino",44,4
8,9,"OD",2.56,1,NA,44,5
0,0,NA,0,-1,"grignolino",44,6
10,11,"Proline",737,1,NA,44,7
0,0,NA,0,-1,"barbera",44,8
0,0,NA,0,-1,"grignolino",44,9
12,13,"Phenols",1.525,1,NA,44,10
0,0,NA,0,-1,"barolo",44,11
0,0,NA,0,-1,"barbera",44,12
0,0,NA,0,-1,"grignolino",44,13
2,3,"Flav",2.31,1,NA,45,1
4,5,"Flav",1.2349999999999999,1,NA,45,2
6,7,"Color",4.55,1,NA,45,3
8,9,"Color",3.525,1,NA,45,4
10,11,"Alcohol",13.065000000000001,1,NA,45,5
12,13,"NonFlavPhenols",0.25,1,NA,45,6
14,15,"NonFlavPhenols",0.44999999999999996,1,NA,45,7
0,0,NA,0,-1,"grignolino",45,8
0,0,NA,0,-1,"barbera",45,9
0,0,NA,0,-1,"grignolino",45,10
16,17,"MalicAcid",1.67,1,NA,45,11
0,0,NA,0,-1,"grignolino",45,12
18,19,"Phenols",2.54,1,NA,45,13
0,0,NA,0,-1,"barolo",45,14
20,21,"Alcohol",12.66,1,NA,45,15
0,0,NA,0,-1,"grignolino",45,16
0,0,NA,0,-1,"barbera",45,17
22,23,"Alcohol",12.785,1,NA,45,18
24,25,"NonFlavPhenols",0.28,1,NA,45,19
0,0,NA,0,-1,"grignolino",45,20
0,0,NA,0,-1,"barolo",45,21
0,0,NA,0,-1,"grignolino",45,22
0,0,NA,0,-1,"barolo",45,23
0,0,NA,0,-1,"barolo",45,24
26,27,"Phenols",2.77,1,NA,45,25
0,0,NA,0,-1,"grignolino",45,26
28,29,"Hue",1.115,1,NA,45,27
0,0,NA,0,-1,"barolo",45,28
0,0,NA,0,-1,"grignolino",45,29
2,3,"Alcohol",12.745000000000001,1,NA,46,1
4,5,"Color",3.825,1,NA,46,2
6,7,"AlcAsh",19.2,1,NA,46,3
0,0,NA,0,-1,"grignolino",46,4
8,9,"Flav",1.785,1,NA,46,5
10,11,"MalicAcid",1.3,1,NA,46,6
12,13,"Phenols",2.4699999999999998,1,NA,46,7
0,0,NA,0,-1,"barbera",46,8
0,0,NA,0,-1,"grignolino",46,9
0,0,NA,0,-1,"grignolino",46,10
0,0,NA,0,-1,"barolo",46,11
14,15,"MalicAcid",1.7799999999999998,1,NA,46,12
16,17,"Ash",2.6500000000000004,1,NA,46,13
0,0,NA,0,-1,"grignolino",46,14
18,19,"Proline",517.5,1,NA,46,15
0,0,NA,0,-1,"grignolino",46,16
0,0,NA,0,-1,"barolo",46,17
20,21,"Proa",1.59,1,NA,46,18
0,0,NA,0,-1,"barbera",46,19
0,0,NA,0,-1,"barbera",46,20
0,0,NA,0,-1,"grignolino",46,21
2,3,"Proline",842.5,1,NA,47,1
4,5,"MalicAcid",2.455,1,NA,47,2
6,7,"OD",2.255,1,NA,47,3
8,9,"Ash",2.9000000000000004,1,NA,47,4
10,11,"Hue",0.995,1,NA,47,5
0,0,NA,0,-1,"barbera",47,6
12,13,"Hue",1.295,1,NA,47,7
14,15,"OD",1.57,1,NA,47,8
16,17,"Ash",3.225,1,NA,47,9
18,19,"Flav",1.6600000000000001,1,NA,47,10
20,21,"Color",4.0600000000000005,1,NA,47,11
22,23,"Alcohol",12.405000000000001,1,NA,47,12
0,0,NA,0,-1,"grignolino",47,13
0,0,NA,0,-1,"barbera",47,14
0,0,NA,0,-1,"grignolino",47,15
0,0,NA,0,-1,"barolo",47,16
0,0,NA,0,-1,"grignolino",47,17
0,0,NA,0,-1,"barbera",47,18
24,25,"Hue",0.8049999999999999,1,NA,47,19
0,0,NA,0,-1,"grignolino",47,20
0,0,NA,0,-1,"barolo",47,21
0,0,NA,0,-1,"grignolino",47,22
0,0,NA,0,-1,"barolo",47,23
0,0,NA,0,-1,"grignolino",47,24
0,0,NA,0,-1,"barolo",47,25
2,3,"Flav",1.4449999999999998,1,NA,48,1
4,5,"Color",3.625,1,NA,48,2
6,7,"Alcohol",12.785,1,NA,48,3
0,0,NA,0,-1,"grignolino",48,4
0,0,NA,0,-1,"barbera",48,5
0,0,NA,0,-1,"grignolino",48,6
8,9,"MalicAcid",1.3399999999999999,1,NA,48,7
0,0,NA,0,-1,"grignolino",48,8
10,11,"AlcAsh",21.5,1,NA,48,9
0,0,NA,0,-1,"barolo",48,10
12,13,"Mg",104.5,1,NA,48,11
0,0,NA,0,-1,"grignolino",48,12
14,15,"Color",6.09,1,NA,48,13
0,0,NA,0,-1,"barolo",48,14
0,0,NA,0,-1,"barbera",48,15
2,3,"Proline",755,1,NA,49,1
4,5,"OD",2.19,1,NA,49,2
6,7,"Color",3.435,1,NA,49,3
8,9,"Color",3.6849999999999996,1,NA,49,4
10,11,"Alcohol",13.145,1,NA,49,5
0,0,NA,0,-1,"grignolino",49,6
12,13,"Flav",1.5550000000000002,1,NA,49,7
0,0,NA,0,-1,"grignolino",49,8
0,0,NA,0,-1,"barbera",49,9
0,0,NA,0,-1,"grignolino",49,10
14,15,"Proline",655,1,NA,49,11
0,0,NA,0,-1,"barbera",49,12
0,0,NA,0,-1,"barolo",49,13
0,0,NA,0,-1,"grignolino",49,14
0,0,NA,0,-1,"barolo",49,15
2,3,"Proline",755,1,NA,50,1
4,5,"Color",4.85,1,NA,50,2
6,7,"Hue",0.765,1,NA,50,3
8,9,"MalicAcid",3.92,1,NA,50,4
10,11,"Hue",0.91,1,NA,50,5
0,0,NA,0,-1,"barbera",50,6
12,13,"Flav",2.3,1,NA,50,7
14,15,"Color",4.13,1,NA,50,8
16,17,"Phenols",2.42,1,NA,50,9
0,0,NA,0,-1,"barbera",50,10
0,0,NA,0,-1,"grignolino",50,11
18,19,"Phenols",2.45,1,NA,50,12
20,21,"Hue",1.28,1,NA,50,13
0,0,NA,0,-1,"grignolino",50,14
22,23,"Color",4.385,1,NA,50,15
24,25,"AlcAsh",23.75,1,NA,50,16
0,0,NA,0,-1,"barolo",50,17
0,0,NA,0,-1,"barolo",50,18
0,0,NA,0,-1,"grignolino",50,19
0,0,NA,0,-1,"barolo",50,20
0,0,NA,0,-1,"grignolino",50,21
0,0,NA,0,-1,"barolo",50,22
0,0,NA,0,-1,"grignolino",50,23
0,0,NA,0,-1,"barbera",50,24
0,0,NA,0,-1,"grignolino",50,25
2,3,"OD",2.115,1,NA,51,1
4,5,"Alcohol",12.41,1,NA,51,2
6,7,"Color",3.49,1,NA,51,3
8,9,"Mg",107.5,1,NA,51,4
10,11,"Mg",83,1,NA,51,5
0,0,NA,0,-1,"grignolino",51,6
12,13,"Mg",88,1,NA,51,7
14,15,"OD",1.47,1,NA,51,8
0,0,NA,0,-1,"barbera",51,9
0,0,NA,0,-1,"grignolino",51,10
16,17,"Ash",2.06,1,NA,51,11
0,0,NA,0,-1,"grignolino",51,12
18,19,"Alcohol",12.61,1,NA,51,13
0,0,NA,0,-1,"barbera",51,14
0,0,NA,0,-1,"grignolino",51,15
0,0,NA,0,-1,"grignolino",51,16
0,0,NA,0,-1,"barbera",51,17
0,0,NA,0,-1,"grignolino",51,18
0,0,NA,0,-1,"barolo",51,19
2,3,"Phenols",2.335,1,NA,52,1
4,5,"Color",4,1,NA,52,2
6,7,"Color",3.54,1,NA,52,3
8,9,"Proa",0.815,1,NA,52,4
10,11,"Flav",1.33,1,NA,52,5
0,0,NA,0,-1,"grignolino",52,6
12,13,"Proline",670,1,NA,52,7
14,15,"Proline",700,1,NA,52,8
0,0,NA,0,-1,"grignolino",52,9
0,0,NA,0,-1,"barbera",52,10
16,17,"Alcohol",13.275,1,NA,52,11
18,19,"Ash",2.4000000000000004,1,NA,52,12
0,0,NA,0,-1,"barolo",52,13
0,0,NA,0,-1,"grignolino",52,14
0,0,NA,0,-1,"barbera",52,15
0,0,NA,0,-1,"grignolino",52,16
0,0,NA,0,-1,"barbera",52,17
0,0,NA,0,-1,"grignolino",52,18
0,0,NA,0,-1,"barbera",52,19
2,3,"Proline",755,1,NA,53,1
4,5,"Hue",0.895,1,NA,53,2
6,7,"Flav",1.5550000000000002,1,NA,53,3
8,9,"OD",2.285,1,NA,53,4
10,11,"Flav",0.565,1,NA,53,5
0,0,NA,0,-1,"barbera",53,6
12,13,"AlcAsh",27.5,1,NA,53,7
14,15,"Flav",1.58,1,NA,53,8
16,17,"AlcAsh",18.25,1,NA,53,9
0,0,NA,0,-1,"barbera",53,10
18,19,"MalicAcid",2.51,1,NA,53,11
0,0,NA,0,-1,"barolo",53,12
0,0,NA,0,-1,"grignolino",53,13
0,0,NA,0,-1,"barbera",53,14
0,0,NA,0,-1,"grignolino",53,15
0,0,NA,0,-1,"barolo",53,16
0,0,NA,0,-1,"grignolino",53,17
0,0,NA,0,-1,"grignolino",53,18
20,21,"Mg",115,1,NA,53,19
0,0,NA,0,-1,"grignolino",53,20
0,0,NA,0,-1,"barolo",53,21
2,3,"Hue",0.78,1,NA,54,1
4,5,"Flav",2.11,1,NA,54,2
6,7,"Ash",2.2649999999999997,1,NA,54,3
8,9,"Proline",398.5,1,NA,54,4
0,0,NA,0,-1,"grignolino",54,5
10,11,"Color",3.875,1,NA,54,6
12,13,"AlcAsh",19.75,1,NA,54,7
0,0,NA,0,-1,"grignolino",54,8
0,0,NA,0,-1,"barbera",54,9
0,0,NA,0,-1,"grignolino",54,10
14,15,"MalicAcid",1.5150000000000001,1,NA,54,11
16,17,"Proline",600,1,NA,54,12
18,19,"Flav",0.9550000000000001,1,NA,54,13
0,0,NA,0,-1,"grignolino",54,14
20,21,"Flav",1.335,1,NA,54,15
0,0,NA,0,-1,"grignolino",54,16
0,0,NA,0,-1,"barolo",54,17
0,0,NA,0,-1,"barbera",54,18
22,23,"Alcohol",13.02,1,NA,54,19
0,0,NA,0,-1,"barbera",54,20
0,0,NA,0,-1,"barolo",54,21
0,0,NA,0,-1,"grignolino",54,22
24,25,"Proa",1.895,1,NA,54,23
26,27,"Phenols",2.875,1,NA,54,24
0,0,NA,0,-1,"barolo",54,25
0,0,NA,0,-1,"barolo",54,26
0,0,NA,0,-1,"grignolino",54,27
2,3,"Hue",0.785,1,NA,55,1
4,5,"Phenols",2.83,1,NA,55,2
6,7,"Proline",679,1,NA,55,3
8,9,"AlcAsh",16.75,1,NA,55,4
0,0,NA,0,-1,"grignolino",55,5
10,11,"MalicAcid",4.6899999999999995,1,NA,55,6
12,13,"MalicAcid",1.27,1,NA,55,7
0,0,NA,0,-1,"grignolino",55,8
14,15,"OD",2.6550000000000002,1,NA,55,9
16,17,"Color",5.25,1,NA,55,10
0,0,NA,0,-1,"barbera",55,11
0,0,NA,0,-1,"grignolino",55,12
18,19,"Mg",135.5,1,NA,55,13
0,0,NA,0,-1,"barbera",55,14
0,0,NA,0,-1,"grignolino",55,15
0,0,NA,0,-1,"grignolino",55,16
0,0,NA,0,-1,"barbera",55,17
20,21,"Color",3.285,1,NA,55,18
0,0,NA,0,-1,"grignolino",55,19
0,0,NA,0,-1,"grignolino",55,20
22,23,"Proa",1.025,1,NA,55,21
0,0,NA,0,-1,"barbera",55,22
0,0,NA,0,-1,"barolo",55,23
2,3,"Phenols",2.325,1,NA,56,1
4,5,"OD",2.09,1,NA,56,2
6,7,"Proline",755,1,NA,56,3
8,9,"MalicAcid",1.96,1,NA,56,4
10,11,"Phenols",1.4249999999999998,1,NA,56,5
12,13,"Hue",0.6499999999999999,1,NA,56,6
14,15,"Alcohol",12.7,1,NA,56,7
16,17,"Hue",0.833,1,NA,56,8
0,0,NA,0,-1,"barbera",56,9
0,0,NA,0,-1,"barbera",56,10
18,19,"Color",4.84,1,NA,56,11
0,0,NA,0,-1,"barbera",56,12
20,21,"MalicAcid",3.575,1,NA,56,13
0,0,NA,0,-1,"grignolino",56,14
0,0,NA,0,-1,"barolo",56,15
0,0,NA,0,-1,"barbera",56,16
0,0,NA,0,-1,"grignolino",56,17
0,0,NA,0,-1,"grignolino",56,18
0,0,NA,0,-1,"barolo",56,19
0,0,NA,0,-1,"grignolino",56,20
22,23,"MalicAcid",4.89,1,NA,56,21
0,0,NA,0,-1,"barolo",56,22
0,0,NA,0,-1,"grignolino",56,23
2,3,"Phenols",2.38,1,NA,57,1
4,5,"Color",3.825,1,NA,57,2
6,7,"Proline",707.5,1,NA,57,3
0,0,NA,0,-1,"grignolino",57,4
8,9,"OD",2.645,1,NA,57,5
10,11,"Color",8.1,1,NA,57,6
12,13,"Flav",2.165,1,NA,57,7
14,15,"Phenols",2.01,1,NA,57,8
0,0,NA,0,-1,"barolo",57,9
16,17,"Alcohol",13.145,1,NA,57,10
0,0,NA,0,-1,"barbera",57,11
0,0,NA,0,-1,"grignolino",57,12
0,0,NA,0,-1,"barolo",57,13
0,0,NA,0,-1,"barbera",57,14
18,19,"OD",1.5950000000000002,1,NA,57,15
0,0,NA,0,-1,"grignolino",57,16
0,0,NA,0,-1,"barolo",57,17
0,0,NA,0,-1,"grignolino",57,18
0,0,NA,0,-1,"barbera",57,19
2,3,"Alcohol",12.745000000000001,1,NA,58,1
4,5,"MalicAcid",4.97,1,NA,58,2
6,7,"Hue",0.7949999999999999,1,NA,58,3
8,9,"Hue",0.785,1,NA,58,4
0,0,NA,0,-1,"barbera",58,5
10,11,"Mg",83,1,NA,58,6
12,13,"AlcAsh",21.5,1,NA,58,7
14,15,"OD",2.285,1,NA,58,8
0,0,NA,0,-1,"grignolino",58,9
16,17,"Hue",0.6399999999999999,1,NA,58,10
0,0,NA,0,-1,"barbera",58,11
18,19,"MalicAcid",1.3,1,NA,58,12
20,21,"OD",2.825,1,NA,58,13
0,0,NA,0,-1,"barbera",58,14
0,0,NA,0,-1,"grignolino",58,15
0,0,NA,0,-1,"barbera",58,16
0,0,NA,0,-1,"grignolino",58,17
0,0,NA,0,-1,"grignolino",58,18
22,23,"OD",2.195,1,NA,58,19
0,0,NA,0,-1,"barbera",58,20
0,0,NA,0,-1,"grignolino",58,21
0,0,NA,0,-1,"barbera",58,22
0,0,NA,0,-1,"barolo",58,23
2,3,"Color",3.46,1,NA,59,1
0,0,NA,0,-1,"grignolino",59,2
4,5,"AlcAsh",17.9,1,NA,59,3
6,7,"Ash",1.905,1,NA,59,4
8,9,"Color",4.85,1,NA,59,5
0,0,NA,0,-1,"grignolino",59,6
0,0,NA,0,-1,"barolo",59,7
10,11,"Mg",88.5,1,NA,59,8
12,13,"Alcohol",13.465,1,NA,59,9
0,0,NA,0,-1,"grignolino",59,10
14,15,"Flav",2.665,1,NA,59,11
0,0,NA,0,-1,"barbera",59,12
16,17,"Hue",1,1,NA,59,13
18,19,"Mg",93,1,NA,59,14
0,0,NA,0,-1,"barolo",59,15
0,0,NA,0,-1,"barbera",59,16
0,0,NA,0,-1,"barolo",59,17
0,0,NA,0,-1,"barbera",59,18
20,21,"Ash",2.585,1,NA,59,19
0,0,NA,0,-1,"grignolino",59,20
22,23,"Mg",99.5,1,NA,59,21
0,0,NA,0,-1,"barolo",59,22
0,0,NA,0,-1,"grignolino",59,23
2,3,"Color",3.82,1,NA,60,1
4,5,"Mg",97,1,NA,60,2
6,7,"MalicAcid",2.165,1,NA,60,3
0,0,NA,0,-1,"grignolino",60,4
8,9,"NonFlavPhenols",0.30000000000000004,1,NA,60,5
10,11,"Alcohol",13.155,1,NA,60,6
12,13,"Phenols",2.205,1,NA,60,7
14,15,"Proline",1002.5,1,NA,60,8
0,0,NA,0,-1,"grignolino",60,9
16,17,"Flav",1.345,1,NA,60,10
0,0,NA,0,-1,"barolo",60,11
18,19,"Hue",0.83,1,NA,60,12
0,0,NA,0,-1,"barolo",60,13
0,0,NA,0,-1,"grignolino",60,14
0,0,NA,0,-1,"barolo",60,15
0,0,NA,0,-1,"barbera",60,16
20,21,"AlcAsh",13.7,1,NA,60,17
0,0,NA,0,-1,"barbera",60,18
22,23,"Alcohol",13.25,1,NA,60,19
0,0,NA,0,-1,"barolo",60,20
0,0,NA,0,-1,"grignolino",60,21
24,25,"Ash",2.45,1,NA,60,22
0,0,NA,0,-1,"barbera",60,23
0,0,NA,0,-1,"grignolino",60,24
0,0,NA,0,-1,"barbera",60,25
2,3,"Alcohol",12.745000000000001,1,NA,61,1
4,5,"Flav",0.9550000000000001,1,NA,61,2
6,7,"OD",2.3049999999999997,1,NA,61,3
8,9,"MalicAcid",1.7,1,NA,61,4
10,11,"Alcohol",12.684999999999999,1,NA,61,5
12,13,"Color",3.585,1,NA,61,6
14,15,"Proline",655,1,NA,61,7
0,0,NA,0,-1,"grignolino",61,8
0,0,NA,0,-1,"barbera",61,9
0,0,NA,0,-1,"grignolino",61,10
16,17,"Proa",1.2349999999999999,1,NA,61,11
0,0,NA,0,-1,"grignolino",61,12
0,0,NA,0,-1,"barbera",61,13
0,0,NA,0,-1,"grignolino",61,14
0,0,NA,0,-1,"barolo",61,15
0,0,NA,0,-1,"barbera",61,16
0,0,NA,0,-1,"grignolino",61,17
2,3,"Proline",900.5,1,NA,62,1
4,5,"OD",2.205,1,NA,62,2
6,7,"Alcohol",13.02,1,NA,62,3
8,9,"Color",3.625,1,NA,62,4
10,11,"Alcohol",13.04,1,NA,62,5
12,13,"Proa",1.71,1,NA,62,6
0,0,NA,0,-1,"barolo",62,7
0,0,NA,0,-1,"grignolino",62,8
14,15,"Hue",0.97,1,NA,62,9
16,17,"Alcohol",12.825,1,NA,62,10
18,19,"Proline",545,1,NA,62,11
0,0,NA,0,-1,"barolo",62,12
0,0,NA,0,-1,"grignolino",62,13
0,0,NA,0,-1,"barbera",62,14
0,0,NA,0,-1,"grignolino",62,15
0,0,NA,0,-1,"grignolino",62,16
20,21,"AlcAsh",18.5,1,NA,62,17
0,0,NA,0,-1,"grignolino",62,18
22,23,"Flav",1.555,1,NA,62,19
0,0,NA,0,-1,"grignolino",62,20
0,0,NA,0,-1,"barbera",62,21
0,0,NA,0,-1,"barbera",62,22
0,0,NA,0,-1,"barolo",62,23
2,3,"OD",2.005,1,NA,63,1
4,5,"Proa",0.63,1,NA,63,2
6,7,"AlcAsh",17.3,1,NA,63,3
0,0,NA,0,-1,"grignolino",63,4
8,9,"Phenols",1.125,1,NA,63,5
10,11,"Proline",765,1,NA,63,6
12,13,"Alcohol",12.780000000000001,1,NA,63,7
0,0,NA,0,-1,"grignolino",63,8
0,0,NA,0,-1,"barbera",63,9
0,0,NA,0,-1,"grignolino",63,10
0,0,NA,0,-1,"barolo",63,11
0,0,NA,0,-1,"grignolino",63,12
14,15,"Phenols",2.365,1,NA,63,13
16,17,"Ash",2.335,1,NA,63,14
18,19,"Color",3.435,1,NA,63,15
0,0,NA,0,-1,"grignolino",63,16
0,0,NA,0,-1,"barbera",63,17
0,0,NA,0,-1,"grignolino",63,18
0,0,NA,0,-1,"barolo",63,19
2,3,"OD",2.125,1,NA,64,1
4,5,"MalicAcid",1.17,1,NA,64,2
6,7,"Proline",739,1,NA,64,3
0,0,NA,0,-1,"grignolino",64,4
0,0,NA,0,-1,"barbera",64,5
8,9,"Ash",2.66,1,NA,64,6
10,11,"Alcohol",13.02,1,NA,64,7
12,13,"MalicAcid",3.925,1,NA,64,8
14,15,"Color",3.8,1,NA,64,9
16,17,"OD",3.51,1,NA,64,10
18,19,"Proa",0.9450000000000001,1,NA,64,11
0,0,NA,0,-1,"grignolino",64,12
20,21,"AlcAsh",19.75,1,NA,64,13
0,0,NA,0,-1,"grignolino",64,14
22,23,"AlcAsh",24.75,1,NA,64,15
0,0,NA,0,-1,"grignolino",64,16
0,0,NA,0,-1,"barolo",64,17
0,0,NA,0,-1,"barbera",64,18
0,0,NA,0,-1,"barolo",64,19
0,0,NA,0,-1,"barolo",64,20
0,0,NA,0,-1,"grignolino",64,21
0,0,NA,0,-1,"barbera",64,22
0,0,NA,0,-1,"grignolino",64,23
2,3,"Mg",88.5,1,NA,65,1
4,5,"Hue",0.785,1,NA,65,2
6,7,"Hue",0.855,1,NA,65,3
8,9,"AlcAsh",20.5,1,NA,65,4
0,0,NA,0,-1,"grignolino",65,5
10,11,"OD",2.7350000000000003,1,NA,65,6
12,13,"Proline",760,1,NA,65,7
0,0,NA,0,-1,"barbera",65,8
14,15,"Phenols",2.52,1,NA,65,9
0,0,NA,0,-1,"barbera",65,10
16,17,"OD",3.04,1,NA,65,11
18,19,"Alcohol",12.77,1,NA,65,12
20,21,"Alcohol",13.02,1,NA,65,13
0,0,NA,0,-1,"barbera",65,14
0,0,NA,0,-1,"grignolino",65,15
0,0,NA,0,-1,"barolo",65,16
0,0,NA,0,-1,"grignolino",65,17
0,0,NA,0,-1,"grignolino",65,18
22,23,"Phenols",2.425,1,NA,65,19
24,25,"Color",3.925,1,NA,65,20
0,0,NA,0,-1,"barolo",65,21
26,27,"Ash",2.135,1,NA,65,22
28,29,"Flav",1.995,1,NA,65,23
0,0,NA,0,-1,"grignolino",65,24
0,0,NA,0,-1,"barolo",65,25
0,0,NA,0,-1,"grignolino",65,26
0,0,NA,0,-1,"barbera",65,27
0,0,NA,0,-1,"grignolino",65,28
0,0,NA,0,-1,"barolo",65,29
2,3,"Proline",1010,1,NA,66,1
4,5,"MalicAcid",2.215,1,NA,66,2
0,0,NA,0,-1,"barolo",66,3
6,7,"Hue",0.775,1,NA,66,4
8,9,"Color",3.625,1,NA,66,5
10,11,"Proline",388.5,1,NA,66,6
12,13,"Alcohol",13.04,1,NA,66,7
0,0,NA,0,-1,"grignolino",66,8
14,15,"Hue",0.935,1,NA,66,9
0,0,NA,0,-1,"grignolino",66,10
0,0,NA,0,-1,"barbera",66,11
0,0,NA,0,-1,"grignolino",66,12
16,17,"Mg",91.5,1,NA,66,13
18,19,"Flav",1.49,1,NA,66,14
0,0,NA,0,-1,"barolo",66,15
0,0,NA,0,-1,"grignolino",66,16
20,21,"OD",2.565,1,NA,66,17
0,0,NA,0,-1,"barbera",66,18
22,23,"Ash",2.415,1,NA,66,19
0,0,NA,0,-1,"grignolino",66,20
0,0,NA,0,-1,"barolo",66,21
0,0,NA,0,-1,"grignolino",66,22
0,0,NA,0,-1,"barolo",66,23
2,3,"Color",3.925,1,NA,67,1
4,5,"AlcAsh",15.75,1,NA,67,2
6,7,"OD",2.495,1,NA,67,3
8,9,"Ash",2.025,1,NA,67,4
10,11,"AlcAsh",24.75,1,NA,67,5
12,13,"Flav",1.3599999999999999,1,NA,67,6
14,15,"MalicAcid",1.26,1,NA,67,7
0,0,NA,0,-1,"grignolino",67,8
0,0,NA,0,-1,"barolo",67,9
0,0,NA,0,-1,"grignolino",67,10
16,17,"Ash",2.91,1,NA,67,11
0,0,NA,0,-1,"barbera",67,12
0,0,NA,0,-1,"grignolino",67,13
0,0,NA,0,-1,"grignolino",67,14
18,19,"NonFlavPhenols",0.44999999999999996,1,NA,67,15
0,0,NA,0,-1,"grignolino",67,16
0,0,NA,0,-1,"barolo",67,17
0,0,NA,0,-1,"barolo",67,18
20,21,"Proline",850,1,NA,67,19
0,0,NA,0,-1,"grignolino",67,20
0,0,NA,0,-1,"barolo",67,21
2,3,"OD",1.88,1,NA,68,1
4,5,"MalicAcid",1.63,1,NA,68,2
6,7,"Proline",760,1,NA,68,3
8,9,"Proa",0.78,1,NA,68,4
0,0,NA,0,-1,"barbera",68,5
10,11,"Color",4.13,1,NA,68,6
12,13,"Flav",2.165,1,NA,68,7
0,0,NA,0,-1,"grignolino",68,8
0,0,NA,0,-1,"barbera",68,9
0,0,NA,0,-1,"grignolino",68,10
14,15,"NonFlavPhenols",0.29500000000000004,1,NA,68,11
16,17,"Proa",1.145,1,NA,68,12
18,19,"Mg",133,1,NA,68,13
0,0,NA,0,-1,"grignolino",68,14
20,21,"NonFlavPhenols",0.43,1,NA,68,15
0,0,NA,0,-1,"barbera",68,16
0,0,NA,0,-1,"grignolino",68,17
0,0,NA,0,-1,"barolo",68,18
0,0,NA,0,-1,"grignolino",68,19
0,0,NA,0,-1,"barolo",68,20
0,0,NA,0,-1,"barbera",68,21
2,3,"Proline",953.5,1,NA,69,1
4,5,"Flav",0.9550000000000001,1,NA,69,2
6,7,"AlcAsh",25,1,NA,69,3
8,9,"Ash",1.73,1,NA,69,4
10,11,"Proline",724.5,1,NA,69,5
0,0,NA,0,-1,"barolo",69,6
0,0,NA,0,-1,"grignolino",69,7
0,0,NA,0,-1,"grignolino",69,8
0,0,NA,0,-1,"barbera",69,9
12,13,"Mg",102,1,NA,69,10
14,15,"MalicAcid",1.62,1,NA,69,11
16,17,"Color",9.375,1,NA,69,12
18,19,"Hue",0.875,1,NA,69,13
0,0,NA,0,-1,"grignolino",69,14
0,0,NA,0,-1,"barolo",69,15
0,0,NA,0,-1,"grignolino",69,16
0,0,NA,0,-1,"barbera",69,17
20,21,"OD",2.14,1,NA,69,18
0,0,NA,0,-1,"grignolino",69,19
0,0,NA,0,-1,"barbera",69,20
22,23,"Phenols",2.91,1,NA,69,21
0,0,NA,0,-1,"barolo",69,22
0,0,NA,0,-1,"grignolino",69,23
2,3,"Color",3.9699999999999998,1,NA,70,1
4,5,"Alcohol",13.690000000000001,1,NA,70,2
6,7,"Proa",1.47,1,NA,70,3
8,9,"Ash",3.0700000000000003,1,NA,70,4
0,0,NA,0,-1,"barolo",70,5
10,11,"AlcAsh",18.25,1,NA,70,6
12,13,"OD",2.29,1,NA,70,7
0,0,NA,0,-1,"grignolino",70,8
0,0,NA,0,-1,"barolo",70,9
14,15,"Phenols",2.2350000000000003,1,NA,70,10
0,0,NA,0,-1,"barbera",70,11
16,17,"Mg",87,1,NA,70,12
18,19,"Mg",88.5,1,NA,70,13
20,21,"MalicAcid",1.355,1,NA,70,14
0,0,NA,0,-1,"barolo",70,15
0,0,NA,0,-1,"grignolino",70,16
0,0,NA,0,-1,"barbera",70,17
0,0,NA,0,-1,"grignolino",70,18
0,0,NA,0,-1,"barolo",70,19
0,0,NA,0,-1,"barbera",70,20
0,0,NA,0,-1,"grignolino",70,21
2,3,"Proline",760,1,NA,71,1
4,5,"OD",2.115,1,NA,71,2
6,7,"AlcAsh",18.9,1,NA,71,3
8,9,"Hue",0.9550000000000001,1,NA,71,4
10,11,"Flav",0.7949999999999999,1,NA,71,5
12,13,"Hue",0.755,1,NA,71,6
14,15,"Color",5.5,1,NA,71,7
16,17,"Proline",517.5,1,NA,71,8
0,0,NA,0,-1,"grignolino",71,9
0,0,NA,0,-1,"barbera",71,10
18,19,"MalicAcid",2.57,1,NA,71,11
0,0,NA,0,-1,"barbera",71,12
0,0,NA,0,-1,"barolo",71,13
20,21,"Color",3.465,1,NA,71,14
0,0,NA,0,-1,"barbera",71,15
22,23,"Proline",507.5,1,NA,71,16
0,0,NA,0,-1,"barbera",71,17
0,0,NA,0,-1,"grignolino",71,18
24,25,"Color",4.0600000000000005,1,NA,71,19
0,0,NA,0,-1,"grignolino",71,20
0,0,NA,0,-1,"barolo",71,21
0,0,NA,0,-1,"barbera",71,22
26,27,"Alcohol",12.79,1,NA,71,23
0,0,NA,0,-1,"grignolino",71,24
0,0,NA,0,-1,"barolo",71,25
0,0,NA,0,-1,"barbera",71,26
0,0,NA,0,-1,"grignolino",71,27
2,3,"Flav",1.2349999999999999,1,NA,72,1
4,5,"AlcAsh",16.75,1,NA,72,2
6,7,"Alcohol",13.155,1,NA,72,3
0,0,NA,0,-1,"grignolino",72,4
8,9,"Proline",862.5,1,NA,72,5
10,11,"Color",6.6,1,NA,72,6
12,13,"Color",3.82,1,NA,72,7
0,0,NA,0,-1,"barbera",72,8
0,0,NA,0,-1,"grignolino",72,9
14,15,"Proline",744,1,NA,72,10
16,17,"Proline",850,1,NA,72,11
0,0,NA,0,-1,"grignolino",72,12
18,19,"Hue",0.72,1,NA,72,13
0,0,NA,0,-1,"grignolino",72,14
20,21,"MalicAcid",1.785,1,NA,72,15
0,0,NA,0,-1,"barbera",72,16
0,0,NA,0,-1,"barolo",72,17
0,0,NA,0,-1,"barbera",72,18
0,0,NA,0,-1,"barolo",72,19
0,0,NA,0,-1,"grignolino",72,20
0,0,NA,0,-1,"barolo",72,21
2,3,"MalicAcid",2.455,1,NA,73,1
4,5,"Proline",772.5,1,NA,73,2
6,7,"OD",2.4850000000000003,1,NA,73,3
8,9,"OD",2.01,1,NA,73,4
10,11,"OD",2.165,1,NA,73,5
0,0,NA,0,-1,"barbera",73,6
12,13,"Hue",1.135,1,NA,73,7
14,15,"MalicAcid",1.0899999999999999,1,NA,73,8
0,0,NA,0,-1,"grignolino",73,9
0,0,NA,0,-1,"grignolino",73,10
16,17,"Color",3.435,1,NA,73,11
18,19,"Proa",2.885,1,NA,73,12
0,0,NA,0,-1,"grignolino",73,13
0,0,NA,0,-1,"grignolino",73,14
0,0,NA,0,-1,"barbera",73,15
0,0,NA,0,-1,"grignolino",73,16
0,0,NA,0,-1,"barolo",73,17
0,0,NA,0,-1,"barolo",73,18
0,0,NA,0,-1,"grignolino",73,19
2,3,"Proline",953.5,1,NA,74,1
4,5,"Flav",1.4,1,NA,74,2
6,7,"Color",3.5250000000000004,1,NA,74,3
8,9,"MalicAcid",1.645,1,NA,74,4
10,11,"Ash",2.77,1,NA,74,5
0,0,NA,0,-1,"grignolino",74,6
0,0,NA,0,-1,"barolo",74,7
12,13,"Color",4.36,1,NA,74,8
14,15,"NonFlavPhenols",0.15500000000000003,1,NA,74,9
16,17,"OD",3.3449999999999998,1,NA,74,10
18,19,"Hue",1.18,1,NA,74,11
0,0,NA,0,-1,"grignolino",74,12
0,0,NA,0,-1,"barbera",74,13
0,0,NA,0,-1,"grignolino",74,14
0,0,NA,0,-1,"barbera",74,15
20,21,"Color",7.175,1,NA,74,16
22,23,"Phenols",2.63,1,NA,74,17
0,0,NA,0,-1,"barolo",74,18
0,0,NA,0,-1,"grignolino",74,19
0,0,NA,0,-1,"grignolino",74,20
0,0,NA,0,-1,"barbera",74,21
0,0,NA,0,-1,"grignolino",74,22
0,0,NA,0,-1,"barolo",74,23
2,3,"Proline",900.5,1,NA,75,1
4,5,"Hue",0.775,1,NA,75,2
0,0,NA,0,-1,"barolo",75,3
6,7,"Alcohol",12.059999999999999,1,NA,75,4
8,9,"Ash",2.8099999999999996,1,NA,75,5
0,0,NA,0,-1,"grignolino",75,6
10,11,"Ash",2.04,1,NA,75,7
12,13,"NonFlavPhenols",0.45999999999999996,1,NA,75,8
14,15,"Hue",1.18,1,NA,75,9
0,0,NA,0,-1,"grignolino",75,10
0,0,NA,0,-1,"barbera",75,11
16,17,"Alcohol",14.04,1,NA,75,12
18,19,"Alcohol",13.43,1,NA,75,13
0,0,NA,0,-1,"barolo",75,14
0,0,NA,0,-1,"grignolino",75,15
20,21,"Color",3.46,1,NA,75,16
0,0,NA,0,-1,"barolo",75,17
0,0,NA,0,-1,"grignolino",75,18
0,0,NA,0,-1,"barbera",75,19
0,0,NA,0,-1,"grignolino",75,20
22,23,"OD",3.65,1,NA,75,21
0,0,NA,0,-1,"grignolino",75,22
0,0,NA,0,-1,"barolo",75,23
2,3,"Proline",900.5,1,NA,76,1
4,5,"Alcohol",12.745000000000001,1,NA,76,2
6,7,"OD",2.6399999999999997,1,NA,76,3
8,9,"Flav",0.885,1,NA,76,4
10,11,"OD",2.475,1,NA,76,5
0,0,NA,0,-1,"grignolino",76,6
0,0,NA,0,-1,"barolo",76,7
0,0,NA,0,-1,"barbera",76,8
0,0,NA,0,-1,"grignolino",76,9
12,13,"AlcAsh",17.5,1,NA,76,10
14,15,"Mg",94.5,1,NA,76,11
0,0,NA,0,-1,"grignolino",76,12
0,0,NA,0,-1,"barbera",76,13
0,0,NA,0,-1,"grignolino",76,14
0,0,NA,0,-1,"barolo",76,15
2,3,"Proline",730,1,NA,77,1
4,5,"Alcohol",12.745000000000001,1,NA,77,2
6,7,"Flav",2.3,1,NA,77,3
8,9,"Color",6.425,1,NA,77,4
10,11,"Flav",1.58,1,NA,77,5
12,13,"Phenols",1.85,1,NA,77,6
0,0,NA,0,-1,"barolo",77,7
14,15,"OD",1.55,1,NA,77,8
0,0,NA,0,-1,"barbera",77,9
0,0,NA,0,-1,"barbera",77,10
16,17,"Proline",655,1,NA,77,11
0,0,NA,0,-1,"barbera",77,12
18,19,"Alcohol",12.885000000000002,1,NA,77,13
0,0,NA,0,-1,"barbera",77,14
0,0,NA,0,-1,"grignolino",77,15
0,0,NA,0,-1,"grignolino",77,16
0,0,NA,0,-1,"barolo",77,17
0,0,NA,0,-1,"grignolino",77,18
0,0,NA,0,-1,"barolo",77,19
2,3,"Alcohol",13.04,1,NA,78,1
4,5,"Hue",0.898,1,NA,78,2
6,7,"Hue",0.855,1,NA,78,3
8,9,"Proline",454,1,NA,78,4
10,11,"MalicAcid",3.485,1,NA,78,5
12,13,"AlcAsh",18,1,NA,78,6
14,15,"Color",3.45,1,NA,78,7
0,0,NA,0,-1,"grignolino",78,8
16,17,"Proa",1.615,1,NA,78,9
0,0,NA,0,-1,"grignolino",78,10
18,19,"Proline",616.5,1,NA,78,11
0,0,NA,0,-1,"barolo",78,12
20,21,"Flav",2.11,1,NA,78,13
0,0,NA,0,-1,"grignolino",78,14
22,23,"OD",2.285,1,NA,78,15
0,0,NA,0,-1,"barbera",78,16
0,0,NA,0,-1,"grignolino",78,17
0,0,NA,0,-1,"grignolino",78,18
0,0,NA,0,-1,"barolo",78,19
0,0,NA,0,-1,"barbera",78,20
0,0,NA,0,-1,"grignolino",78,21
0,0,NA,0,-1,"barbera",78,22
24,25,"Ash",1.87,1,NA,78,23
0,0,NA,0,-1,"grignolino",78,24
0,0,NA,0,-1,"barolo",78,25
2,3,"Flav",1.225,1,NA,79,1
4,5,"Hue",1.005,1,NA,79,2
6,7,"Flav",2.3600000000000003,1,NA,79,3
8,9,"NonFlavPhenols",0.385,1,NA,79,4
0,0,NA,0,-1,"grignolino",79,5
10,11,"Mg",112.5,1,NA,79,6
12,13,"Proline",707.5,1,NA,79,7
14,15,"MalicAcid",1.96,1,NA,79,8
0,0,NA,0,-1,"barbera",79,9
0,0,NA,0,-1,"grignolino",79,10
16,17,"Proline",634,1,NA,79,11
18,19,"AlcAsh",17.75,1,NA,79,12
20,21,"NonFlavPhenols",0.215,1,NA,79,13
0,0,NA,0,-1,"grignolino",79,14
0,0,NA,0,-1,"barbera",79,15
0,0,NA,0,-1,"barbera",79,16
0,0,NA,0,-1,"grignolino",79,17
22,23,"Flav",2.565,1,NA,79,18
0,0,NA,0,-1,"grignolino",79,19
24,25,"Ash",2.5949999999999998,1,NA,79,20
0,0,NA,0,-1,"barolo",79,21
0,0,NA,0,-1,"grignolino",79,22
0,0,NA,0,-1,"barolo",79,23
0,0,NA,0,-1,"barolo",79,24
0,0,NA,0,-1,"grignolino",79,25
2,3,"Alcohol",12.73,1,NA,80,1
4,5,"Proa",1.28,1,NA,80,2
6,7,"Phenols",2.36,1,NA,80,3
8,9,"Alcohol",12.184999999999999,1,NA,80,4
10,11,"Color",6.8,1,NA,80,5
12,13,"OD",2.385,1,NA,80,6
14,15,"Mg",87.5,1,NA,80,7
0,0,NA,0,-1,"grignolino",80,8
16,17,"MalicAcid",1.205,1,NA,80,9
0,0,NA,0,-1,"grignolino",80,10
0,0,NA,0,-1,"barbera",80,11
18,19,"Proline",393.5,1,NA,80,12
20,21,"Phenols",2.1500000000000004,1,NA,80,13
0,0,NA,0,-1,"grignolino",80,14
0,0,NA,0,-1,"barolo",80,15
0,0,NA,0,-1,"grignolino",80,16
0,0,NA,0,-1,"barbera",80,17
0,0,NA,0,-1,"grignolino",80,18
22,23,"Color",4.85,1,NA,80,19
24,25,"MalicAcid",2.11,1,NA,80,20
0,0,NA,0,-1,"barolo",80,21
26,27,"Mg",90.5,1,NA,80,22
0,0,NA,0,-1,"barbera",80,23
0,0,NA,0,-1,"grignolino",80,24
0,0,NA,0,-1,"barbera",80,25
0,0,NA,0,-1,"grignolino",80,26
0,0,NA,0,-1,"barbera",80,27
2,3,"Hue",0.785,1,NA,81,1
4,5,"OD",3.055,1,NA,81,2
6,7,"Proline",755,1,NA,81,3
0,0,NA,0,-1,"barbera",81,4
0,0,NA,0,-1,"grignolino",81,5
8,9,"Proline",517.5,1,NA,81,6
10,11,"Color",3.435,1,NA,81,7
0,0,NA,0,-1,"grignolino",81,8
12,13,"MalicAcid",2.335,1,NA,81,9
0,0,NA,0,-1,"grignolino",81,10
0,0,NA,0,-1,"barolo",81,11
0,0,NA,0,-1,"grignolino",81,12
14,15,"NonFlavPhenols",0.44499999999999995,1,NA,81,13
16,17,"MalicAcid",3.445,1,NA,81,14
0,0,NA,0,-1,"barbera",81,15
0,0,NA,0,-1,"barolo",81,16
0,0,NA,0,-1,"grignolino",81,17
2,3,"Proline",755,1,NA,82,1
4,5,"Proline",515,1,NA,82,2
6,7,"Hue",0.7849999999999999,1,NA,82,3
8,9,"Proa",0.84,1,NA,82,4
10,11,"Flav",1.4849999999999999,1,NA,82,5
0,0,NA,0,-1,"barbera",82,6
0,0,NA,0,-1,"barolo",82,7
12,13,"MalicAcid",1.875,1,NA,82,8
14,15,"Mg",114,1,NA,82,9
16,17,"Mg",128,1,NA,82,10
18,19,"Alcohol",12.875,1,NA,82,11
0,0,NA,0,-1,"grignolino",82,12
0,0,NA,0,-1,"barbera",82,13
0,0,NA,0,-1,"grignolino",82,14
0,0,NA,0,-1,"barbera",82,15
20,21,"MalicAcid",1.3450000000000002,1,NA,82,16
0,0,NA,0,-1,"grignolino",82,17
0,0,NA,0,-1,"grignolino",82,18
22,23,"MalicAcid",1.92,1,NA,82,19
0,0,NA,0,-1,"grignolino",82,20
0,0,NA,0,-1,"barbera",82,21
0,0,NA,0,-1,"grignolino",82,22
0,0,NA,0,-1,"barolo",82,23
2,3,"Flav",1.2349999999999999,1,NA,83,1
4,5,"Hue",0.898,1,NA,83,2
6,7,"Flav",2.33,1,NA,83,3
0,0,NA,0,-1,"barbera",83,4
8,9,"Flav",0.565,1,NA,83,5
10,11,"Phenols",1.5699999999999998,1,NA,83,6
12,13,"Hue",0.7849999999999999,1,NA,83,7
0,0,NA,0,-1,"barbera",83,8
0,0,NA,0,-1,"grignolino",83,9
14,15,"AlcAsh",18.25,1,NA,83,10
16,17,"Proline",1111,1,NA,83,11
0,0,NA,0,-1,"grignolino",83,12
18,19,"Proline",724.5,1,NA,83,13
0,0,NA,0,-1,"barbera",83,14
0,0,NA,0,-1,"grignolino",83,15
20,21,"Color",9.375,1,NA,83,16
0,0,NA,0,-1,"barolo",83,17
22,23,"AlcAsh",17.75,1,NA,83,18
24,25,"Mg",133.5,1,NA,83,19
0,0,NA,0,-1,"grignolino",83,20
0,0,NA,0,-1,"barbera",83,21
26,27,"Color",4.83,1,NA,83,22
0,0,NA,0,-1,"grignolino",83,23
0,0,NA,0,-1,"barolo",83,24
0,0,NA,0,-1,"grignolino",83,25
0,0,NA,0,-1,"barolo",83,26
0,0,NA,0,-1,"grignolino",83,27
2,3,"Alcohol",12.78,1,NA,84,1
4,5,"Flav",0.875,1,NA,84,2
6,7,"Phenols",2.075,1,NA,84,3
8,9,"Alcohol",12.44,1,NA,84,4
0,0,NA,0,-1,"grignolino",84,5
10,11,"Flav",1.58,1,NA,84,6
12,13,"Proline",670,1,NA,84,7
0,0,NA,0,-1,"grignolino",84,8
0,0,NA,0,-1,"barbera",84,9
0,0,NA,0,-1,"barbera",84,10
0,0,NA,0,-1,"grignolino",84,11
14,15,"Proline",645,1,NA,84,12
0,0,NA,0,-1,"barolo",84,13
0,0,NA,0,-1,"grignolino",84,14
0,0,NA,0,-1,"barbera",84,15
2,3,"Alcohol",12.524999999999999,1,NA,85,1
4,5,"OD",1.7000000000000002,1,NA,85,2
6,7,"OD",2.475,1,NA,85,3
0,0,NA,0,-1,"barbera",85,4
8,9,"Phenols",1.415,1,NA,85,5
10,11,"Color",3.875,1,NA,85,6
12,13,"AlcAsh",23,1,NA,85,7
14,15,"Proline",862.5,1,NA,85,8
0,0,NA,0,-1,"grignolino",85,9
0,0,NA,0,-1,"grignolino",85,10
16,17,"Proline",517.5,1,NA,85,11
18,19,"Alcohol",12.8,1,NA,85,12
0,0,NA,0,-1,"grignolino",85,13
0,0,NA,0,-1,"barbera",85,14
0,0,NA,0,-1,"grignolino",85,15
20,21,"Ash",2.3499999999999996,1,NA,85,16
0,0,NA,0,-1,"barbera",85,17
0,0,NA,0,-1,"grignolino",85,18
22,23,"Alcohol",13.04,1,NA,85,19
0,0,NA,0,-1,"grignolino",85,20
0,0,NA,0,-1,"barbera",85,21
24,25,"Ash",2.1799999999999997,1,NA,85,22
0,0,NA,0,-1,"barolo",85,23
0,0,NA,0,-1,"grignolino",85,24
0,0,NA,0,-1,"barolo",85,25
2,3,"OD",2.115,1,NA,86,1
4,5,"Flav",0.99,1,NA,86,2
6,7,"Color",3.9450000000000003,1,NA,86,3
0,0,NA,0,-1,"barbera",86,4
8,9,"OD",1.53,1,NA,86,5
10,11,"Proline",781.5,1,NA,86,6
12,13,"Phenols",2.335,1,NA,86,7
0,0,NA,0,-1,"barbera",86,8
14,15,"Phenols",2.665,1,NA,86,9
0,0,NA,0,-1,"grignolino",86,10
16,17,"Phenols",2.995,1,NA,86,11
18,19,"OD",2.395,1,NA,86,12
20,21,"Phenols",2.9699999999999998,1,NA,86,13
0,0,NA,0,-1,"grignolino",86,14
0,0,NA,0,-1,"barbera",86,15
0,0,NA,0,-1,"barolo",86,16
0,0,NA,0,-1,"grignolino",86,17
0,0,NA,0,-1,"barbera",86,18
0,0,NA,0,-1,"grignolino",86,19
0,0,NA,0,-1,"barolo",86,20
22,23,"Ash",2.1100000000000003,1,NA,86,21
0,0,NA,0,-1,"grignolino",86,22
24,25,"OD",3.625,1,NA,86,23
0,0,NA,0,-1,"barolo",86,24
26,27,"Proa",1.985,1,NA,86,25
0,0,NA,0,-1,"grignolino",86,26
0,0,NA,0,-1,"barolo",86,27
2,3,"Proline",755,1,NA,87,1
4,5,"Hue",0.905,1,NA,87,2
6,7,"AlcAsh",20.75,1,NA,87,3
8,9,"Color",4.859999999999999,1,NA,87,4
10,11,"Proa",0.915,1,NA,87,5
12,13,"Alcohol",12.66,1,NA,87,6
14,15,"Hue",0.8300000000000001,1,NA,87,7
16,17,"Flav",1.42,1,NA,87,8
0,0,NA,0,-1,"barbera",87,9
18,19,"Proa",0.765,1,NA,87,10
0,0,NA,0,-1,"grignolino",87,11
0,0,NA,0,-1,"grignolino",87,12
0,0,NA,0,-1,"barolo",87,13
0,0,NA,0,-1,"barbera",87,14
20,21,"Alcohol",12.505,1,NA,87,15
0,0,NA,0,-1,"barbera",87,16
22,23,"Mg",98.5,1,NA,87,17
0,0,NA,0,-1,"grignolino",87,18
0,0,NA,0,-1,"barbera",87,19
0,0,NA,0,-1,"grignolino",87,20
0,0,NA,0,-1,"barolo",87,21
0,0,NA,0,-1,"grignolino",87,22
0,0,NA,0,-1,"barolo",87,23
2,3,"OD",2.09,1,NA,88,1
4,5,"AlcAsh",17.5,1,NA,88,2
6,7,"Mg",88.5,1,NA,88,3
0,0,NA,0,-1,"grignolino",88,4
8,9,"Color",5.15,1,NA,88,5
0,0,NA,0,-1,"grignolino",88,6
10,11,"MalicAcid",1.3,1,NA,88,7
12,13,"NonFlavPhenols",0.5700000000000001,1,NA,88,8
0,0,NA,0,-1,"barbera",88,9
0,0,NA,0,-1,"grignolino",88,10
14,15,"Alcohol",13.02,1,NA,88,11
16,17,"Phenols",1.24,1,NA,88,12
0,0,NA,0,-1,"grignolino",88,13
18,19,"Ash",2.625,1,NA,88,14
20,21,"Flav",1.345,1,NA,88,15
0,0,NA,0,-1,"grignolino",88,16
0,0,NA,0,-1,"barbera",88,17
0,0,NA,0,-1,"grignolino",88,18
22,23,"NonFlavPhenols",0.27,1,NA,88,19
0,0,NA,0,-1,"barbera",88,20
0,0,NA,0,-1,"barolo",88,21
0,0,NA,0,-1,"barolo",88,22
0,0,NA,0,-1,"grignolino",88,23
2,3,"Flav",2.3,1,NA,89,1
4,5,"Color",3.9,1,NA,89,2
6,7,"Mg",88,1,NA,89,3
0,0,NA,0,-1,"grignolino",89,4
8,9,"Ash",2.06,1,NA,89,5
0,0,NA,0,-1,"grignolino",89,6
10,11,"Alcohol",13.02,1,NA,89,7
0,0,NA,0,-1,"grignolino",89,8
0,0,NA,0,-1,"barbera",89,9
12,13,"AlcAsh",17.950000000000003,1,NA,89,10
0,0,NA,0,-1,"barolo",89,11
0,0,NA,0,-1,"barolo",89,12
0,0,NA,0,-1,"grignolino",89,13
2,3,"Phenols",2.38,1,NA,90,1
4,5,"Hue",0.785,1,NA,90,2
6,7,"Alcohol",13.135,1,NA,90,3
8,9,"Mg",82.5,1,NA,90,4
10,11,"Color",4.9,1,NA,90,5
12,13,"Proline",755,1,NA,90,6
14,15,"Color",10.325,1,NA,90,7
0,0,NA,0,-1,"grignolino",90,8
0,0,NA,0,-1,"barbera",90,9
16,17,"MalicAcid",4.6899999999999995,1,NA,90,10
18,19,"Ash",2.2800000000000002,1,NA,90,11
0,0,NA,0,-1,"grignolino",90,12
20,21,"NonFlavPhenols",0.245,1,NA,90,13
22,23,"Color",3.45,1,NA,90,14
0,0,NA,0,-1,"barbera",90,15
24,25,"Proa",0.64,1,NA,90,16
0,0,NA,0,-1,"barbera",90,17
0,0,NA,0,-1,"grignolino",90,18
0,0,NA,0,-1,"barbera",90,19
0,0,NA,0,-1,"grignolino",90,20
0,0,NA,0,-1,"barolo",90,21
0,0,NA,0,-1,"grignolino",90,22
0,0,NA,0,-1,"barolo",90,23
26,27,"OD",1.94,1,NA,90,24
0,0,NA,0,-1,"grignolino",90,25
0,0,NA,0,-1,"grignolino",90,26
0,0,NA,0,-1,"barbera",90,27
2,3,"Color",3.865,1,NA,91,1
4,5,"Mg",95,1,NA,91,2
6,7,"Proa",1.565,1,NA,91,3
0,0,NA,0,-1,"grignolino",91,4
8,9,"Ash",3.0700000000000003,1,NA,91,5
10,11,"OD",2.475,1,NA,91,6
12,13,"NonFlavPhenols",0.44999999999999996,1,NA,91,7
14,15,"OD",3.66,1,NA,91,8
0,0,NA,0,-1,"barolo",91,9
0,0,NA,0,-1,"barbera",91,10
16,17,"Phenols",2.23,1,NA,91,11
18,19,"MalicAcid",1.345,1,NA,91,12
20,21,"Proa",2.08,1,NA,91,13
22,23,"NonFlavPhenols",0.29000000000000004,1,NA,91,14
0,0,NA,0,-1,"barolo",91,15
0,0,NA,0,-1,"grignolino",91,16
0,0,NA,0,-1,"barolo",91,17
0,0,NA,0,-1,"grignolino",91,18
0,0,NA,0,-1,"barolo",91,19
0,0,NA,0,-1,"grignolino",91,20
0,0,NA,0,-1,"barbera",91,21
24,25,"Alcohol",13.030000000000001,1,NA,91,22
0,0,NA,0,-1,"grignolino",91,23
0,0,NA,0,-1,"grignolino",91,24
0,0,NA,0,-1,"barolo",91,25
2,3,"Proline",760,1,NA,92,1
4,5,"Color",3.825,1,NA,92,2
6,7,"Flav",2.3,1,NA,92,3
0,0,NA,0,-1,"grignolino",92,4
8,9,"Alcohol",12.48,1,NA,92,5
10,11,"MalicAcid",2.0549999999999997,1,NA,92,6
12,13,"Mg",135.5,1,NA,92,7
14,15,"NonFlavPhenols",0.5,1,NA,92,8
16,17,"Flav",2.1,1,NA,92,9
0,0,NA,0,-1,"grignolino",92,10
0,0,NA,0,-1,"barbera",92,11
0,0,NA,0,-1,"barolo",92,12
0,0,NA,0,-1,"grignolino",92,13
0,0,NA,0,-1,"grignolino",92,14
0,0,NA,0,-1,"barbera",92,15
18,19,"Hue",0.97,1,NA,92,16
20,21,"Proa",1.9699999999999998,1,NA,92,17
0,0,NA,0,-1,"barbera",92,18
0,0,NA,0,-1,"grignolino",92,19
0,0,NA,0,-1,"barolo",92,20
0,0,NA,0,-1,"grignolino",92,21
2,3,"Alcohol",12.78,1,NA,93,1
4,5,"OD",2.06,1,NA,93,2
6,7,"Phenols",2.335,1,NA,93,3
8,9,"AlcAsh",17.65,1,NA,93,4
0,0,NA,0,-1,"grignolino",93,5
10,11,"Phenols",2.075,1,NA,93,6
12,13,"Proline",755,1,NA,93,7
0,0,NA,0,-1,"grignolino",93,8
14,15,"Hue",0.863,1,NA,93,9
0,0,NA,0,-1,"barbera",93,10
16,17,"Mg",98,1,NA,93,11
0,0,NA,0,-1,"grignolino",93,12
18,19,"Alcohol",13.02,1,NA,93,13
0,0,NA,0,-1,"barbera",93,14
0,0,NA,0,-1,"grignolino",93,15
20,21,"Proa",1.15,1,NA,93,16
0,0,NA,0,-1,"barbera",93,17
22,23,"OD",3.51,1,NA,93,18
0,0,NA,0,-1,"barolo",93,19
0,0,NA,0,-1,"grignolino",93,20
0,0,NA,0,-1,"barolo",93,21
0,0,NA,0,-1,"grignolino",93,22
0,0,NA,0,-1,"barolo",93,23
2,3,"Flav",0.975,1,NA,94,1
0,0,NA,0,-1,"barbera",94,2
4,5,"Proline",726.5,1,NA,94,3
6,7,"Alcohol",12.695,1,NA,94,4
8,9,"Mg",133.5,1,NA,94,5
0,0,NA,0,-1,"grignolino",94,6
10,11,"Mg",100,1,NA,94,7
12,13,"Phenols",1.725,1,NA,94,8
0,0,NA,0,-1,"grignolino",94,9
0,0,NA,0,-1,"grignolino",94,10
0,0,NA,0,-1,"barbera",94,11
0,0,NA,0,-1,"grignolino",94,12
0,0,NA,0,-1,"barolo",94,13
2,3,"Alcohol",12.78,1,NA,95,1
4,5,"Proa",1.28,1,NA,95,2
6,7,"Flav",1.6800000000000002,1,NA,95,3
8,9,"Flav",1.225,1,NA,95,4
0,0,NA,0,-1,"grignolino",95,5
10,11,"Phenols",2.425,1,NA,95,6
12,13,"AlcAsh",23.25,1,NA,95,7
14,15,"Color",3.56,1,NA,95,8
0,0,NA,0,-1,"grignolino",95,9
0,0,NA,0,-1,"barbera",95,10
0,0,NA,0,-1,"grignolino",95,11
16,17,"Ash",2.01,1,NA,95,12
18,19,"NonFlavPhenols",0.37,1,NA,95,13
0,0,NA,0,-1,"grignolino",95,14
0,0,NA,0,-1,"barbera",95,15
0,0,NA,0,-1,"grignolino",95,16
0,0,NA,0,-1,"barolo",95,17
0,0,NA,0,-1,"grignolino",95,18
0,0,NA,0,-1,"barolo",95,19
2,3,"Flav",1.4249999999999998,1,NA,96,1
4,5,"AlcAsh",14.3,1,NA,96,2
6,7,"Proline",760,1,NA,96,3
0,0,NA,0,-1,"grignolino",96,4
8,9,"Color",3.725,1,NA,96,5
10,11,"Mg",102,1,NA,96,6
12,13,"AlcAsh",26.25,1,NA,96,7
0,0,NA,0,-1,"grignolino",96,8
0,0,NA,0,-1,"barbera",96,9
0,0,NA,0,-1,"grignolino",96,10
14,15,"Color",4.0600000000000005,1,NA,96,11
16,17,"Flav",2.34,1,NA,96,12
0,0,NA,0,-1,"grignolino",96,13
0,0,NA,0,-1,"grignolino",96,14
18,19,"Mg",118.5,1,NA,96,15
0,0,NA,0,-1,"grignolino",96,16
0,0,NA,0,-1,"barolo",96,17
0,0,NA,0,-1,"barolo",96,18
20,21,"Alcohol",12.530000000000001,1,NA,96,19
0,0,NA,0,-1,"grignolino",96,20
0,0,NA,0,-1,"barbera",96,21
2,3,"Mg",88.5,1,NA,97,1
4,5,"Color",5.125,1,NA,97,2
6,7,"Flav",1.63,1,NA,97,3
0,0,NA,0,-1,"grignolino",97,4
0,0,NA,0,-1,"barbera",97,5
8,9,"MalicAcid",1.115,1,NA,97,6
10,11,"Alcohol",12.774999999999999,1,NA,97,7
0,0,NA,0,-1,"grignolino",97,8
12,13,"AlcAsh",18.25,1,NA,97,9
0,0,NA,0,-1,"grignolino",97,10
14,15,"Ash",1.98,1,NA,97,11
16,17,"MalicAcid",2.12,1,NA,97,12
0,0,NA,0,-1,"barbera",97,13
0,0,NA,0,-1,"grignolino",97,14
18,19,"Hue",1.295,1,NA,97,15
0,0,NA,0,-1,"barbera",97,16
0,0,NA,0,-1,"grignolino",97,17
0,0,NA,0,-1,"barolo",97,18
0,0,NA,0,-1,"grignolino",97,19
2,3,"Proline",755,1,NA,98,1
4,5,"Phenols",2.385,1,NA,98,2
6,7,"Flav",2.3,1,NA,98,3
8,9,"Hue",0.905,1,NA,98,4
10,11,"Alcohol",13.145,1,NA,98,5
12,13,"MalicAcid",2.04,1,NA,98,6
14,15,"Alcohol",13.02,1,NA,98,7
16,17,"Ash",2.085,1,NA,98,8
0,0,NA,0,-1,"grignolino",98,9
0,0,NA,0,-1,"grignolino",98,10
18,19,"Hue",1.2000000000000002,1,NA,98,11
0,0,NA,0,-1,"grignolino",98,12
0,0,NA,0,-1,"barbera",98,13
0,0,NA,0,-1,"grignolino",98,14
0,0,NA,0,-1,"barolo",98,15
0,0,NA,0,-1,"grignolino",98,16
20,21,"OD",2.465,1,NA,98,17
0,0,NA,0,-1,"barolo",98,18
0,0,NA,0,-1,"grignolino",98,19
22,23,"Hue",0.83,1,NA,98,20
0,0,NA,0,-1,"grignolino",98,21
0,0,NA,0,-1,"barbera",98,22
24,25,"AlcAsh",22.75,1,NA,98,23
0,0,NA,0,-1,"grignolino",98,24
0,0,NA,0,-1,"barbera",98,25
2,3,"MalicAcid",2.2350000000000003,1,NA,99,1
4,5,"MalicAcid",1.475,1,NA,99,2
6,7,"Color",3.625,1,NA,99,3
8,9,"Flav",1.275,1,NA,99,4
10,11,"AlcAsh",20.5,1,NA,99,5
0,0,NA,0,-1,"grignolino",99,6
12,13,"Proline",957.5,1,NA,99,7
14,15,"MalicAcid",1.17,1,NA,99,8
0,0,NA,0,-1,"grignolino",99,9
16,17,"NonFlavPhenols",0.195,1,NA,99,10
18,19,"OD",2.11,1,NA,99,11
0,0,NA,0,-1,"barbera",99,12
0,0,NA,0,-1,"barolo",99,13
0,0,NA,0,-1,"grignolino",99,14
0,0,NA,0,-1,"barbera",99,15
20,21,"AlcAsh",16.5,1,NA,99,16
22,23,"Alcohol",12.885000000000002,1,NA,99,17
0,0,NA,0,-1,"barbera",99,18
24,25,"Ash",2.685,1,NA,99,19
0,0,NA,0,-1,"barolo",99,20
0,0,NA,0,-1,"grignolino",99,21
0,0,NA,0,-1,"grignolino",99,22
0,0,NA,0,-1,"barolo",99,23
0,0,NA,0,-1,"grignolino",99,24
26,27,"MalicAcid",1.775,1,NA,99,25
0,0,NA,0,-1,"barolo",99,26
28,29,"Ash",3,1,NA,99,27
0,0,NA,0,-1,"grignolino",99,28
30,31,"OD",3.4450000000000003,1,NA,99,29
0,0,NA,0,-1,"barolo",99,30
0,0,NA,0,-1,"grignolino",99,31
2,3,"Proline",842.5,1,NA,100,1
4,5,"Flav",0.9550000000000001,1,NA,100,2
6,7,"OD",2.15,1,NA,100,3
8,9,"Mg",88.5,1,NA,100,4
10,11,"Color",4.9,1,NA,100,5
0,0,NA,0,-1,"barbera",100,6
12,13,"OD",2.66,1,NA,100,7
14,15,"OD",1.7000000000000002,1,NA,100,8
0,0,NA,0,-1,"barbera",100,9
16,17,"Mg",101.5,1,NA,100,10
18,19,"Flav",1.4,1,NA,100,11
20,21,"OD",2.5999999999999996,1,NA,100,12
22,23,"Mg",133,1,NA,100,13
0,0,NA,0,-1,"barbera",100,14
0,0,NA,0,-1,"grignolino",100,15
0,0,NA,0,-1,"grignolino",100,16
24,25,"OD",3.135,1,NA,100,17
0,0,NA,0,-1,"barbera",100,18
26,27,"Mg",121,1,NA,100,19
0,0,NA,0,-1,"barolo",100,20
0,0,NA,0,-1,"grignolino",100,21
0,0,NA,0,-1,"barolo",100,22
0,0,NA,0,-1,"grignolino",100,23
28,29,"OD",1.6099999999999999,1,NA,100,24
0,0,NA,0,-1,"barolo",100,25
0,0,NA,0,-1,"grignolino",100,26
0,0,NA,0,-1,"barbera",100,27
0,0,NA,0,-1,"barbera",100,28
0,0,NA,0,-1,"grignolino",100,29
2,3,"Alcohol",12.78,1,NA,101,1
4,5,"Flav",0.9550000000000001,1,NA,101,2
6,7,"Flav",1.5750000000000002,1,NA,101,3
8,9,"Ash",1.7800000000000002,1,NA,101,4
10,11,"Color",4.8,1,NA,101,5
12,13,"AlcAsh",17.75,1,NA,101,6
14,15,"MalicAcid",1.3399999999999999,1,NA,101,7
0,0,NA,0,-1,"grignolino",101,8
0,0,NA,0,-1,"barbera",101,9
0,0,NA,0,-1,"grignolino",101,10
16,17,"Proa",1.355,1,NA,101,11
0,0,NA,0,-1,"grignolino",101,12
0,0,NA,0,-1,"barbera",101,13
0,0,NA,0,-1,"grignolino",101,14
18,19,"Alcohol",13.02,1,NA,101,15
0,0,NA,0,-1,"barbera",101,16
0,0,NA,0,-1,"grignolino",101,17
20,21,"Alcohol",12.96,1,NA,101,18
22,23,"Proline",572.5,1,NA,101,19
0,0,NA,0,-1,"barolo",101,20
0,0,NA,0,-1,"grignolino",101,21
0,0,NA,0,-1,"grignolino",101,22
0,0,NA,0,-1,"barolo",101,23
2,3,"Phenols",2.38,1,NA,102,1
4,5,"Hue",0.83,1,NA,102,2
6,7,"Alcohol",13.02,1,NA,102,3
8,9,"Flav",1.225,1,NA,102,4
10,11,"Flav",0.9550000000000001,1,NA,102,5
0,0,NA,0,-1,"grignolino",102,6
12,13,"Hue",0.7749999999999999,1,NA,102,7
0,0,NA,0,-1,"barbera",102,8
14,15,"NonFlavPhenols",0.325,1,NA,102,9
16,17,"AlcAsh",15.3,1,NA,102,10
18,19,"Proline",1015,1,NA,102,11
20,21,"Alcohol",13.265,1,NA,102,12
0,0,NA,0,-1,"barolo",102,13
0,0,NA,0,-1,"barbera",102,14
0,0,NA,0,-1,"grignolino",102,15
0,0,NA,0,-1,"grignolino",102,16
0,0,NA,0,-1,"barbera",102,17
0,0,NA,0,-1,"grignolino",102,18
0,0,NA,0,-1,"barolo",102,19
0,0,NA,0,-1,"grignolino",102,20
0,0,NA,0,-1,"barbera",102,21
2,3,"Color",3.82,1,NA,103,1
4,5,"NonFlavPhenols",0.28500000000000003,1,NA,103,2
6,7,"Proline",882.5,1,NA,103,3
8,9,"Alcohol",13.030000000000001,1,NA,103,4
0,0,NA,0,-1,"grignolino",103,5
10,11,"AlcAsh",19.25,1,NA,103,6
0,0,NA,0,-1,"barolo",103,7
0,0,NA,0,-1,"grignolino",103,8
12,13,"Ash",2.17,1,NA,103,9
14,15,"Mg",101.5,1,NA,103,10
16,17,"Flav",1.58,1,NA,103,11
0,0,NA,0,-1,"barolo",103,12
0,0,NA,0,-1,"grignolino",103,13
18,19,"Hue",0.865,1,NA,103,14
0,0,NA,0,-1,"barolo",103,15
0,0,NA,0,-1,"barbera",103,16
0,0,NA,0,-1,"grignolino",103,17
0,0,NA,0,-1,"barbera",103,18
0,0,NA,0,-1,"grignolino",103,19
2,3,"Color",3.82,1,NA,104,1
4,5,"Ash",3.0700000000000003,1,NA,104,2
6,7,"Phenols",2.335,1,NA,104,3
8,9,"OD",3.73,1,NA,104,4
0,0,NA,0,-1,"barolo",104,5
10,11,"Ash",2.105,1,NA,104,6
12,13,"Proa",1.8650000000000002,1,NA,104,7
0,0,NA,0,-1,"grignolino",104,8
0,0,NA,0,-1,"barolo",104,9
0,0,NA,0,-1,"grignolino",104,10
0,0,NA,0,-1,"barbera",104,11
14,15,"AlcAsh",21.25,1,NA,104,12
16,17,"MalicAcid",1.3199999999999998,1,NA,104,13
0,0,NA,0,-1,"barolo",104,14
0,0,NA,0,-1,"grignolino",104,15
0,0,NA,0,-1,"grignolino",104,16
18,19,"Proa",1.92,1,NA,104,17
20,21,"OD",3.4749999999999996,1,NA,104,18
22,23,"Mg",90,1,NA,104,19
0,0,NA,0,-1,"barolo",104,20
0,0,NA,0,-1,"grignolino",104,21
0,0,NA,0,-1,"barbera",104,22
0,0,NA,0,-1,"barolo",104,23
2,3,"Phenols",2.01,1,NA,105,1
4,5,"Hue",0.97,1,NA,105,2
6,7,"Mg",88.5,1,NA,105,3
8,9,"Ash",2.29,1,NA,105,4
0,0,NA,0,-1,"grignolino",105,5
10,11,"Flav",1.2550000000000001,1,NA,105,6
12,13,"Proline",755,1,NA,105,7
14,15,"Color",4.425,1,NA,105,8
0,0,NA,0,-1,"barbera",105,9
0,0,NA,0,-1,"barbera",105,10
0,0,NA,0,-1,"grignolino",105,11
16,17,"Color",9.5,1,NA,105,12
18,19,"Proa",3.12,1,NA,105,13
0,0,NA,0,-1,"grignolino",105,14
0,0,NA,0,-1,"barbera",105,15
20,21,"Mg",102.5,1,NA,105,16
0,0,NA,0,-1,"barbera",105,17
22,23,"OD",3.4850000000000003,1,NA,105,18
0,0,NA,0,-1,"grignolino",105,19
0,0,NA,0,-1,"grignolino",105,20
24,25,"Hue",1.03,1,NA,105,21
0,0,NA,0,-1,"barolo",105,22
26,27,"AlcAsh",24.3,1,NA,105,23
28,29,"Ash",2.325,1,NA,105,24
0,0,NA,0,-1,"barolo",105,25
0,0,NA,0,-1,"barolo",105,26
0,0,NA,0,-1,"grignolino",105,27
0,0,NA,0,-1,"barolo",105,28
0,0,NA,0,-1,"grignolino",105,29
2,3,"Hue",0.785,1,NA,106,1
4,5,"Color",3.9699999999999998,1,NA,106,2
6,7,"Proa",1.9649999999999999,1,NA,106,3
0,0,NA,0,-1,"grignolino",106,4
0,0,NA,0,-1,"barbera",106,5
8,9,"Proline",1010,1,NA,106,6
10,11,"MalicAcid",1.575,1,NA,106,7
12,13,"MalicAcid",4.6899999999999995,1,NA,106,8
0,0,NA,0,-1,"barolo",106,9
14,15,"Color",5.699999999999999,1,NA,106,10
16,17,"Color",3.07,1,NA,106,11
18,19,"Color",4.859999999999999,1,NA,106,12
0,0,NA,0,-1,"barbera",106,13
0,0,NA,0,-1,"grignolino",106,14
0,0,NA,0,-1,"barolo",106,15
0,0,NA,0,-1,"grignolino",106,16
0,0,NA,0,-1,"barolo",106,17
20,21,"MalicAcid",3.925,1,NA,106,18
22,23,"Phenols",2.51,1,NA,106,19
24,25,"Proa",1.6549999999999998,1,NA,106,20
26,27,"Flav",2.38,1,NA,106,21
0,0,NA,0,-1,"barbera",106,22
28,29,"Color",5.55,1,NA,106,23
0,0,NA,0,-1,"grignolino",106,24
30,31,"Ash",3,1,NA,106,25
0,0,NA,0,-1,"grignolino",106,26
0,0,NA,0,-1,"barolo",106,27
0,0,NA,0,-1,"barolo",106,28
0,0,NA,0,-1,"grignolino",106,29
32,33,"Proa",1.71,1,NA,106,30
0,0,NA,0,-1,"barolo",106,31
0,0,NA,0,-1,"barolo",106,32
0,0,NA,0,-1,"grignolino",106,33
2,3,"Hue",0.785,1,NA,107,1
4,5,"OD",2.6550000000000002,1,NA,107,2
6,7,"Alcohol",13.04,1,NA,107,3
0,0,NA,0,-1,"barbera",107,4
0,0,NA,0,-1,"grignolino",107,5
8,9,"Proa",0.995,1,NA,107,6
10,11,"Flav",1.745,1,NA,107,7
0,0,NA,0,-1,"barbera",107,8
12,13,"Proa",1.1600000000000001,1,NA,107,9
14,15,"MalicAcid",2.0549999999999997,1,NA,107,10
16,17,"Ash",1.87,1,NA,107,11
18,19,"OD",1.96,1,NA,107,12
0,0,NA,0,-1,"grignolino",107,13
0,0,NA,0,-1,"grignolino",107,14
0,0,NA,0,-1,"barbera",107,15
0,0,NA,0,-1,"grignolino",107,16
0,0,NA,0,-1,"barolo",107,17
0,0,NA,0,-1,"barbera",107,18
0,0,NA,0,-1,"grignolino",107,19
2,3,"OD",2.115,1,NA,108,1
4,5,"Mg",85.5,1,NA,108,2
6,7,"Phenols",2.27,1,NA,108,3
0,0,NA,0,-1,"grignolino",108,4
8,9,"Color",3.56,1,NA,108,5
10,11,"Alcohol",13.895,1,NA,108,6
12,13,"Alcohol",13.2,1,NA,108,7
0,0,NA,0,-1,"grignolino",108,8
14,15,"MalicAcid",1.5150000000000001,1,NA,108,9
0,0,NA,0,-1,"grignolino",108,10
0,0,NA,0,-1,"barolo",108,11
16,17,"Proline",1000,1,NA,108,12
18,19,"Hue",1.32,1,NA,108,13
20,21,"Color",6.675,1,NA,108,14
0,0,NA,0,-1,"barbera",108,15
22,23,"Ash",2.605,1,NA,108,16
0,0,NA,0,-1,"barolo",108,17
0,0,NA,0,-1,"barolo",108,18
0,0,NA,0,-1,"grignolino",108,19
0,0,NA,0,-1,"grignolino",108,20
0,0,NA,0,-1,"barbera",108,21
0,0,NA,0,-1,"grignolino",108,22
24,25,"Proa",1.895,1,NA,108,23
26,27,"Ash",2.92,1,NA,108,24
0,0,NA,0,-1,"barolo",108,25
0,0,NA,0,-1,"barbera",108,26
0,0,NA,0,-1,"grignolino",108,27
2,3,"Alcohol",12.78,1,NA,109,1
4,5,"Flav",0.97,1,NA,109,2
6,7,"NonFlavPhenols",0.395,1,NA,109,3
8,9,"MalicAcid",1.7,1,NA,109,4
0,0,NA,0,-1,"grignolino",109,5
10,11,"Phenols",2.04,1,NA,109,6
12,13,"Flav",1.3450000000000002,1,NA,109,7
0,0,NA,0,-1,"grignolino",109,8
0,0,NA,0,-1,"barbera",109,9
14,15,"Ash",2.3200000000000003,1,NA,109,10
16,17,"Proline",591,1,NA,109,11
0,0,NA,0,-1,"barbera",109,12
18,19,"Ash",2.34,1,NA,109,13
0,0,NA,0,-1,"grignolino",109,14
0,0,NA,0,-1,"barbera",109,15
0,0,NA,0,-1,"grignolino",109,16
0,0,NA,0,-1,"barolo",109,17
0,0,NA,0,-1,"grignolino",109,18
0,0,NA,0,-1,"barolo",109,19
2,3,"OD",2.19,1,NA,110,1
4,5,"Color",3.625,1,NA,110,2
6,7,"AlcAsh",17.9,1,NA,110,3
0,0,NA,0,-1,"grignolino",110,4
0,0,NA,0,-1,"barbera",110,5
8,9,"MalicAcid",1.42,1,NA,110,6
10,11,"Proline",724.5,1,NA,110,7
0,0,NA,0,-1,"grignolino",110,8
0,0,NA,0,-1,"barolo",110,9
12,13,"Proa",0.85,1,NA,110,10
14,15,"Phenols",1.875,1,NA,110,11
0,0,NA,0,-1,"barbera",110,12
0,0,NA,0,-1,"grignolino",110,13
0,0,NA,0,-1,"barbera",110,14
0,0,NA,0,-1,"barolo",110,15
2,3,"Color",3.82,1,NA,111,1
4,5,"Proline",953,1,NA,111,2
6,7,"Proline",842.5,1,NA,111,3
8,9,"Color",3.46,1,NA,111,4
0,0,NA,0,-1,"barolo",111,5
10,11,"OD",2.475,1,NA,111,6
12,13,"Alcohol",12.55,1,NA,111,7
0,0,NA,0,-1,"grignolino",111,8
14,15,"NonFlavPhenols",0.30000000000000004,1,NA,111,9
16,17,"Mg",85.5,1,NA,111,10
18,19,"Hue",1.0750000000000002,1,NA,111,11
0,0,NA,0,-1,"barbera",111,12
0,0,NA,0,-1,"barolo",111,13
20,21,"Mg",91.5,1,NA,111,14
0,0,NA,0,-1,"grignolino",111,15
22,23,"NonFlavPhenols",0.505,1,NA,111,16
24,25,"Proline",465,1,NA,111,17
26,27,"Flav",3.855,1,NA,111,18
0,0,NA,0,-1,"grignolino",111,19
0,0,NA,0,-1,"grignolino",111,20
0,0,NA,0,-1,"barolo",111,21
0,0,NA,0,-1,"barbera",111,22
0,0,NA,0,-1,"grignolino",111,23
28,29,"AlcAsh",21.15,1,NA,111,24
0,0,NA,0,-1,"barbera",111,25
0,0,NA,0,-1,"barolo",111,26
0,0,NA,0,-1,"grignolino",111,27
0,0,NA,0,-1,"grignolino",111,28
0,0,NA,0,-1,"barbera",111,29
2,3,"Color",3.46,1,NA,112,1
0,0,NA,0,-1,"grignolino",112,2
4,5,"NonFlavPhenols",0.395,1,NA,112,3
6,7,"MalicAcid",1.28,1,NA,112,4
8,9,"Hue",1.045,1,NA,112,5
0,0,NA,0,-1,"grignolino",112,6
10,11,"Proline",737,1,NA,112,7
12,13,"Phenols",2.75,1,NA,112,8
14,15,"MalicAcid",2.365,1,NA,112,9
16,17,"Hue",0.8,1,NA,112,10
0,0,NA,0,-1,"barolo",112,11
0,0,NA,0,-1,"barbera",112,12
0,0,NA,0,-1,"grignolino",112,13
0,0,NA,0,-1,"barolo",112,14
0,0,NA,0,-1,"grignolino",112,15
0,0,NA,0,-1,"barbera",112,16
18,19,"Phenols",2.42,1,NA,112,17
0,0,NA,0,-1,"grignolino",112,18
0,0,NA,0,-1,"barolo",112,19
2,3,"Alcohol",12.745000000000001,1,NA,113,1
4,5,"OD",2.0700000000000003,1,NA,113,2
6,7,"NonFlavPhenols",0.395,1,NA,113,3
8,9,"Hue",0.8180000000000001,1,NA,113,4
0,0,NA,0,-1,"grignolino",113,5
10,11,"Hue",0.79,1,NA,113,6
12,13,"Hue",1.095,1,NA,113,7
0,0,NA,0,-1,"barbera",113,8
0,0,NA,0,-1,"grignolino",113,9
14,15,"Proline",440,1,NA,113,10
16,17,"Mg",89.5,1,NA,113,11
18,19,"Color",4.859999999999999,1,NA,113,12
0,0,NA,0,-1,"barolo",113,13
0,0,NA,0,-1,"grignolino",113,14
0,0,NA,0,-1,"barbera",113,15
0,0,NA,0,-1,"grignolino",113,16
20,21,"Hue",1.28,1,NA,113,17
22,23,"Proline",532.5,1,NA,113,18
0,0,NA,0,-1,"barbera",113,19
0,0,NA,0,-1,"barolo",113,20
0,0,NA,0,-1,"grignolino",113,21
0,0,NA,0,-1,"grignolino",113,22
0,0,NA,0,-1,"barbera",113,23
2,3,"Color",3.6500000000000004,1,NA,114,1
0,0,NA,0,-1,"grignolino",114,2
4,5,"OD",2.49,1,NA,114,3
6,7,"MalicAcid",1.27,1,NA,114,4
8,9,"Flav",2.165,1,NA,114,5
10,11,"Color",5.025,1,NA,114,6
12,13,"Proa",0.63,1,NA,114,7
0,0,NA,0,-1,"grignolino",114,8
14,15,"Mg",89,1,NA,114,9
0,0,NA,0,-1,"grignolino",114,10
0,0,NA,0,-1,"barbera",114,11
0,0,NA,0,-1,"grignolino",114,12
0,0,NA,0,-1,"barbera",114,13
0,0,NA,0,-1,"grignolino",114,14
0,0,NA,0,-1,"barolo",114,15
2,3,"Phenols",2.325,1,NA,115,1
4,5,"Color",3.825,1,NA,115,2
6,7,"AlcAsh",20.75,1,NA,115,3
0,0,NA,0,-1,"grignolino",115,4
8,9,"AlcAsh",17.4,1,NA,115,5
10,11,"Proline",737.5,1,NA,115,6
12,13,"Mg",121.5,1,NA,115,7
0,0,NA,0,-1,"barolo",115,8
14,15,"MalicAcid",1.23,1,NA,115,9
0,0,NA,0,-1,"grignolino",115,10
16,17,"Proa",3.12,1,NA,115,11
0,0,NA,0,-1,"grignolino",115,12
0,0,NA,0,-1,"barolo",115,13
0,0,NA,0,-1,"grignolino",115,14
18,19,"Color",4.85,1,NA,115,15
0,0,NA,0,-1,"barolo",115,16
0,0,NA,0,-1,"grignolino",115,17
20,21,"Color",4.699999999999999,1,NA,115,18
0,0,NA,0,-1,"barbera",115,19
0,0,NA,0,-1,"barbera",115,20
0,0,NA,0,-1,"grignolino",115,21
2,3,"Flav",2.33,1,NA,116,1
4,5,"Color",4.859999999999999,1,NA,116,2
6,7,"Alcohol",12.785,1,NA,116,3
8,9,"MalicAcid",4.29,1,NA,116,4
0,0,NA,0,-1,"barbera",116,5
0,0,NA,0,-1,"grignolino",116,6
10,11,"MalicAcid",1.1800000000000002,1,NA,116,7
0,0,NA,0,-1,"grignolino",116,8
0,0,NA,0,-1,"barbera",116,9
0,0,NA,0,-1,"grignolino",116,10
0,0,NA,0,-1,"barolo",116,11
2,3,"Flav",2.31,1,NA,117,1
4,5,"Color",3.825,1,NA,117,2
6,7,"Mg",88.5,1,NA,117,3
0,0,NA,0,-1,"grignolino",117,4
8,9,"Proline",1062.5,1,NA,117,5
0,0,NA,0,-1,"grignolino",117,6
10,11,"Proa",2.47,1,NA,117,7
12,13,"Hue",1.075,1,NA,117,8
0,0,NA,0,-1,"barolo",117,9
14,15,"Alcohol",12.815,1,NA,117,10
16,17,"OD",3.13,1,NA,117,11
18,19,"Proa",1.59,1,NA,117,12
0,0,NA,0,-1,"grignolino",117,13
0,0,NA,0,-1,"grignolino",117,14
0,0,NA,0,-1,"barolo",117,15
0,0,NA,0,-1,"barolo",117,16
0,0,NA,0,-1,"grignolino",117,17
0,0,NA,0,-1,"barbera",117,18
20,21,"Color",8.275,1,NA,117,19
0,0,NA,0,-1,"grignolino",117,20
0,0,NA,0,-1,"barbera",117,21
2,3,"Alcohol",12.754999999999999,1,NA,118,1
4,5,"OD",1.585,1,NA,118,2
6,7,"Proline",840,1,NA,118,3
0,0,NA,0,-1,"barbera",118,4
8,9,"MalicAcid",4.97,1,NA,118,5
10,11,"Flav",2.1,1,NA,118,6
12,13,"Proline",1000,1,NA,118,7
0,0,NA,0,-1,"grignolino",118,8
0,0,NA,0,-1,"barbera",118,9
14,15,"Color",3.585,1,NA,118,10
16,17,"Proline",591,1,NA,118,11
18,19,"Proa",1.9100000000000001,1,NA,118,12
0,0,NA,0,-1,"barolo",118,13
0,0,NA,0,-1,"grignolino",118,14
0,0,NA,0,-1,"barbera",118,15
0,0,NA,0,-1,"grignolino",118,16
0,0,NA,0,-1,"barolo",118,17
0,0,NA,0,-1,"barolo",118,18
0,0,NA,0,-1,"grignolino",118,19
2,3,"Color",3.915,1,NA,119,1
4,5,"Flav",2.665,1,NA,119,2
6,7,"OD",2.2249999999999996,1,NA,119,3
8,9,"Hue",0.77,1,NA,119,4
10,11,"AlcAsh",27.5,1,NA,119,5
12,13,"Mg",85.5,1,NA,119,6
14,15,"OD",2.525,1,NA,119,7
16,17,"Ash",2.335,1,NA,119,8
0,0,NA,0,-1,"grignolino",119,9
0,0,NA,0,-1,"barolo",119,10
0,0,NA,0,-1,"grignolino",119,11
0,0,NA,0,-1,"grignolino",119,12
18,19,"Proline",460,1,NA,119,13
0,0,NA,0,-1,"grignolino",119,14
20,21,"Mg",89,1,NA,119,15
0,0,NA,0,-1,"grignolino",119,16
0,0,NA,0,-1,"barbera",119,17
0,0,NA,0,-1,"grignolino",119,18
0,0,NA,0,-1,"barbera",119,19
0,0,NA,0,-1,"grignolino",119,20
0,0,NA,0,-1,"barolo",119,21
2,3,"Alcohol",12.745000000000001,1,NA,120,1
4,5,"Color",4.84,1,NA,120,2
6,7,"Proa",1.43,1,NA,120,3
0,0,NA,0,-1,"grignolino",120,4
8,9,"Proline",487.5,1,NA,120,5
10,11,"Color",3.87,1,NA,120,6
12,13,"OD",2.29,1,NA,120,7
0,0,NA,0,-1,"grignolino",120,8
0,0,NA,0,-1,"barbera",120,9
14,15,"Proline",885,1,NA,120,10
16,17,"Proline",957.5,1,NA,120,11
18,19,"OD",1.895,1,NA,120,12
20,21,"Proline",591,1,NA,120,13
0,0,NA,0,-1,"grignolino",120,14
0,0,NA,0,-1,"barolo",120,15
0,0,NA,0,-1,"barbera",120,16
0,0,NA,0,-1,"barolo",120,17
0,0,NA,0,-1,"barbera",120,18
0,0,NA,0,-1,"grignolino",120,19
0,0,NA,0,-1,"grignolino",120,20
22,23,"OD",3.4850000000000003,1,NA,120,21
0,0,NA,0,-1,"barolo",120,22
24,25,"Hue",1.2000000000000002,1,NA,120,23
0,0,NA,0,-1,"barolo",120,24
0,0,NA,0,-1,"grignolino",120,25
2,3,"Flav",0.975,1,NA,121,1
0,0,NA,0,-1,"barbera",121,2
4,5,"Proline",772.5,1,NA,121,3
6,7,"Hue",0.6799999999999999,1,NA,121,4
8,9,"Alcohol",13.02,1,NA,121,5
0,0,NA,0,-1,"barbera",121,6
10,11,"Proa",0.985,1,NA,121,7
12,13,"Color",3.64,1,NA,121,8
0,0,NA,0,-1,"barolo",121,9
14,15,"Mg",103.5,1,NA,121,10
16,17,"Flav",2.605,1,NA,121,11
0,0,NA,0,-1,"grignolino",121,12
0,0,NA,0,-1,"barolo",121,13
0,0,NA,0,-1,"grignolino",121,14
18,19,"Phenols",2.1149999999999998,1,NA,121,15
0,0,NA,0,-1,"grignolino",121,16
20,21,"Proa",1.7650000000000001,1,NA,121,17
0,0,NA,0,-1,"barbera",121,18
0,0,NA,0,-1,"grignolino",121,19
0,0,NA,0,-1,"barolo",121,20
0,0,NA,0,-1,"grignolino",121,21
2,3,"Color",3.46,1,NA,122,1
0,0,NA,0,-1,"grignolino",122,2
4,5,"OD",2.475,1,NA,122,3
6,7,"Ash",2.085,1,NA,122,4
8,9,"Proline",670,1,NA,122,5
0,0,NA,0,-1,"grignolino",122,6
10,11,"OD",2.005,1,NA,122,7
0,0,NA,0,-1,"grignolino",122,8
0,0,NA,0,-1,"barolo",122,9
0,0,NA,0,-1,"barbera",122,10
12,13,"Ash",2.335,1,NA,122,11
0,0,NA,0,-1,"grignolino",122,12
0,0,NA,0,-1,"barbera",122,13
2,3,"Alcohol",12.754999999999999,1,NA,123,1
4,5,"Hue",0.675,1,NA,123,2
6,7,"OD",2.475,1,NA,123,3
0,0,NA,0,-1,"barbera",123,4
8,9,"OD",1.755,1,NA,123,5
0,0,NA,0,-1,"barbera",123,6
10,11,"Color",3.45,1,NA,123,7
12,13,"AlcAsh",16.75,1,NA,123,8
0,0,NA,0,-1,"grignolino",123,9
0,0,NA,0,-1,"grignolino",123,10
14,15,"Mg",87.5,1,NA,123,11
0,0,NA,0,-1,"grignolino",123,12
0,0,NA,0,-1,"barbera",123,13
0,0,NA,0,-1,"grignolino",123,14
0,0,NA,0,-1,"barolo",123,15
2,3,"Color",3.9450000000000003,1,NA,124,1
4,5,"Hue",1.08,1,NA,124,2
6,7,"Phenols",2.1,1,NA,124,3
0,0,NA,0,-1,"grignolino",124,4
8,9,"Proline",774,1,NA,124,5
0,0,NA,0,-1,"barbera",124,6
10,11,"Proline",670,1,NA,124,7
0,0,NA,0,-1,"grignolino",124,8
12,13,"Mg",131.5,1,NA,124,9
14,15,"Flav",2.425,1,NA,124,10
0,0,NA,0,-1,"barolo",124,11
0,0,NA,0,-1,"barolo",124,12
0,0,NA,0,-1,"grignolino",124,13
0,0,NA,0,-1,"barbera",124,14
0,0,NA,0,-1,"grignolino",124,15
2,3,"Color",3.825,1,NA,125,1
4,5,"OD",3.8200000000000003,1,NA,125,2
6,7,"NonFlavPhenols",0.335,1,NA,125,3
0,0,NA,0,-1,"grignolino",125,4
0,0,NA,0,-1,"barolo",125,5
8,9,"Flav",2.11,1,NA,125,6
10,11,"Flav",1.49,1,NA,125,7
12,13,"Mg",92,1,NA,125,8
14,15,"Alcohol",12.61,1,NA,125,9
0,0,NA,0,-1,"barbera",125,10
16,17,"Flav",2.67,1,NA,125,11
0,0,NA,0,-1,"grignolino",125,12
0,0,NA,0,-1,"barbera",125,13
0,0,NA,0,-1,"grignolino",125,14
0,0,NA,0,-1,"barolo",125,15
0,0,NA,0,-1,"grignolino",125,16
18,19,"Alcohol",12.835,1,NA,125,17
0,0,NA,0,-1,"grignolino",125,18
0,0,NA,0,-1,"barolo",125,19
2,3,"OD",2.19,1,NA,126,1
4,5,"MalicAcid",1.6400000000000001,1,NA,126,2
6,7,"Proline",737,1,NA,126,3
8,9,"Color",4.36,1,NA,126,4
10,11,"AlcAsh",17.25,1,NA,126,5
12,13,"OD",2.365,1,NA,126,6
14,15,"Flav",2.3,1,NA,126,7
0,0,NA,0,-1,"grignolino",126,8
16,17,"NonFlavPhenols",0.565,1,NA,126,9
0,0,NA,0,-1,"grignolino",126,10
0,0,NA,0,-1,"barbera",126,11
18,19,"Ash",2.63,1,NA,126,12
0,0,NA,0,-1,"grignolino",126,13
20,21,"MalicAcid",1.62,1,NA,126,14
22,23,"Mg",135.5,1,NA,126,15
0,0,NA,0,-1,"grignolino",126,16
0,0,NA,0,-1,"barbera",126,17
0,0,NA,0,-1,"grignolino",126,18
24,25,"Mg",115,1,NA,126,19
0,0,NA,0,-1,"grignolino",126,20
26,27,"MalicAcid",2.14,1,NA,126,21
0,0,NA,0,-1,"barolo",126,22
0,0,NA,0,-1,"grignolino",126,23
0,0,NA,0,-1,"barbera",126,24
0,0,NA,0,-1,"grignolino",126,25
0,0,NA,0,-1,"barolo",126,26
0,0,NA,0,-1,"barbera",126,27
2,3,"Proline",765,1,NA,127,1
4,5,"Alcohol",12.55,1,NA,127,2
6,7,"Phenols",1.8,1,NA,127,3
8,9,"OD",2.0300000000000002,1,NA,127,4
10,11,"Hue",1,1,NA,127,5
12,13,"Phenols",1.25,1,NA,127,6
14,15,"MalicAcid",1.2200000000000002,1,NA,127,7
16,17,"Alcohol",12.364999999999998,1,NA,127,8
0,0,NA,0,-1,"grignolino",127,9
18,19,"Proa",1.59,1,NA,127,10
0,0,NA,0,-1,"grignolino",127,11
0,0,NA,0,-1,"grignolino",127,12
0,0,NA,0,-1,"barbera",127,13
0,0,NA,0,-1,"grignolino",127,14
20,21,"Hue",1.28,1,NA,127,15
0,0,NA,0,-1,"barbera",127,16
0,0,NA,0,-1,"grignolino",127,17
0,0,NA,0,-1,"barbera",127,18
22,23,"Mg",87.5,1,NA,127,19
0,0,NA,0,-1,"barolo",127,20
0,0,NA,0,-1,"grignolino",127,21
0,0,NA,0,-1,"grignolino",127,22
24,25,"Proline",677.5,1,NA,127,23
0,0,NA,0,-1,"barbera",127,24
0,0,NA,0,-1,"barolo",127,25
2,3,"Flav",0.915,1,NA,128,1
0,0,NA,0,-1,"barbera",128,2
4,5,"Color",3.46,1,NA,128,3
0,0,NA,0,-1,"grignolino",128,4
6,7,"Alcohol",12.745000000000001,1,NA,128,5
0,0,NA,0,-1,"grignolino",128,6
8,9,"Hue",0.81,1,NA,128,7
0,0,NA,0,-1,"barbera",128,8
10,11,"MalicAcid",1.1800000000000002,1,NA,128,9
0,0,NA,0,-1,"grignolino",128,10
0,0,NA,0,-1,"barolo",128,11
2,3,"Color",3.825,1,NA,129,1
4,5,"OD",3.785,1,NA,129,2
6,7,"Phenols",2.335,1,NA,129,3
8,9,"AlcAsh",15.75,1,NA,129,4
0,0,NA,0,-1,"barolo",129,5
10,11,"OD",2.645,1,NA,129,6
12,13,"Proline",697.5,1,NA,129,7
14,15,"Flav",2.245,1,NA,129,8
0,0,NA,0,-1,"grignolino",129,9
0,0,NA,0,-1,"barbera",129,10
0,0,NA,0,-1,"barolo",129,11
0,0,NA,0,-1,"grignolino",129,12
0,0,NA,0,-1,"barolo",129,13
0,0,NA,0,-1,"grignolino",129,14
0,0,NA,0,-1,"barolo",129,15
2,3,"Flav",1.4,1,NA,130,1
4,5,"AlcAsh",16.75,1,NA,130,2
6,7,"Alcohol",13.04,1,NA,130,3
0,0,NA,0,-1,"grignolino",130,4
8,9,"NonFlavPhenols",0.15500000000000003,1,NA,130,5
10,11,"Alcohol",12.809999999999999,1,NA,130,6
12,13,"Proline",655,1,NA,130,7
0,0,NA,0,-1,"grignolino",130,8
14,15,"Color",3.45,1,NA,130,9
0,0,NA,0,-1,"grignolino",130,10
16,17,"Ash",2.625,1,NA,130,11
18,19,"Color",6.199999999999999,1,NA,130,12
0,0,NA,0,-1,"barolo",130,13
0,0,NA,0,-1,"grignolino",130,14
0,0,NA,0,-1,"barbera",130,15
0,0,NA,0,-1,"grignolino",130,16
0,0,NA,0,-1,"barolo",130,17
0,0,NA,0,-1,"grignolino",130,18
0,0,NA,0,-1,"barbera",130,19
2,3,"Proline",842.5,1,NA,131,1
4,5,"Hue",0.9299999999999999,1,NA,131,2
6,7,"Alcohol",13.02,1,NA,131,3
8,9,"Flav",1.575,1,NA,131,4
10,11,"MalicAcid",2.36,1,NA,131,5
12,13,"Color",3.64,1,NA,131,6
0,0,NA,0,-1,"barolo",131,7
14,15,"Ash",2.04,1,NA,131,8
16,17,"Color",4.15,1,NA,131,9
0,0,NA,0,-1,"grignolino",131,10
18,19,"Ash",2.4699999999999998,1,NA,131,11
0,0,NA,0,-1,"grignolino",131,12
20,21,"NonFlavPhenols",0.445,1,NA,131,13
0,0,NA,0,-1,"grignolino",131,14
0,0,NA,0,-1,"barbera",131,15
0,0,NA,0,-1,"grignolino",131,16
0,0,NA,0,-1,"barolo",131,17
0,0,NA,0,-1,"grignolino",131,18
22,23,"Flav",2.2199999999999998,1,NA,131,19
0,0,NA,0,-1,"barolo",131,20
0,0,NA,0,-1,"barbera",131,21
24,25,"Phenols",1.79,1,NA,131,22
0,0,NA,0,-1,"barolo",131,23
0,0,NA,0,-1,"grignolino",131,24
0,0,NA,0,-1,"barbera",131,25
2,3,"NonFlavPhenols",0.395,1,NA,132,1
4,5,"Color",3.865,1,NA,132,2
6,7,"OD",2.115,1,NA,132,3
8,9,"Color",3.77,1,NA,132,4
10,11,"OD",2.405,1,NA,132,5
12,13,"Hue",0.99,1,NA,132,6
14,15,"Hue",0.91,1,NA,132,7
0,0,NA,0,-1,"grignolino",132,8
16,17,"Flav",2.335,1,NA,132,9
18,19,"MalicAcid",1.895,1,NA,132,10
20,21,"Mg",88,1,NA,132,11
0,0,NA,0,-1,"barbera",132,12
0,0,NA,0,-1,"grignolino",132,13
22,23,"Alcohol",12.805,1,NA,132,14
24,25,"Proa",1.68,1,NA,132,15
0,0,NA,0,-1,"grignolino",132,16
0,0,NA,0,-1,"barolo",132,17
0,0,NA,0,-1,"grignolino",132,18
0,0,NA,0,-1,"barbera",132,19
0,0,NA,0,-1,"grignolino",132,20
0,0,NA,0,-1,"barolo",132,21
0,0,NA,0,-1,"grignolino",132,22
0,0,NA,0,-1,"barbera",132,23
0,0,NA,0,-1,"grignolino",132,24
26,27,"Alcohol",12.875,1,NA,132,25
0,0,NA,0,-1,"grignolino",132,26
0,0,NA,0,-1,"barolo",132,27
2,3,"MalicAcid",2.2750000000000004,1,NA,133,1
4,5,"Flav",2.3600000000000003,1,NA,133,2
6,7,"Color",3.825,1,NA,133,3
8,9,"Hue",0.77,1,NA,133,4
10,11,"AlcAsh",22.5,1,NA,133,5
0,0,NA,0,-1,"grignolino",133,6
12,13,"Color",5.26,1,NA,133,7
0,0,NA,0,-1,"barbera",133,8
0,0,NA,0,-1,"grignolino",133,9
14,15,"Proline",729,1,NA,133,10
16,17,"Flav",2.77,1,NA,133,11
18,19,"Mg",108.5,1,NA,133,12
0,0,NA,0,-1,"barbera",133,13
0,0,NA,0,-1,"grignolino",133,14
0,0,NA,0,-1,"barolo",133,15
20,21,"Color",2.85,1,NA,133,16
0,0,NA,0,-1,"grignolino",133,17
22,23,"Hue",0.96,1,NA,133,18
0,0,NA,0,-1,"barolo",133,19
0,0,NA,0,-1,"grignolino",133,20
0,0,NA,0,-1,"barolo",133,21
0,0,NA,0,-1,"barbera",133,22
0,0,NA,0,-1,"barolo",133,23
2,3,"Phenols",2.58,1,NA,134,1
4,5,"OD",2.19,1,NA,134,2
6,7,"Hue",0.8049999999999999,1,NA,134,3
8,9,"Proline",460,1,NA,134,4
10,11,"Proa",0.89,1,NA,134,5
12,13,"Hue",0.6599999999999999,1,NA,134,6
14,15,"Color",3.48,1,NA,134,7
16,17,"Hue",0.78,1,NA,134,8
18,19,"MalicAcid",1.92,1,NA,134,9
0,0,NA,0,-1,"barbera",134,10
20,21,"MalicAcid",3.615,1,NA,134,11
0,0,NA,0,-1,"barbera",134,12
0,0,NA,0,-1,"grignolino",134,13
0,0,NA,0,-1,"grignolino",134,14
22,23,"Alcohol",13.135,1,NA,134,15
0,0,NA,0,-1,"barbera",134,16
0,0,NA,0,-1,"grignolino",134,17
24,25,"OD",1.5899999999999999,1,NA,134,18
26,27,"Hue",0.83,1,NA,134,19
28,29,"AlcAsh",15.3,1,NA,134,20
0,0,NA,0,-1,"barolo",134,21
30,31,"Proa",1.935,1,NA,134,22
0,0,NA,0,-1,"barolo",134,23
0,0,NA,0,-1,"barbera",134,24
0,0,NA,0,-1,"grignolino",134,25
0,0,NA,0,-1,"barbera",134,26
32,33,"Proa",1.54,1,NA,134,27
0,0,NA,0,-1,"barolo",134,28
34,35,"Color",3.46,1,NA,134,29
0,0,NA,0,-1,"barolo",134,30
0,0,NA,0,-1,"grignolino",134,31
0,0,NA,0,-1,"barbera",134,32
0,0,NA,0,-1,"grignolino",134,33
0,0,NA,0,-1,"grignolino",134,34
36,37,"Proline",779.5,1,NA,134,35
0,0,NA,0,-1,"grignolino",134,36
0,0,NA,0,-1,"barolo",134,37
2,3,"Color",3.875,1,NA,135,1
4,5,"Color",3.46,1,NA,135,2
6,7,"Flav",1.71,1,NA,135,3
0,0,NA,0,-1,"grignolino",135,4
8,9,"Proline",730,1,NA,135,5
0,0,NA,0,-1,"barbera",135,6
10,11,"MalicAcid",1.275,1,NA,135,7
0,0,NA,0,-1,"grignolino",135,8
0,0,NA,0,-1,"barolo",135,9
0,0,NA,0,-1,"grignolino",135,10
0,0,NA,0,-1,"barolo",135,11
2,3,"Color",3.82,1,NA,136,1
4,5,"Proa",1.665,1,NA,136,2
6,7,"OD",2.395,1,NA,136,3
0,0,NA,0,-1,"grignolino",136,4
8,9,"Color",3.525,1,NA,136,5
10,11,"Proa",1.59,1,NA,136,6
12,13,"MalicAcid",1.26,1,NA,136,7
0,0,NA,0,-1,"grignolino",136,8
0,0,NA,0,-1,"barolo",136,9
14,15,"AlcAsh",17.15,1,NA,136,10
16,17,"Alcohol",13.265,1,NA,136,11
0,0,NA,0,-1,"grignolino",136,12
18,19,"Hue",0.7749999999999999,1,NA,136,13
0,0,NA,0,-1,"grignolino",136,14
0,0,NA,0,-1,"barbera",136,15
0,0,NA,0,-1,"grignolino",136,16
0,0,NA,0,-1,"barbera",136,17
0,0,NA,0,-1,"grignolino",136,18
20,21,"Proline",622.5,1,NA,136,19
0,0,NA,0,-1,"grignolino",136,20
0,0,NA,0,-1,"barolo",136,21
2,3,"Flav",1.315,1,NA,137,1
4,5,"Proa",0.485,1,NA,137,2
6,7,"Alcohol",13.04,1,NA,137,3
0,0,NA,0,-1,"grignolino",137,4
8,9,"Alcohol",12.18,1,NA,137,5
10,11,"Phenols",1.54,1,NA,137,6
12,13,"Color",3.77,1,NA,137,7
0,0,NA,0,-1,"grignolino",137,8
14,15,"Color",3.875,1,NA,137,9
16,17,"Proa",1.3050000000000002,1,NA,137,10
18,19,"Ash",2.625,1,NA,137,11
20,21,"Mg",92.5,1,NA,137,12
22,23,"Phenols",2.1500000000000004,1,NA,137,13
0,0,NA,0,-1,"grignolino",137,14
0,0,NA,0,-1,"barbera",137,15
0,0,NA,0,-1,"barbera",137,16
0,0,NA,0,-1,"grignolino",137,17
0,0,NA,0,-1,"grignolino",137,18
24,25,"Proline",725,1,NA,137,19
0,0,NA,0,-1,"grignolino",137,20
0,0,NA,0,-1,"barolo",137,21
26,27,"Hue",0.8999999999999999,1,NA,137,22
0,0,NA,0,-1,"barolo",137,23
0,0,NA,0,-1,"grignolino",137,24
0,0,NA,0,-1,"barolo",137,25
0,0,NA,0,-1,"barbera",137,26
0,0,NA,0,-1,"grignolino",137,27
2,3,"Color",3.82,1,NA,138,1
4,5,"Proline",1002.5,1,NA,138,2
6,7,"MalicAcid",2.41,1,NA,138,3
8,9,"Flav",2.665,1,NA,138,4
0,0,NA,0,-1,"barolo",138,5
10,11,"Mg",88.5,1,NA,138,6
12,13,"Proa",1.47,1,NA,138,7
0,0,NA,0,-1,"grignolino",138,8
14,15,"Color",3.48,1,NA,138,9
16,17,"MalicAcid",1.205,1,NA,138,10
18,19,"Flav",1.7999999999999998,1,NA,138,11
0,0,NA,0,-1,"barbera",138,12
20,21,"Flav",1.62,1,NA,138,13
0,0,NA,0,-1,"grignolino",138,14
0,0,NA,0,-1,"barolo",138,15
0,0,NA,0,-1,"grignolino",138,16
22,23,"Proline",682,1,NA,138,17
24,25,"Proa",1.01,1,NA,138,18
26,27,"Ash",3.0149999999999997,1,NA,138,19
0,0,NA,0,-1,"barbera",138,20
0,0,NA,0,-1,"barolo",138,21
0,0,NA,0,-1,"barbera",138,22
0,0,NA,0,-1,"grignolino",138,23
0,0,NA,0,-1,"grignolino",138,24
0,0,NA,0,-1,"barbera",138,25
0,0,NA,0,-1,"barolo",138,26
0,0,NA,0,-1,"grignolino",138,27
2,3,"Proline",755,1,NA,139,1
4,5,"Hue",0.785,1,NA,139,2
6,7,"Hue",0.78,1,NA,139,3
8,9,"Color",3.375,1,NA,139,4
10,11,"OD",2.0549999999999997,1,NA,139,5
0,0,NA,0,-1,"barbera",139,6
12,13,"Hue",1.295,1,NA,139,7
0,0,NA,0,-1,"grignolino",139,8
0,0,NA,0,-1,"barbera",139,9
14,15,"Proa",0.71,1,NA,139,10
16,17,"Proa",0.88,1,NA,139,11
18,19,"NonFlavPhenols",0.355,1,NA,139,12
0,0,NA,0,-1,"grignolino",139,13
0,0,NA,0,-1,"grignolino",139,14
0,0,NA,0,-1,"barbera",139,15
0,0,NA,0,-1,"barbera",139,16
20,21,"Alcohol",12.98,1,NA,139,17
0,0,NA,0,-1,"barolo",139,18
22,23,"Color",3.315,1,NA,139,19
0,0,NA,0,-1,"grignolino",139,20
24,25,"Phenols",2.795,1,NA,139,21
0,0,NA,0,-1,"grignolino",139,22
0,0,NA,0,-1,"barolo",139,23
0,0,NA,0,-1,"barolo",139,24
0,0,NA,0,-1,"grignolino",139,25
2,3,"Alcohol",12.79,1,NA,140,1
4,5,"Hue",0.785,1,NA,140,2
6,7,"Phenols",2.19,1,NA,140,3
8,9,"OD",1.925,1,NA,140,4
0,0,NA,0,-1,"grignolino",140,5
10,11,"Flav",1.49,1,NA,140,6
12,13,"Proline",650,1,NA,140,7
0,0,NA,0,-1,"barbera",140,8
0,0,NA,0,-1,"grignolino",140,9
0,0,NA,0,-1,"barbera",140,10
0,0,NA,0,-1,"grignolino",140,11
14,15,"Hue",0.845,1,NA,140,12
16,17,"Color",3.435,1,NA,140,13
0,0,NA,0,-1,"barbera",140,14
0,0,NA,0,-1,"grignolino",140,15
0,0,NA,0,-1,"grignolino",140,16
0,0,NA,0,-1,"barolo",140,17
2,3,"Alcohol",12.524999999999999,1,NA,141,1
4,5,"OD",2.115,1,NA,141,2
6,7,"Phenols",2.335,1,NA,141,3
8,9,"Hue",0.8280000000000001,1,NA,141,4
0,0,NA,0,-1,"grignolino",141,5
10,11,"Color",3.9,1,NA,141,6
12,13,"Color",3.06,1,NA,141,7
0,0,NA,0,-1,"barbera",141,8
0,0,NA,0,-1,"grignolino",141,9
0,0,NA,0,-1,"grignolino",141,10
14,15,"Proline",1057.5,1,NA,141,11
0,0,NA,0,-1,"grignolino",141,12
0,0,NA,0,-1,"barolo",141,13
16,17,"Color",4.75,1,NA,141,14
0,0,NA,0,-1,"barolo",141,15
18,19,"Ash",1.93,1,NA,141,16
0,0,NA,0,-1,"barbera",141,17
0,0,NA,0,-1,"grignolino",141,18
0,0,NA,0,-1,"barbera",141,19
2,3,"OD",2.205,1,NA,142,1
4,5,"Ash",2.04,1,NA,142,2
6,7,"OD",2.61,1,NA,142,3
0,0,NA,0,-1,"grignolino",142,4
8,9,"MalicAcid",1.17,1,NA,142,5
10,11,"Flav",3.025,1,NA,142,6
12,13,"Proline",726.5,1,NA,142,7
0,0,NA,0,-1,"grignolino",142,8
0,0,NA,0,-1,"barbera",142,9
0,0,NA,0,-1,"grignolino",142,10
0,0,NA,0,-1,"barolo",142,11
0,0,NA,0,-1,"grignolino",142,12
14,15,"Hue",1.295,1,NA,142,13
0,0,NA,0,-1,"barolo",142,14
0,0,NA,0,-1,"grignolino",142,15
2,3,"Proline",842.5,1,NA,143,1
4,5,"OD",2.115,1,NA,143,2
6,7,"Flav",2.165,1,NA,143,3
8,9,"AlcAsh",17.25,1,NA,143,4
10,11,"Flav",0.745,1,NA,143,5
12,13,"Ash",2.4699999999999998,1,NA,143,6
14,15,"Alcohol",12.66,1,NA,143,7
0,0,NA,0,-1,"grignolino",143,8
0,0,NA,0,-1,"barbera",143,9
0,0,NA,0,-1,"barbera",143,10
16,17,"AlcAsh",17.75,1,NA,143,11
0,0,NA,0,-1,"grignolino",143,12
0,0,NA,0,-1,"barbera",143,13
0,0,NA,0,-1,"grignolino",143,14
0,0,NA,0,-1,"barolo",143,15
18,19,"Phenols",2.435,1,NA,143,16
20,21,"Color",4.0600000000000005,1,NA,143,17
0,0,NA,0,-1,"grignolino",143,18
0,0,NA,0,-1,"barolo",143,19
0,0,NA,0,-1,"grignolino",143,20
22,23,"Color",4.385,1,NA,143,21
0,0,NA,0,-1,"barolo",143,22
0,0,NA,0,-1,"grignolino",143,23
2,3,"OD",2.09,1,NA,144,1
4,5,"Hue",0.99,1,NA,144,2
6,7,"Proline",726.5,1,NA,144,3
0,0,NA,0,-1,"barbera",144,4
0,0,NA,0,-1,"grignolino",144,5
8,9,"Phenols",1.57,1,NA,144,6
10,11,"Color",3.435,1,NA,144,7
12,13,"Proa",1.19,1,NA,144,8
14,15,"AlcAsh",17.75,1,NA,144,9
0,0,NA,0,-1,"grignolino",144,10
0,0,NA,0,-1,"barolo",144,11
0,0,NA,0,-1,"barbera",144,12
0,0,NA,0,-1,"grignolino",144,13
16,17,"MalicAcid",3.705,1,NA,144,14
0,0,NA,0,-1,"grignolino",144,15
0,0,NA,0,-1,"grignolino",144,16
0,0,NA,0,-1,"barolo",144,17
2,3,"Flav",2.31,1,NA,145,1
4,5,"Color",3.825,1,NA,145,2
6,7,"Color",3.435,1,NA,145,3
0,0,NA,0,-1,"grignolino",145,4
8,9,"OD",2.005,1,NA,145,5
0,0,NA,0,-1,"grignolino",145,6
10,11,"Mg",88.5,1,NA,145,7
12,13,"Flav",1.4,1,NA,145,8
14,15,"NonFlavPhenols",0.54,1,NA,145,9
0,0,NA,0,-1,"grignolino",145,10
0,0,NA,0,-1,"barolo",145,11
0,0,NA,0,-1,"barbera",145,12
16,17,"AlcAsh",20.4,1,NA,145,13
0,0,NA,0,-1,"barbera",145,14
0,0,NA,0,-1,"grignolino",145,15
0,0,NA,0,-1,"grignolino",145,16
0,0,NA,0,-1,"barbera",145,17
2,3,"Color",3.915,1,NA,146,1
4,5,"Alcohol",13.675,1,NA,146,2
6,7,"Phenols",2.36,1,NA,146,3
8,9,"Ash",3.0700000000000003,1,NA,146,4
10,11,"Hue",1.295,1,NA,146,5
12,13,"Ash",2.085,1,NA,146,6
14,15,"Mg",88.5,1,NA,146,7
16,17,"Proline",945,1,NA,146,8
0,0,NA,0,-1,"barolo",146,9
0,0,NA,0,-1,"barolo",146,10
0,0,NA,0,-1,"grignolino",146,11
0,0,NA,0,-1,"grignolino",146,12
0,0,NA,0,-1,"barbera",146,13
0,0,NA,0,-1,"grignolino",146,14
18,19,"Flav",1.645,1,NA,146,15
0,0,NA,0,-1,"grignolino",146,16
0,0,NA,0,-1,"barolo",146,17
0,0,NA,0,-1,"barbera",146,18
20,21,"Alcohol",12.205,1,NA,146,19
0,0,NA,0,-1,"grignolino",146,20
0,0,NA,0,-1,"barolo",146,21
2,3,"Hue",0.815,1,NA,147,1
4,5,"Flav",1.6600000000000001,1,NA,147,2
6,7,"Alcohol",12.780000000000001,1,NA,147,3
8,9,"Proline",393.5,1,NA,147,4
0,0,NA,0,-1,"grignolino",147,5
0,0,NA,0,-1,"grignolino",147,6
10,11,"Flav",2.2,1,NA,147,7
0,0,NA,0,-1,"grignolino",147,8
0,0,NA,0,-1,"barbera",147,9
12,13,"Hue",0.97,1,NA,147,10
14,15,"MalicAcid",1.1800000000000002,1,NA,147,11
0,0,NA,0,-1,"barbera",147,12
0,0,NA,0,-1,"grignolino",147,13
0,0,NA,0,-1,"grignolino",147,14
0,0,NA,0,-1,"barolo",147,15
2,3,"Color",3.915,1,NA,148,1
4,5,"AlcAsh",15.75,1,NA,148,2
6,7,"OD",2.475,1,NA,148,3
0,0,NA,0,-1,"barolo",148,4
8,9,"Alcohol",13.495000000000001,1,NA,148,5
10,11,"Color",4.85,1,NA,148,6
12,13,"Phenols",2.1550000000000002,1,NA,148,7
14,15,"OD",1.6,1,NA,148,8
16,17,"Proline",737.5,1,NA,148,9
18,19,"Color",4.5,1,NA,148,10
0,0,NA,0,-1,"barbera",148,11
0,0,NA,0,-1,"grignolino",148,12
20,21,"Ash",3.05,1,NA,148,13
0,0,NA,0,-1,"barbera",148,14
0,0,NA,0,-1,"grignolino",148,15
0,0,NA,0,-1,"grignolino",148,16
0,0,NA,0,-1,"barolo",148,17
0,0,NA,0,-1,"barbera",148,18
22,23,"Proa",1.185,1,NA,148,19
24,25,"Ash",2.165,1,NA,148,20
0,0,NA,0,-1,"grignolino",148,21
0,0,NA,0,-1,"barbera",148,22
0,0,NA,0,-1,"grignolino",148,23
26,27,"MalicAcid",1.4049999999999998,1,NA,148,24
0,0,NA,0,-1,"barolo",148,25
0,0,NA,0,-1,"grignolino",148,26
0,0,NA,0,-1,"barolo",148,27
2,3,"AlcAsh",17.45,1,NA,149,1
4,5,"Proline",755,1,NA,149,2
6,7,"MalicAcid",2.185,1,NA,149,3
0,0,NA,0,-1,"grignolino",149,4
0,0,NA,0,-1,"barolo",149,5
8,9,"Mg",95,1,NA,149,6
10,11,"Color",3.825,1,NA,149,7
12,13,"OD",2.02,1,NA,149,8
14,15,"Flav",2.44,1,NA,149,9
0,0,NA,0,-1,"grignolino",149,10
16,17,"OD",2.575,1,NA,149,11
0,0,NA,0,-1,"barbera",149,12
0,0,NA,0,-1,"grignolino",149,13
18,19,"OD",2.0949999999999998,1,NA,149,14
20,21,"OD",3.58,1,NA,149,15
22,23,"Proa",1.59,1,NA,149,16
0,0,NA,0,-1,"barolo",149,17
0,0,NA,0,-1,"barbera",149,18
0,0,NA,0,-1,"grignolino",149,19
0,0,NA,0,-1,"barolo",149,20
24,25,"Phenols",2.855,1,NA,149,21
0,0,NA,0,-1,"barbera",149,22
0,0,NA,0,-1,"grignolino",149,23
0,0,NA,0,-1,"barolo",149,24
0,0,NA,0,-1,"grignolino",149,25
2,3,"Color",3.915,1,NA,150,1
4,5,"MalicAcid",4.515,1,NA,150,2
6,7,"Hue",0.855,1,NA,150,3
8,9,"Ash",2.605,1,NA,150,4
0,0,NA,0,-1,"barbera",150,5
10,11,"OD",2.575,1,NA,150,6
12,13,"Proline",720,1,NA,150,7
14,15,"Color",3.55,1,NA,150,8
16,17,"Alcohol",12.43,1,NA,150,9
0,0,NA,0,-1,"barbera",150,10
0,0,NA,0,-1,"grignolino",150,11
18,19,"Hue",0.92,1,NA,150,12
0,0,NA,0,-1,"barolo",150,13
0,0,NA,0,-1,"grignolino",150,14
20,21,"Mg",97.5,1,NA,150,15
0,0,NA,0,-1,"grignolino",150,16
0,0,NA,0,-1,"barolo",150,17
0,0,NA,0,-1,"barbera",150,18
22,23,"Phenols",1.8900000000000001,1,NA,150,19
0,0,NA,0,-1,"grignolino",150,20
0,0,NA,0,-1,"barolo",150,21
0,0,NA,0,-1,"barbera",150,22
0,0,NA,0,-1,"grignolino",150,23
2,3,"Color",3.82,1,NA,151,1
4,5,"OD",3.695,1,NA,151,2
6,7,"Proa",1.3250000000000002,1,NA,151,3
0,0,NA,0,-1,"grignolino",151,4
0,0,NA,0,-1,"barolo",151,5
8,9,"Hue",0.97,1,NA,151,6
10,11,"Proline",724.5,1,NA,151,7
0,0,NA,0,-1,"barbera",151,8
12,13,"Alcohol",13.350000000000001,1,NA,151,9
14,15,"OD",1.9849999999999999,1,NA,151,10
0,0,NA,0,-1,"barolo",151,11
0,0,NA,0,-1,"grignolino",151,12
0,0,NA,0,-1,"barolo",151,13
0,0,NA,0,-1,"barbera",151,14
16,17,"MalicAcid",3.92,1,NA,151,15
0,0,NA,0,-1,"grignolino",151,16
0,0,NA,0,-1,"barolo",151,17
2,3,"Color",3.82,1,NA,152,1
4,5,"Ash",3.0700000000000003,1,NA,152,2
6,7,"Phenols",2.325,1,NA,152,3
8,9,"OD",3.73,1,NA,152,4
0,0,NA,0,-1,"barolo",152,5
10,11,"Flav",1.385,1,NA,152,6
12,13,"AlcAsh",21.25,1,NA,152,7
14,15,"AlcAsh",15.75,1,NA,152,8
0,0,NA,0,-1,"barolo",152,9
0,0,NA,0,-1,"barbera",152,10
16,17,"Flav",2.215,1,NA,152,11
18,19,"OD",2.405,1,NA,152,12
20,21,"Alcohol",12.955,1,NA,152,13
22,23,"Flav",2.245,1,NA,152,14
0,0,NA,0,-1,"grignolino",152,15
24,25,"Mg",111.5,1,NA,152,16
0,0,NA,0,-1,"barolo",152,17
0,0,NA,0,-1,"grignolino",152,18
0,0,NA,0,-1,"barolo",152,19
0,0,NA,0,-1,"grignolino",152,20
0,0,NA,0,-1,"barbera",152,21
0,0,NA,0,-1,"grignolino",152,22
0,0,NA,0,-1,"barolo",152,23
0,0,NA,0,-1,"grignolino",152,24
0,0,NA,0,-1,"barbera",152,25
2,3,"Alcohol",12.78,1,NA,153,1
4,5,"Alcohol",12.184999999999999,1,NA,153,2
6,7,"OD",2.49,1,NA,153,3
0,0,NA,0,-1,"grignolino",153,4
8,9,"OD",1.585,1,NA,153,5
10,11,"MalicAcid",1.3,1,NA,153,6
12,13,"Proa",1.1400000000000001,1,NA,153,7
0,0,NA,0,-1,"barbera",153,8
14,15,"Ash",2.6,1,NA,153,9
0,0,NA,0,-1,"grignolino",153,10
0,0,NA,0,-1,"barbera",153,11
0,0,NA,0,-1,"grignolino",153,12
16,17,"MalicAcid",4.92,1,NA,153,13
18,19,"Alcohol",12.21,1,NA,153,14
0,0,NA,0,-1,"barbera",153,15
0,0,NA,0,-1,"barolo",153,16
0,0,NA,0,-1,"grignolino",153,17
0,0,NA,0,-1,"barbera",153,18
0,0,NA,0,-1,"grignolino",153,19
2,3,"AlcAsh",17.45,1,NA,154,1
4,5,"Proline",755,1,NA,154,2
6,7,"OD",2.1849999999999996,1,NA,154,3
0,0,NA,0,-1,"grignolino",154,4
0,0,NA,0,-1,"barolo",154,5
8,9,"Mg",85.5,1,NA,154,6
10,11,"AlcAsh",20.65,1,NA,154,7
12,13,"Alcohol",12.780000000000001,1,NA,154,8
0,0,NA,0,-1,"barbera",154,9
14,15,"Flav",2.35,1,NA,154,10
0,0,NA,0,-1,"grignolino",154,11
0,0,NA,0,-1,"barbera",154,12
0,0,NA,0,-1,"grignolino",154,13
0,0,NA,0,-1,"grignolino",154,14
16,17,"Mg",99,1,NA,154,15
18,19,"OD",3.605,1,NA,154,16
0,0,NA,0,-1,"barolo",154,17
20,21,"Proline",909.5,1,NA,154,18
0,0,NA,0,-1,"barolo",154,19
0,0,NA,0,-1,"grignolino",154,20
0,0,NA,0,-1,"barolo",154,21
2,3,"Color",3.46,1,NA,155,1
0,0,NA,0,-1,"grignolino",155,2
4,5,"AlcAsh",19.45,1,NA,155,3
6,7,"Flav",1.99,1,NA,155,4
8,9,"Phenols",2.425,1,NA,155,5
10,11,"NonFlavPhenols",0.475,1,NA,155,6
12,13,"Alcohol",12.71,1,NA,155,7
14,15,"Mg",87.5,1,NA,155,8
16,17,"Alcohol",12.74,1,NA,155,9
18,19,"Ash",2.12,1,NA,155,10
0,0,NA,0,-1,"barbera",155,11
0,0,NA,0,-1,"grignolino",155,12
0,0,NA,0,-1,"barolo",155,13
20,21,"Phenols",1.42,1,NA,155,14
0,0,NA,0,-1,"barbera",155,15
0,0,NA,0,-1,"grignolino",155,16
22,23,"NonFlavPhenols",0.495,1,NA,155,17
0,0,NA,0,-1,"grignolino",155,18
0,0,NA,0,-1,"barbera",155,19
0,0,NA,0,-1,"barbera",155,20
0,0,NA,0,-1,"grignolino",155,21
0,0,NA,0,-1,"barolo",155,22
0,0,NA,0,-1,"barbera",155,23
2,3,"Flav",1.4,1,NA,156,1
4,5,"Color",3.725,1,NA,156,2
6,7,"Proline",737,1,NA,156,3
0,0,NA,0,-1,"grignolino",156,4
0,0,NA,0,-1,"barbera",156,5
8,9,"Proline",679,1,NA,156,6
10,11,"Alcohol",12.66,1,NA,156,7
0,0,NA,0,-1,"grignolino",156,8
12,13,"Color",4.13,1,NA,156,9
0,0,NA,0,-1,"grignolino",156,10
0,0,NA,0,-1,"barolo",156,11
0,0,NA,0,-1,"grignolino",156,12
0,0,NA,0,-1,"barolo",156,13
2,3,"OD",2.17,1,NA,157,1
4,5,"Color",3.76,1,NA,157,2
6,7,"Proline",726.5,1,NA,157,3
0,0,NA,0,-1,"grignolino",157,4
8,9,"OD",2.005,1,NA,157,5
10,11,"Flav",0.745,1,NA,157,6
12,13,"Alcohol",12.690000000000001,1,NA,157,7
0,0,NA,0,-1,"barbera",157,8
14,15,"Hue",0.855,1,NA,157,9
0,0,NA,0,-1,"barbera",157,10
16,17,"Proline",679,1,NA,157,11
0,0,NA,0,-1,"grignolino",157,12
18,19,"MalicAcid",2.46,1,NA,157,13
0,0,NA,0,-1,"grignolino",157,14
0,0,NA,0,-1,"barbera",157,15
0,0,NA,0,-1,"grignolino",157,16
20,21,"Alcohol",12.725000000000001,1,NA,157,17
0,0,NA,0,-1,"barolo",157,18
22,23,"Proa",1.06,1,NA,157,19
0,0,NA,0,-1,"grignolino",157,20
0,0,NA,0,-1,"barolo",157,21
0,0,NA,0,-1,"barbera",157,22
0,0,NA,0,-1,"barolo",157,23
2,3,"OD",2.115,1,NA,158,1
4,5,"NonFlavPhenols",0.5549999999999999,1,NA,158,2
6,7,"Alcohol",13.04,1,NA,158,3
8,9,"Color",2.9,1,NA,158,4
10,11,"Color",4.9,1,NA,158,5
12,13,"Proline",1000,1,NA,158,6
14,15,"Hue",0.7749999999999999,1,NA,158,7
0,0,NA,0,-1,"grignolino",158,8
16,17,"Hue",0.97,1,NA,158,9
0,0,NA,0,-1,"grignolino",158,10
0,0,NA,0,-1,"barbera",158,11
0,0,NA,0,-1,"grignolino",158,12
0,0,NA,0,-1,"barolo",158,13
18,19,"OD",2.785,1,NA,158,14
20,21,"Ash",1.98,1,NA,158,15
0,0,NA,0,-1,"barbera",158,16
0,0,NA,0,-1,"grignolino",158,17
0,0,NA,0,-1,"barbera",158,18
0,0,NA,0,-1,"grignolino",158,19
0,0,NA,0,-1,"grignolino",158,20
22,23,"AlcAsh",23.75,1,NA,158,21
0,0,NA,0,-1,"barolo",158,22
24,25,"Alcohol",13.455,1,NA,158,23
0,0,NA,0,-1,"barolo",158,24
0,0,NA,0,-1,"grignolino",158,25
2,3,"Proline",953.5,1,NA,159,1
4,5,"Color",4.85,1,NA,159,2
0,0,NA,0,-1,"barolo",159,3
6,7,"Flav",0.895,1,NA,159,4
8,9,"Hue",0.875,1,NA,159,5
0,0,NA,0,-1,"barbera",159,6
10,11,"Alcohol",13.145,1,NA,159,7
0,0,NA,0,-1,"barbera",159,8
12,13,"MalicAcid",1.91,1,NA,159,9
14,15,"Phenols",1.5550000000000002,1,NA,159,10
16,17,"Alcohol",13.585,1,NA,159,11
18,19,"MalicAcid",1.495,1,NA,159,12
0,0,NA,0,-1,"grignolino",159,13
20,21,"OD",1.675,1,NA,159,14
0,0,NA,0,-1,"grignolino",159,15
22,23,"NonFlavPhenols",0.47000000000000003,1,NA,159,16
0,0,NA,0,-1,"grignolino",159,17
0,0,NA,0,-1,"grignolino",159,18
0,0,NA,0,-1,"barolo",159,19
0,0,NA,0,-1,"barbera",159,20
0,0,NA,0,-1,"grignolino",159,21
0,0,NA,0,-1,"barolo",159,22
0,0,NA,0,-1,"grignolino",159,23
2,3,"Flav",1.2349999999999999,1,NA,160,1
4,5,"Hue",0.9299999999999999,1,NA,160,2
6,7,"AlcAsh",17.75,1,NA,160,3
0,0,NA,0,-1,"barbera",160,4
0,0,NA,0,-1,"grignolino",160,5
8,9,"Ash",2.0300000000000002,1,NA,160,6
10,11,"Alcohol",13.02,1,NA,160,7
0,0,NA,0,-1,"grignolino",160,8
12,13,"MalicAcid",1.21,1,NA,160,9
0,0,NA,0,-1,"grignolino",160,10
14,15,"Hue",0.75,1,NA,160,11
0,0,NA,0,-1,"grignolino",160,12
0,0,NA,0,-1,"barolo",160,13
0,0,NA,0,-1,"barbera",160,14
16,17,"Proline",651,1,NA,160,15
0,0,NA,0,-1,"grignolino",160,16
0,0,NA,0,-1,"barolo",160,17
2,3,"OD",2.115,1,NA,161,1
4,5,"Hue",0.935,1,NA,161,2
6,7,"Proline",755,1,NA,161,3
8,9,"OD",1.9649999999999999,1,NA,161,4
0,0,NA,0,-1,"grignolino",161,5
10,11,"MalicAcid",3.925,1,NA,161,6
12,13,"Alcohol",12.66,1,NA,161,7
0,0,NA,0,-1,"barbera",161,8
14,15,"Ash",2.335,1,NA,161,9
16,17,"Alcohol",13.175,1,NA,161,10
18,19,"OD",3.05,1,NA,161,11
0,0,NA,0,-1,"grignolino",161,12
20,21,"Proa",0.9450000000000001,1,NA,161,13
0,0,NA,0,-1,"grignolino",161,14
0,0,NA,0,-1,"barbera",161,15
0,0,NA,0,-1,"grignolino",161,16
0,0,NA,0,-1,"barolo",161,17
0,0,NA,0,-1,"barolo",161,18
0,0,NA,0,-1,"grignolino",161,19
0,0,NA,0,-1,"barbera",161,20
0,0,NA,0,-1,"barolo",161,21
2,3,"Color",3.46,1,NA,162,1
0,0,NA,0,-1,"grignolino",162,2
4,5,"OD",2.475,1,NA,162,3
6,7,"Proa",0.74,1,NA,162,4
8,9,"Proline",670,1,NA,162,5
10,11,"Phenols",1.7850000000000001,1,NA,162,6
12,13,"Hue",1.075,1,NA,162,7
0,0,NA,0,-1,"grignolino",162,8
0,0,NA,0,-1,"barolo",162,9
0,0,NA,0,-1,"barbera",162,10
0,0,NA,0,-1,"grignolino",162,11
0,0,NA,0,-1,"barbera",162,12
0,0,NA,0,-1,"grignolino",162,13
2,3,"OD",2.205,1,NA,163,1
4,5,"Hue",0.97,1,NA,163,2
6,7,"Proline",739,1,NA,163,3
8,9,"Hue",0.898,1,NA,163,4
0,0,NA,0,-1,"grignolino",163,5
10,11,"AlcAsh",17.75,1,NA,163,6
12,13,"Color",3.395,1,NA,163,7
0,0,NA,0,-1,"barbera",163,8
14,15,"Color",4.465,1,NA,163,9
16,17,"Hue",1.045,1,NA,163,10
0,0,NA,0,-1,"grignolino",163,11
0,0,NA,0,-1,"grignolino",163,12
0,0,NA,0,-1,"barolo",163,13
0,0,NA,0,-1,"grignolino",163,14
0,0,NA,0,-1,"barbera",163,15
0,0,NA,0,-1,"barolo",163,16
0,0,NA,0,-1,"grignolino",163,17
2,3,"Flav",2.5149999999999997,1,NA,164,1
4,5,"Phenols",1.855,1,NA,164,2
6,7,"Proline",679,1,NA,164,3
8,9,"Color",3.825,1,NA,164,4
10,11,"Color",5.025,1,NA,164,5
0,0,NA,0,-1,"grignolino",164,6
12,13,"NonFlavPhenols",0.215,1,NA,164,7
0,0,NA,0,-1,"grignolino",164,8
14,15,"Flav",1.58,1,NA,164,9
16,17,"OD",3.45,1,NA,164,10
0,0,NA,0,-1,"barbera",164,11
18,19,"OD",3.4299999999999997,1,NA,164,12
0,0,NA,0,-1,"barolo",164,13
0,0,NA,0,-1,"barbera",164,14
0,0,NA,0,-1,"grignolino",164,15
20,21,"Alcohol",13.04,1,NA,164,16
0,0,NA,0,-1,"barolo",164,17
0,0,NA,0,-1,"barolo",164,18
0,0,NA,0,-1,"grignolino",164,19
0,0,NA,0,-1,"grignolino",164,20
22,23,"Proline",927.5,1,NA,164,21
24,25,"MalicAcid",3.305,1,NA,164,22
0,0,NA,0,-1,"barolo",164,23
0,0,NA,0,-1,"grignolino",164,24
0,0,NA,0,-1,"barbera",164,25
2,3,"Proline",760,1,NA,165,1
4,5,"Alcohol",12.78,1,NA,165,2
6,7,"Mg",132.5,1,NA,165,3
8,9,"Color",4.84,1,NA,165,4
10,11,"OD",2.395,1,NA,165,5
12,13,"Proa",1.1949999999999998,1,NA,165,6
0,0,NA,0,-1,"grignolino",165,7
14,15,"Phenols",1.415,1,NA,165,8
16,17,"Flav",1.305,1,NA,165,9
0,0,NA,0,-1,"barbera",165,10
18,19,"Proline",591,1,NA,165,11
0,0,NA,0,-1,"barbera",165,12
20,21,"Hue",0.735,1,NA,165,13
22,23,"OD",1.845,1,NA,165,14
0,0,NA,0,-1,"grignolino",165,15
0,0,NA,0,-1,"barbera",165,16
0,0,NA,0,-1,"grignolino",165,17
0,0,NA,0,-1,"grignolino",165,18
0,0,NA,0,-1,"barolo",165,19
0,0,NA,0,-1,"barbera",165,20
24,25,"Phenols",3.325,1,NA,165,21
0,0,NA,0,-1,"barbera",165,22
0,0,NA,0,-1,"grignolino",165,23
0,0,NA,0,-1,"barolo",165,24
26,27,"Alcohol",12.84,1,NA,165,25
0,0,NA,0,-1,"grignolino",165,26
0,0,NA,0,-1,"barolo",165,27
2,3,"Proline",900.5,1,NA,166,1
4,5,"OD",2.19,1,NA,166,2
0,0,NA,0,-1,"barolo",166,3
6,7,"AlcAsh",17.25,1,NA,166,4
8,9,"Proline",724.5,1,NA,166,5
0,0,NA,0,-1,"grignolino",166,6
0,0,NA,0,-1,"barbera",166,7
10,11,"NonFlavPhenols",0.525,1,NA,166,8
12,13,"Color",5.35,1,NA,166,9
0,0,NA,0,-1,"grignolino",166,10
14,15,"NonFlavPhenols",0.5549999999999999,1,NA,166,11
16,17,"Color",3.395,1,NA,166,12
0,0,NA,0,-1,"barbera",166,13
0,0,NA,0,-1,"barbera",166,14
0,0,NA,0,-1,"grignolino",166,15
0,0,NA,0,-1,"grignolino",166,16
0,0,NA,0,-1,"barolo",166,17
2,3,"Alcohol",12.79,1,NA,167,1
4,5,"Flav",0.9550000000000001,1,NA,167,2
6,7,"Flav",1.58,1,NA,167,3
8,9,"Color",2.9,1,NA,167,4
10,11,"Proa",0.895,1,NA,167,5
12,13,"MalicAcid",1.305,1,NA,167,6
14,15,"Mg",87.5,1,NA,167,7
0,0,NA,0,-1,"grignolino",167,8
0,0,NA,0,-1,"barbera",167,9
16,17,"OD",1.44,1,NA,167,10
0,0,NA,0,-1,"grignolino",167,11
0,0,NA,0,-1,"grignolino",167,12
0,0,NA,0,-1,"barbera",167,13
0,0,NA,0,-1,"grignolino",167,14
18,19,"Color",3.5250000000000004,1,NA,167,15
0,0,NA,0,-1,"barbera",167,16
0,0,NA,0,-1,"grignolino",167,17
0,0,NA,0,-1,"grignolino",167,18
0,0,NA,0,-1,"barolo",167,19
2,3,"Color",3.82,1,NA,168,1
4,5,"Flav",2.5949999999999998,1,NA,168,2
6,7,"Phenols",2.325,1,NA,168,3
0,0,NA,0,-1,"grignolino",168,4
8,9,"Alcohol",13.06,1,NA,168,5
10,11,"Proline",1080,1,NA,168,6
12,13,"Hue",0.695,1,NA,168,7
0,0,NA,0,-1,"grignolino",168,8
14,15,"Alcohol",13.785,1,NA,168,9
0,0,NA,0,-1,"barbera",168,10
0,0,NA,0,-1,"barolo",168,11
0,0,NA,0,-1,"barbera",168,12
16,17,"MalicAcid",1.24,1,NA,168,13
0,0,NA,0,-1,"barolo",168,14
0,0,NA,0,-1,"grignolino",168,15
0,0,NA,0,-1,"grignolino",168,16
18,19,"Ash",3.05,1,NA,168,17
0,0,NA,0,-1,"barolo",168,18
0,0,NA,0,-1,"grignolino",168,19
2,3,"OD",2.115,1,NA,169,1
4,5,"MalicAcid",1.6400000000000001,1,NA,169,2
6,7,"Proline",724.5,1,NA,169,3
8,9,"Mg",112.5,1,NA,169,4
10,11,"Proa",1.59,1,NA,169,5
12,13,"Phenols",1.57,1,NA,169,6
14,15,"Mg",133.5,1,NA,169,7
0,0,NA,0,-1,"grignolino",169,8
0,0,NA,0,-1,"barbera",169,9
0,0,NA,0,-1,"barbera",169,10
16,17,"Phenols",2.125,1,NA,169,11
18,19,"Phenols",1.495,1,NA,169,12
0,0,NA,0,-1,"grignolino",169,13
20,21,"Flav",2.255,1,NA,169,14
0,0,NA,0,-1,"grignolino",169,15
0,0,NA,0,-1,"grignolino",169,16
0,0,NA,0,-1,"barbera",169,17
0,0,NA,0,-1,"grignolino",169,18
0,0,NA,0,-1,"barbera",169,19
22,23,"Proline",833,1,NA,169,20
0,0,NA,0,-1,"barolo",169,21
0,0,NA,0,-1,"barbera",169,22
0,0,NA,0,-1,"grignolino",169,23
2,3,"AlcAsh",17.8,1,NA,170,1
4,5,"Proa",0.935,1,NA,170,2
6,7,"Alcohol",12.44,1,NA,170,3
0,0,NA,0,-1,"grignolino",170,4
8,9,"Ash",1.87,1,NA,170,5
10,11,"Hue",0.675,1,NA,170,6
12,13,"MalicAcid",2.2350000000000003,1,NA,170,7
0,0,NA,0,-1,"grignolino",170,8
0,0,NA,0,-1,"barolo",170,9
0,0,NA,0,-1,"barbera",170,10
14,15,"Flav",0.73,1,NA,170,11
16,17,"Hue",0.86,1,NA,170,12
18,19,"Proa",1.585,1,NA,170,13
0,0,NA,0,-1,"barbera",170,14
0,0,NA,0,-1,"grignolino",170,15
0,0,NA,0,-1,"barbera",170,16
20,21,"Hue",1.28,1,NA,170,17
0,0,NA,0,-1,"barbera",170,18
22,23,"Alcohol",13.105,1,NA,170,19
24,25,"Mg",95,1,NA,170,20
0,0,NA,0,-1,"grignolino",170,21
0,0,NA,0,-1,"grignolino",170,22
26,27,"MalicAcid",2.945,1,NA,170,23
0,0,NA,0,-1,"grignolino",170,24
0,0,NA,0,-1,"barolo",170,25
0,0,NA,0,-1,"barolo",170,26
0,0,NA,0,-1,"barbera",170,27
2,3,"OD",2.01,1,NA,171,1
4,5,"Color",3.525,1,NA,171,2
6,7,"Proline",742,1,NA,171,3
0,0,NA,0,-1,"grignolino",171,4
8,9,"AlcAsh",17.15,1,NA,171,5
10,11,"Flav",0.745,1,NA,171,6
12,13,"Hue",0.78,1,NA,171,7
0,0,NA,0,-1,"grignolino",171,8
0,0,NA,0,-1,"barbera",171,9
0,0,NA,0,-1,"barbera",171,10
14,15,"Color",4.15,1,NA,171,11
0,0,NA,0,-1,"barbera",171,12
0,0,NA,0,-1,"barolo",171,13
0,0,NA,0,-1,"grignolino",171,14
16,17,"Mg",100.5,1,NA,171,15
0,0,NA,0,-1,"grignolino",171,16
0,0,NA,0,-1,"barolo",171,17
2,3,"OD",2.115,1,NA,172,1
4,5,"Color",3.56,1,NA,172,2
6,7,"Proline",760,1,NA,172,3
0,0,NA,0,-1,"grignolino",172,4
8,9,"Color",4.9,1,NA,172,5
10,11,"Proa",0.8200000000000001,1,NA,172,6
12,13,"Proa",0.9450000000000001,1,NA,172,7
14,15,"Proline",517.5,1,NA,172,8
0,0,NA,0,-1,"barbera",172,9
16,17,"MalicAcid",2.0300000000000002,1,NA,172,10
18,19,"Alcohol",13.175,1,NA,172,11
0,0,NA,0,-1,"barbera",172,12
0,0,NA,0,-1,"barolo",172,13
0,0,NA,0,-1,"grignolino",172,14
0,0,NA,0,-1,"barbera",172,15
0,0,NA,0,-1,"grignolino",172,16
0,0,NA,0,-1,"barbera",172,17
0,0,NA,0,-1,"grignolino",172,18
20,21,"Proline",576,1,NA,172,19
0,0,NA,0,-1,"grignolino",172,20
0,0,NA,0,-1,"barolo",172,21
2,3,"AlcAsh",17.8,1,NA,173,1
4,5,"Alcohol",13.04,1,NA,173,2
6,7,"Flav",0.9550000000000001,1,NA,173,3
8,9,"NonFlavPhenols",0.515,1,NA,173,4
10,11,"Mg",83.5,1,NA,173,5
0,0,NA,0,-1,"barbera",173,6
12,13,"Color",4.07,1,NA,173,7
0,0,NA,0,-1,"grignolino",173,8
14,15,"Proa",0.83,1,NA,173,9
0,0,NA,0,-1,"grignolino",173,10
16,17,"OD",2.33,1,NA,173,11
18,19,"OD",3.73,1,NA,173,12
20,21,"OD",2.145,1,NA,173,13
0,0,NA,0,-1,"grignolino",173,14
0,0,NA,0,-1,"barbera",173,15
0,0,NA,0,-1,"grignolino",173,16
0,0,NA,0,-1,"barolo",173,17
22,23,"Alcohol",13.02,1,NA,173,18
0,0,NA,0,-1,"barolo",173,19
0,0,NA,0,-1,"barbera",173,20
24,25,"Phenols",3.09,1,NA,173,21
0,0,NA,0,-1,"grignolino",173,22
26,27,"Alcohol",13.27,1,NA,173,23
28,29,"Phenols",2.23,1,NA,173,24
0,0,NA,0,-1,"grignolino",173,25
0,0,NA,0,-1,"barolo",173,26
0,0,NA,0,-1,"grignolino",173,27
0,0,NA,0,-1,"grignolino",173,28
0,0,NA,0,-1,"barolo",173,29
2,3,"Alcohol",12.55,1,NA,174,1
4,5,"MalicAcid",2.9299999999999997,1,NA,174,2
6,7,"Flav",1.29,1,NA,174,3
0,0,NA,0,-1,"grignolino",174,4
8,9,"NonFlavPhenols",0.45,1,NA,174,5
0,0,NA,0,-1,"barbera",174,6
10,11,"Mg",88.5,1,NA,174,7
0,0,NA,0,-1,"grignolino",174,8
0,0,NA,0,-1,"barbera",174,9
0,0,NA,0,-1,"grignolino",174,10
12,13,"MalicAcid",1.3,1,NA,174,11
0,0,NA,0,-1,"grignolino",174,12
14,15,"AlcAsh",22,1,NA,174,13
0,0,NA,0,-1,"barolo",174,14
16,17,"Proline",646.5,1,NA,174,15
0,0,NA,0,-1,"grignolino",174,16
0,0,NA,0,-1,"barolo",174,17
2,3,"Flav",2.295,1,NA,175,1
4,5,"Alcohol",12.434999999999999,1,NA,175,2
6,7,"Proline",724.5,1,NA,175,3
8,9,"OD",1.47,1,NA,175,4
10,11,"MalicAcid",1.1099999999999999,1,NA,175,5
12,13,"MalicAcid",3.8600000000000003,1,NA,175,6
14,15,"Phenols",3.25,1,NA,175,7
0,0,NA,0,-1,"barbera",175,8
16,17,"Flav",0.885,1,NA,175,9
0,0,NA,0,-1,"grignolino",175,10
18,19,"Alcohol",12.754999999999999,1,NA,175,11
0,0,NA,0,-1,"grignolino",175,12
20,21,"Proa",1.835,1,NA,175,13
0,0,NA,0,-1,"barolo",175,14
22,23,"Ash",2.55,1,NA,175,15
24,25,"NonFlavPhenols",0.28500000000000003,1,NA,175,16
0,0,NA,0,-1,"grignolino",175,17
26,27,"Hue",0.855,1,NA,175,18
28,29,"Color",3.87,1,NA,175,19
0,0,NA,0,-1,"barolo",175,20
0,0,NA,0,-1,"grignolino",175,21
0,0,NA,0,-1,"barolo",175,22
0,0,NA,0,-1,"grignolino",175,23
0,0,NA,0,-1,"grignolino",175,24
0,0,NA,0,-1,"barbera",175,25
0,0,NA,0,-1,"barbera",175,26
0,0,NA,0,-1,"grignolino",175,27
0,0,NA,0,-1,"grignolino",175,28
0,0,NA,0,-1,"barbera",175,29
2,3,"Color",3.9450000000000003,1,NA,176,1
4,5,"OD",1.47,1,NA,176,2
6,7,"Flav",1.4,1,NA,176,3
0,0,NA,0,-1,"barbera",176,4
8,9,"Proline",963.5,1,NA,176,5
0,0,NA,0,-1,"barbera",176,6
10,11,"NonFlavPhenols",0.44999999999999996,1,NA,176,7
0,0,NA,0,-1,"grignolino",176,8
0,0,NA,0,-1,"barolo",176,9
12,13,"OD",2.495,1,NA,176,10
14,15,"NonFlavPhenols",0.485,1,NA,176,11
0,0,NA,0,-1,"grignolino",176,12
0,0,NA,0,-1,"barolo",176,13
0,0,NA,0,-1,"grignolino",176,14
16,17,"AlcAsh",18.15,1,NA,176,15
0,0,NA,0,-1,"grignolino",176,16
0,0,NA,0,-1,"barolo",176,17
2,3,"Hue",0.785,1,NA,177,1
4,5,"Proline",430,1,NA,177,2
6,7,"Alcohol",13.04,1,NA,177,3
0,0,NA,0,-1,"grignolino",177,4
0,0,NA,0,-1,"barbera",177,5
8,9,"Flav",0.7949999999999999,1,NA,177,6
10,11,"Phenols",2.25,1,NA,177,7
0,0,NA,0,-1,"barbera",177,8
12,13,"Flav",2.3200000000000003,1,NA,177,9
14,15,"MalicAcid",2.415,1,NA,177,10
16,17,"AlcAsh",23.75,1,NA,177,11
0,0,NA,0,-1,"grignolino",177,12
18,19,"Proa",1.615,1,NA,177,13
0,0,NA,0,-1,"grignolino",177,14
0,0,NA,0,-1,"barbera",177,15
20,21,"NonFlavPhenols",0.49,1,NA,177,16
0,0,NA,0,-1,"grignolino",177,17
0,0,NA,0,-1,"barolo",177,18
0,0,NA,0,-1,"grignolino",177,19
22,23,"Proline",618.5,1,NA,177,20
0,0,NA,0,-1,"grignolino",177,21
0,0,NA,0,-1,"grignolino",177,22
0,0,NA,0,-1,"barolo",177,23
2,3,"Alcohol",12.78,1,NA,178,1
4,5,"Flav",1.225,1,NA,178,2
6,7,"Hue",0.815,1,NA,178,3
8,9,"Proa",1.43,1,NA,178,4
0,0,NA,0,-1,"grignolino",178,5
0,0,NA,0,-1,"barbera",178,6
10,11,"Proline",635,1,NA,178,7
12,13,"Color",4.135,1,NA,178,8
0,0,NA,0,-1,"grignolino",178,9
14,15,"OD",2.315,1,NA,178,10
16,17,"Proa",0.835,1,NA,178,11
0,0,NA,0,-1,"grignolino",178,12
0,0,NA,0,-1,"barbera",178,13
18,19,"Proline",517.5,1,NA,178,14
0,0,NA,0,-1,"grignolino",178,15
0,0,NA,0,-1,"grignolino",178,16
0,0,NA,0,-1,"barolo",178,17
0,0,NA,0,-1,"grignolino",178,18
0,0,NA,0,-1,"barbera",178,19
2,3,"Color",3.915,1,NA,179,1
4,5,"OD",3.73,1,NA,179,2
6,7,"OD",2.495,1,NA,179,3
8,9,"Flav",2.5949999999999998,1,NA,179,4
0,0,NA,0,-1,"barolo",179,5
10,11,"Flav",1.4,1,NA,179,6
12,13,"Proline",550,1,NA,179,7
0,0,NA,0,-1,"grignolino",179,8
14,15,"Flav",2.645,1,NA,179,9
0,0,NA,0,-1,"barbera",179,10
16,17,"Phenols",1.525,1,NA,179,11
0,0,NA,0,-1,"grignolino",179,12
0,0,NA,0,-1,"barolo",179,13
0,0,NA,0,-1,"barolo",179,14
0,0,NA,0,-1,"grignolino",179,15
0,0,NA,0,-1,"barbera",179,16
0,0,NA,0,-1,"grignolino",179,17
2,3,"Flav",1.4,1,NA,180,1
4,5,"MalicAcid",1.6400000000000001,1,NA,180,2
6,7,"Color",3.915,1,NA,180,3
8,9,"OD",1.5899999999999999,1,NA,180,4
10,11,"Color",3.625,1,NA,180,5
12,13,"Mg",95,1,NA,180,6
14,15,"Proline",679,1,NA,180,7
0,0,NA,0,-1,"barbera",180,8
0,0,NA,0,-1,"grignolino",180,9
0,0,NA,0,-1,"grignolino",180,10
0,0,NA,0,-1,"barbera",180,11
0,0,NA,0,-1,"grignolino",180,12
16,17,"Proline",1010,1,NA,180,13
18,19,"Hue",0.6399999999999999,1,NA,180,14
0,0,NA,0,-1,"barolo",180,15
20,21,"Mg",96.5,1,NA,180,16
0,0,NA,0,-1,"barolo",180,17
0,0,NA,0,-1,"barbera",180,18
0,0,NA,0,-1,"grignolino",180,19
22,23,"Proa",1.745,1,NA,180,20
0,0,NA,0,-1,"grignolino",180,21
0,0,NA,0,-1,"barolo",180,22
0,0,NA,0,-1,"grignolino",180,23
2,3,"Alcohol",12.78,1,NA,181,1
4,5,"Flav",0.9550000000000001,1,NA,181,2
6,7,"Hue",0.855,1,NA,181,3
8,9,"Color",3.475,1,NA,181,4
0,0,NA,0,-1,"grignolino",181,5
10,11,"Proa",1.59,1,NA,181,6
12,13,"Flav",2.11,1,NA,181,7
0,0,NA,0,-1,"grignolino",181,8
0,0,NA,0,-1,"barbera",181,9
0,0,NA,0,-1,"barbera",181,10
14,15,"Flav",1.4500000000000002,1,NA,181,11
16,17,"Flav",1.05,1,NA,181,12
18,19,"Hue",1.28,1,NA,181,13
0,0,NA,0,-1,"barbera",181,14
0,0,NA,0,-1,"grignolino",181,15
0,0,NA,0,-1,"barbera",181,16
0,0,NA,0,-1,"grignolino",181,17
0,0,NA,0,-1,"barolo",181,18
0,0,NA,0,-1,"grignolino",181,19
2,3,"OD",2.115,1,NA,182,1
4,5,"Flav",1.4100000000000001,1,NA,182,2
6,7,"Alcohol",13.04,1,NA,182,3
8,9,"Phenols",1.2000000000000002,1,NA,182,4
10,11,"NonFlavPhenols",0.39999999999999997,1,NA,182,5
12,13,"Proa",0.8200000000000001,1,NA,182,6
14,15,"OD",2.52,1,NA,182,7
0,0,NA,0,-1,"grignolino",182,8
16,17,"AlcAsh",14.05,1,NA,182,9
0,0,NA,0,-1,"barbera",182,10
0,0,NA,0,-1,"grignolino",182,11
0,0,NA,0,-1,"barbera",182,12
18,19,"Proa",1.97,1,NA,182,13
20,21,"Alcohol",13.515,1,NA,182,14
22,23,"Mg",87.5,1,NA,182,15
0,0,NA,0,-1,"grignolino",182,16
0,0,NA,0,-1,"barbera",182,17
0,0,NA,0,-1,"grignolino",182,18
24,25,"Alcohol",12.649999999999999,1,NA,182,19
0,0,NA,0,-1,"barbera",182,20
0,0,NA,0,-1,"grignolino",182,21
0,0,NA,0,-1,"grignolino",182,22
0,0,NA,0,-1,"barolo",182,23
0,0,NA,0,-1,"grignolino",182,24
0,0,NA,0,-1,"barolo",182,25
2,3,"OD",2.19,1,NA,183,1
4,5,"Hue",0.898,1,NA,183,2
6,7,"Alcohol",12.785,1,NA,183,3
8,9,"Proline",393.5,1,NA,183,4
10,11,"MalicAcid",2.435,1,NA,183,5
0,0,NA,0,-1,"grignolino",183,6
12,13,"Proline",591,1,NA,183,7
0,0,NA,0,-1,"grignolino",183,8
14,15,"OD",1.9849999999999999,1,NA,183,9
0,0,NA,0,-1,"grignolino",183,10
0,0,NA,0,-1,"barbera",183,11
0,0,NA,0,-1,"grignolino",183,12
16,17,"Hue",0.76,1,NA,183,13
0,0,NA,0,-1,"barbera",183,14
18,19,"OD",2.035,1,NA,183,15
0,0,NA,0,-1,"barbera",183,16
20,21,"Color",3.435,1,NA,183,17
0,0,NA,0,-1,"grignolino",183,18
0,0,NA,0,-1,"barbera",183,19
0,0,NA,0,-1,"grignolino",183,20
0,0,NA,0,-1,"barolo",183,21
2,3,"Proline",755,1,NA,184,1
4,5,"OD",2.1,1,NA,184,2
6,7,"Proa",1.1949999999999998,1,NA,184,3
8,9,"AlcAsh",17.15,1,NA,184,4
10,11,"Phenols",2.63,1,NA,184,5
0,0,NA,0,-1,"barbera",184,6
12,13,"Alcohol",12.66,1,NA,184,7
0,0,NA,0,-1,"grignolino",184,8
14,15,"Color",3.45,1,NA,184,9
0,0,NA,0,-1,"grignolino",184,10
16,17,"Color",3.85,1,NA,184,11
0,0,NA,0,-1,"grignolino",184,12
18,19,"Phenols",1.9700000000000002,1,NA,184,13
0,0,NA,0,-1,"grignolino",184,14
0,0,NA,0,-1,"barbera",184,15
0,0,NA,0,-1,"grignolino",184,16
20,21,"Color",4.405,1,NA,184,17
0,0,NA,0,-1,"barbera",184,18
22,23,"Hue",1.295,1,NA,184,19
0,0,NA,0,-1,"barolo",184,20
0,0,NA,0,-1,"grignolino",184,21
0,0,NA,0,-1,"barolo",184,22
0,0,NA,0,-1,"grignolino",184,23
2,3,"Color",3.9450000000000003,1,NA,185,1
4,5,"Alcohol",12.91,1,NA,185,2
6,7,"OD",2.475,1,NA,185,3
8,9,"Proline",719,1,NA,185,4
10,11,"AlcAsh",19.35,1,NA,185,5
12,13,"Flav",1.4,1,NA,185,6
14,15,"Ash",2.12,1,NA,185,7
0,0,NA,0,-1,"grignolino",185,8
16,17,"Color",3.625,1,NA,185,9
0,0,NA,0,-1,"barolo",185,10
18,19,"Ash",2.9450000000000003,1,NA,185,11
0,0,NA,0,-1,"barbera",185,12
0,0,NA,0,-1,"grignolino",185,13
20,21,"Proa",1.9899999999999998,1,NA,185,14
22,23,"Proline",622.5,1,NA,185,15
0,0,NA,0,-1,"grignolino",185,16
0,0,NA,0,-1,"barbera",185,17
0,0,NA,0,-1,"grignolino",185,18
0,0,NA,0,-1,"barolo",185,19
0,0,NA,0,-1,"grignolino",185,20
0,0,NA,0,-1,"barolo",185,21
0,0,NA,0,-1,"grignolino",185,22
0,0,NA,0,-1,"barolo",185,23
2,3,"OD",1.88,1,NA,186,1
4,5,"MalicAcid",1.0899999999999999,1,NA,186,2
6,7,"Proline",726.5,1,NA,186,3
0,0,NA,0,-1,"grignolino",186,4
8,9,"Flav",1.4,1,NA,186,5
10,11,"NonFlavPhenols",0.45999999999999996,1,NA,186,6
12,13,"Color",3.62,1,NA,186,7
0,0,NA,0,-1,"barbera",186,8
14,15,"Color",7.175,1,NA,186,9
16,17,"Proline",679,1,NA,186,10
18,19,"Ash",2.52,1,NA,186,11
0,0,NA,0,-1,"grignolino",186,12
20,21,"Hue",0.78,1,NA,186,13
0,0,NA,0,-1,"grignolino",186,14
0,0,NA,0,-1,"barbera",186,15
0,0,NA,0,-1,"grignolino",186,16
22,23,"MalicAcid",2.895,1,NA,186,17
24,25,"Color",4,1,NA,186,18
26,27,"Flav",1.315,1,NA,186,19
0,0,NA,0,-1,"barbera",186,20
0,0,NA,0,-1,"barolo",186,21
0,0,NA,0,-1,"grignolino",186,22
0,0,NA,0,-1,"barolo",186,23
0,0,NA,0,-1,"grignolino",186,24
28,29,"Mg",88.5,1,NA,186,25
0,0,NA,0,-1,"barbera",186,26
0,0,NA,0,-1,"grignolino",186,27
0,0,NA,0,-1,"grignolino",186,28
0,0,NA,0,-1,"barbera",186,29
2,3,"Flav",1.2349999999999999,1,NA,187,1
4,5,"NonFlavPhenols",0.38,1,NA,187,2
6,7,"Alcohol",12.745,1,NA,187,3
8,9,"Alcohol",12.535,1,NA,187,4
0,0,NA,0,-1,"barbera",187,5
0,0,NA,0,-1,"grignolino",187,6
10,11,"AlcAsh",21,1,NA,187,7
12,13,"Proa",1.2999999999999998,1,NA,187,8
0,0,NA,0,-1,"barbera",187,9
14,15,"OD",2.485,1,NA,187,10
16,17,"Hue",0.6499999999999999,1,NA,187,11
18,19,"MalicAcid",2.41,1,NA,187,12
0,0,NA,0,-1,"grignolino",187,13
0,0,NA,0,-1,"grignolino",187,14
20,21,"MalicAcid",1.255,1,NA,187,15
0,0,NA,0,-1,"barbera",187,16
22,23,"Flav",2.665,1,NA,187,17
0,0,NA,0,-1,"grignolino",187,18
0,0,NA,0,-1,"barbera",187,19
0,0,NA,0,-1,"grignolino",187,20
0,0,NA,0,-1,"barolo",187,21
0,0,NA,0,-1,"grignolino",187,22
0,0,NA,0,-1,"barolo",187,23
2,3,"Hue",0.785,1,NA,188,1
4,5,"Proa",2.935,1,NA,188,2
6,7,"Color",3.925,1,NA,188,3
8,9,"Mg",87,1,NA,188,4
0,0,NA,0,-1,"grignolino",188,5
10,11,"Proline",797.5,1,NA,188,6
12,13,"Flav",2.11,1,NA,188,7
14,15,"Flav",1.83,1,NA,188,8
0,0,NA,0,-1,"barbera",188,9
0,0,NA,0,-1,"grignolino",188,10
16,17,"Mg",121.5,1,NA,188,11
18,19,"Color",4.859999999999999,1,NA,188,12
20,21,"MalicAcid",1.355,1,NA,188,13
0,0,NA,0,-1,"barbera",188,14
0,0,NA,0,-1,"grignolino",188,15
0,0,NA,0,-1,"barolo",188,16
0,0,NA,0,-1,"grignolino",188,17
0,0,NA,0,-1,"grignolino",188,18
22,23,"Proa",0.7150000000000001,1,NA,188,19
0,0,NA,0,-1,"grignolino",188,20
24,25,"Alcohol",12.245000000000001,1,NA,188,21
0,0,NA,0,-1,"grignolino",188,22
0,0,NA,0,-1,"barbera",188,23
0,0,NA,0,-1,"grignolino",188,24
0,0,NA,0,-1,"barolo",188,25
2,3,"Proline",755,1,NA,189,1
4,5,"Ash",2.245,1,NA,189,2
6,7,"OD",2.49,1,NA,189,3
8,9,"OD",1.9700000000000002,1,NA,189,4
10,11,"Alcohol",12.745000000000001,1,NA,189,5
12,13,"Phenols",1.24,1,NA,189,6
14,15,"Alcohol",12.405000000000001,1,NA,189,7
0,0,NA,0,-1,"barbera",189,8
0,0,NA,0,-1,"grignolino",189,9
16,17,"Flav",0.7849999999999999,1,NA,189,10
18,19,"Proa",1.6099999999999999,1,NA,189,11
0,0,NA,0,-1,"grignolino",189,12
0,0,NA,0,-1,"barbera",189,13
0,0,NA,0,-1,"grignolino",189,14
20,21,"Hue",1.28,1,NA,189,15
0,0,NA,0,-1,"barbera",189,16
22,23,"Hue",0.785,1,NA,189,17
0,0,NA,0,-1,"barbera",189,18
24,25,"Proline",677.5,1,NA,189,19
0,0,NA,0,-1,"barolo",189,20
0,0,NA,0,-1,"grignolino",189,21
0,0,NA,0,-1,"barbera",189,22
0,0,NA,0,-1,"grignolino",189,23
26,27,"MalicAcid",1.595,1,NA,189,24
0,0,NA,0,-1,"barolo",189,25
0,0,NA,0,-1,"grignolino",189,26
0,0,NA,0,-1,"barbera",189,27
2,3,"Proline",760,1,NA,190,1
4,5,"Mg",88.5,1,NA,190,2
6,7,"Phenols",2.05,1,NA,190,3
8,9,"Phenols",1.625,1,NA,190,4
10,11,"OD",2.205,1,NA,190,5
12,13,"Hue",0.8029999999999999,1,NA,190,6
14,15,"Hue",1.28,1,NA,190,7
16,17,"Hue",0.845,1,NA,190,8
0,0,NA,0,-1,"grignolino",190,9
18,19,"AlcAsh",17.75,1,NA,190,10
20,21,"Color",4.08,1,NA,190,11
0,0,NA,0,-1,"barbera",190,12
0,0,NA,0,-1,"grignolino",190,13
22,23,"Proa",3.0949999999999998,1,NA,190,14
0,0,NA,0,-1,"grignolino",190,15
0,0,NA,0,-1,"barbera",190,16
0,0,NA,0,-1,"grignolino",190,17
0,0,NA,0,-1,"grignolino",190,18
0,0,NA,0,-1,"barbera",190,19
0,0,NA,0,-1,"grignolino",190,20
24,25,"NonFlavPhenols",0.42500000000000004,1,NA,190,21
26,27,"NonFlavPhenols",0.15000000000000002,1,NA,190,22
0,0,NA,0,-1,"grignolino",190,23
0,0,NA,0,-1,"barolo",190,24
0,0,NA,0,-1,"barbera",190,25
0,0,NA,0,-1,"grignolino",190,26
0,0,NA,0,-1,"barolo",190,27
2,3,"OD",2.19,1,NA,191,1
4,5,"NonFlavPhenols",0.605,1,NA,191,2
6,7,"Flav",2.31,1,NA,191,3
0,0,NA,0,-1,"barbera",191,4
8,9,"Color",4.9,1,NA,191,5
10,11,"AlcAsh",17.5,1,NA,191,6
12,13,"Alcohol",13.02,1,NA,191,7
0,0,NA,0,-1,"grignolino",191,8
0,0,NA,0,-1,"barbera",191,9
14,15,"Phenols",2.175,1,NA,191,10
16,17,"Color",4.199999999999999,1,NA,191,11
18,19,"Phenols",2.505,1,NA,191,12
20,21,"Mg",88,1,NA,191,13
0,0,NA,0,-1,"grignolino",191,14
0,0,NA,0,-1,"barolo",191,15
0,0,NA,0,-1,"grignolino",191,16
0,0,NA,0,-1,"barbera",191,17
22,23,"AlcAsh",18.700000000000003,1,NA,191,18
0,0,NA,0,-1,"grignolino",191,19
0,0,NA,0,-1,"grignolino",191,20
0,0,NA,0,-1,"barolo",191,21
0,0,NA,0,-1,"barolo",191,22
0,0,NA,0,-1,"grignolino",191,23
2,3,"Hue",0.785,1,NA,192,1
4,5,"Mg",87,1,NA,192,2
6,7,"Mg",91,1,NA,192,3
8,9,"Ash",2.1799999999999997,1,NA,192,4
0,0,NA,0,-1,"barbera",192,5
0,0,NA,0,-1,"grignolino",192,6
10,11,"Flav",2.3200000000000003,1,NA,192,7
0,0,NA,0,-1,"grignolino",192,8
0,0,NA,0,-1,"barbera",192,9
12,13,"MalicAcid",2.705,1,NA,192,10
14,15,"Hue",1.295,1,NA,192,11
16,17,"Ash",2.17,1,NA,192,12
0,0,NA,0,-1,"barbera",192,13
0,0,NA,0,-1,"barolo",192,14
0,0,NA,0,-1,"grignolino",192,15
18,19,"Ash",2.0300000000000002,1,NA,192,16
0,0,NA,0,-1,"grignolino",192,17
0,0,NA,0,-1,"grignolino",192,18
0,0,NA,0,-1,"barolo",192,19
2,3,"Color",3.49,1,NA,193,1
0,0,NA,0,-1,"grignolino",193,2
4,5,"Flav",1.58,1,NA,193,3
6,7,"Proline",460,1,NA,193,4
8,9,"MalicAcid",1.28,1,NA,193,5
10,11,"Hue",0.78,1,NA,193,6
0,0,NA,0,-1,"barbera",193,7
0,0,NA,0,-1,"grignolino",193,8
12,13,"Mg",88.5,1,NA,193,9
0,0,NA,0,-1,"barbera",193,10
0,0,NA,0,-1,"grignolino",193,11
0,0,NA,0,-1,"grignolino",193,12
14,15,"Alcohol",12.305,1,NA,193,13
0,0,NA,0,-1,"grignolino",193,14
0,0,NA,0,-1,"barolo",193,15
2,3,"Proline",755,1,NA,194,1
4,5,"Alcohol",12.469999999999999,1,NA,194,2
6,7,"OD",2.255,1,NA,194,3
8,9,"OD",1.47,1,NA,194,4
10,11,"Hue",0.97,1,NA,194,5
12,13,"Phenols",1.24,1,NA,194,6
0,0,NA,0,-1,"barolo",194,7
0,0,NA,0,-1,"barbera",194,8
0,0,NA,0,-1,"grignolino",194,9
14,15,"Proa",1.59,1,NA,194,10
0,0,NA,0,-1,"grignolino",194,11
0,0,NA,0,-1,"grignolino",194,12
0,0,NA,0,-1,"barbera",194,13
0,0,NA,0,-1,"barbera",194,14
16,17,"Hue",0.83,1,NA,194,15
18,19,"Color",7.4399999999999995,1,NA,194,16
0,0,NA,0,-1,"grignolino",194,17
0,0,NA,0,-1,"barolo",194,18
0,0,NA,0,-1,"barbera",194,19
2,3,"Hue",0.855,1,NA,195,1
4,5,"Flav",1.58,1,NA,195,2
6,7,"Flav",2.31,1,NA,195,3
0,0,NA,0,-1,"barbera",195,4
0,0,NA,0,-1,"grignolino",195,5
8,9,"MalicAcid",2.895,1,NA,195,6
10,11,"Color",3.48,1,NA,195,7
0,0,NA,0,-1,"grignolino",195,8
0,0,NA,0,-1,"barbera",195,9
0,0,NA,0,-1,"grignolino",195,10
12,13,"Ash",1.9,1,NA,195,11
0,0,NA,0,-1,"grignolino",195,12
14,15,"MalicAcid",1.28,1,NA,195,13
0,0,NA,0,-1,"grignolino",195,14
16,17,"NonFlavPhenols",0.44499999999999995,1,NA,195,15
0,0,NA,0,-1,"barolo",195,16
18,19,"AlcAsh",26.75,1,NA,195,17
0,0,NA,0,-1,"barolo",195,18
0,0,NA,0,-1,"grignolino",195,19
2,3,"Flav",1.29,1,NA,196,1
4,5,"Hue",0.8580000000000001,1,NA,196,2
6,7,"Proline",724.5,1,NA,196,3
0,0,NA,0,-1,"barbera",196,4
8,9,"Flav",0.565,1,NA,196,5
10,11,"Hue",0.6299999999999999,1,NA,196,6
12,13,"Flav",2.255,1,NA,196,7
0,0,NA,0,-1,"barbera",196,8
0,0,NA,0,-1,"grignolino",196,9
0,0,NA,0,-1,"barbera",196,10
14,15,"Proline",679,1,NA,196,11
0,0,NA,0,-1,"grignolino",196,12
16,17,"Mg",135.5,1,NA,196,13
0,0,NA,0,-1,"grignolino",196,14
18,19,"Alcohol",12.98,1,NA,196,15
0,0,NA,0,-1,"barolo",196,16
0,0,NA,0,-1,"grignolino",196,17
0,0,NA,0,-1,"grignolino",196,18
0,0,NA,0,-1,"barolo",196,19
2,3,"Flav",0.9550000000000001,1,NA,197,1
4,5,"Ash",1.73,1,NA,197,2
6,7,"Flav",2.665,1,NA,197,3
0,0,NA,0,-1,"grignolino",197,4
0,0,NA,0,-1,"barbera",197,5
8,9,"Color",5.025,1,NA,197,6
10,11,"Alcohol",13.02,1,NA,197,7
12,13,"Mg",108.5,1,NA,197,8
14,15,"Flav",1.4,1,NA,197,9
0,0,NA,0,-1,"grignolino",197,10
16,17,"AlcAsh",23.75,1,NA,197,11
18,19,"AlcAsh",15.75,1,NA,197,12
20,21,"Hue",0.855,1,NA,197,13
0,0,NA,0,-1,"barbera",197,14
22,23,"Mg",98,1,NA,197,15
0,0,NA,0,-1,"barolo",197,16
0,0,NA,0,-1,"grignolino",197,17
0,0,NA,0,-1,"barolo",197,18
0,0,NA,0,-1,"grignolino",197,19
0,0,NA,0,-1,"barbera",197,20
24,25,"Mg",111,1,NA,197,21
0,0,NA,0,-1,"barolo",197,22
0,0,NA,0,-1,"grignolino",197,23
26,27,"OD",2.4,1,NA,197,24
0,0,NA,0,-1,"grignolino",197,25
0,0,NA,0,-1,"grignolino",197,26
0,0,NA,0,-1,"barolo",197,27
2,3,"Phenols",2.36,1,NA,198,1
4,5,"MalicAcid",2.5549999999999997,1,NA,198,2
6,7,"Proline",706.5,1,NA,198,3
8,9,"NonFlavPhenols",0.265,1,NA,198,4
10,11,"Alcohol",12.045,1,NA,198,5
12,13,"Alcohol",13.295,1,NA,198,6
14,15,"Flav",2.3,1,NA,198,7
16,17,"Color",4,1,NA,198,8
18,19,"MalicAcid",1.315,1,NA,198,9
0,0,NA,0,-1,"grignolino",198,10
20,21,"AlcAsh",17.25,1,NA,198,11
0,0,NA,0,-1,"grignolino",198,12
22,23,"Flav",2.085,1,NA,198,13
24,25,"Ash",2.17,1,NA,198,14
26,27,"Hue",1.28,1,NA,198,15
0,0,NA,0,-1,"grignolino",198,16
0,0,NA,0,-1,"barbera",198,17
28,29,"Hue",0.815,1,NA,198,18
0,0,NA,0,-1,"grignolino",198,19
0,0,NA,0,-1,"grignolino",198,20
30,31,"Mg",85.5,1,NA,198,21
0,0,NA,0,-1,"barbera",198,22
0,0,NA,0,-1,"grignolino",198,23
0,0,NA,0,-1,"barolo",198,24
0,0,NA,0,-1,"grignolino",198,25
0,0,NA,0,-1,"barolo",198,26
0,0,NA,0,-1,"grignolino",198,27
0,0,NA,0,-1,"barbera",198,28
0,0,NA,0,-1,"grignolino",198,29
32,33,"OD",1.67,1,NA,198,30
34,35,"Proline",422.5,1,NA,198,31
0,0,NA,0,-1,"barbera",198,32
0,0,NA,0,-1,"grignolino",198,33
0,0,NA,0,-1,"grignolino",198,34
0,0,NA,0,-1,"barbera",198,35
2,3,"Color",3.825,1,NA,199,1
4,5,"Hue",1.17,1,NA,199,2
6,7,"Proa",1.355,1,NA,199,3
0,0,NA,0,-1,"grignolino",199,4
8,9,"Proline",865,1,NA,199,5
10,11,"AlcAsh",17.4,1,NA,199,6
12,13,"Hue",0.78,1,NA,199,7
0,0,NA,0,-1,"grignolino",199,8
0,0,NA,0,-1,"barolo",199,9
14,15,"Ash",2.08,1,NA,199,10
16,17,"OD",2.9000000000000004,1,NA,199,11
0,0,NA,0,-1,"barbera",199,12
18,19,"Alcohol",13.04,1,NA,199,13
0,0,NA,0,-1,"grignolino",199,14
0,0,NA,0,-1,"barolo",199,15
0,0,NA,0,-1,"barbera",199,16
20,21,"Color",4.96,1,NA,199,17
22,23,"OD",3.385,1,NA,199,18
24,25,"MalicAcid",1.1800000000000002,1,NA,199,19
0,0,NA,0,-1,"grignolino",199,20
0,0,NA,0,-1,"barolo",199,21
0,0,NA,0,-1,"grignolino",199,22
0,0,NA,0,-1,"barolo",199,23
0,0,NA,0,-1,"grignolino",199,24
0,0,NA,0,-1,"barolo",199,25
2,3,"Proline",755,1,NA,200,1
4,5,"OD",2.19,1,NA,200,2
6,7,"Hue",0.7849999999999999,1,NA,200,3
8,9,"Proa",0.845,1,NA,200,4
10,11,"Alcohol",13.175,1,NA,200,5
0,0,NA,0,-1,"barbera",200,6
12,13,"Alcohol",12.405000000000001,1,NA,200,7
14,15,"Phenols",2.15,1,NA,200,8
16,17,"Mg",85.5,1,NA,200,9
18,19,"Color",4.525,1,NA,200,10
20,21,"Proa",1.8450000000000002,1,NA,200,11
0,0,NA,0,-1,"grignolino",200,12
22,23,"NonFlavPhenols",0.215,1,NA,200,13
0,0,NA,0,-1,"grignolino",200,14
0,0,NA,0,-1,"barbera",200,15
24,25,"AlcAsh",19.1,1,NA,200,16
0,0,NA,0,-1,"barbera",200,17
0,0,NA,0,-1,"grignolino",200,18
26,27,"Flav",1.25,1,NA,200,19
0,0,NA,0,-1,"barolo",200,20
0,0,NA,0,-1,"grignolino",200,21
28,29,"Ash",2.58,1,NA,200,22
0,0,NA,0,-1,"barolo",200,23
0,0,NA,0,-1,"barbera",200,24
0,0,NA,0,-1,"grignolino",200,25
0,0,NA,0,-1,"barbera",200,26
0,0,NA,0,-1,"grignolino",200,27
0,0,NA,0,-1,"barolo",200,28
0,0,NA,0,-1,"grignolino",200,29
